DATE,TARGET PRODUKSI OIL (RKAP),TARGET PRODUKSI OIL (WP&B),PROD OIL (SOT),PROD OIL (OPS),LIFTING OIL (DAILY),EXT OIL,Reparasi,Reopening,Stimulasi,Fracturing,Optimasi Lifting,WO OIL,BOR OIL,FIGURE GS-4 GROSS,FIGURE GS-4 OIL,FIGURE GS-1 GROSS,FIGURE GS-1 OIL,FIGURE GS-2 GROSS,FIGURE GS-2 OIL,FIGURE GS-3 GROSS,FIGURE GS-3 OIL,KONDENSAT (BBL),FIGURE PROD TOTAL GROSS,FIGURE PROD TOTAL OIL,PRODUCTION,PROD WATER,INJECTION WATER,SA,SB,ESP,INJEKSI,TOTAL,KETERANGAN LOW/GAIN/OFF,TARGET RKAP GAS,TARGET LIFTING RKAP,TARGET WP&B GAS,TARGET LIFTING WP&B,PROD GAS (MSCFD),FIGURE GS-4 GAS INJ,FIGURE GS-4 GAS OUT ASSO,FIGURE GS-4 GAS OUT NON ASSO,FIGURE GS-4 FIGURE PROD,FIGURE GS-1 GAS INJ,FIGURE GS-1 GAS OUT ASSO,FIGURE GS-1 GAS OUT NON ASSO,FIGURE GS-1 FIGURE PROD,FIGURE GS-2 GAS INJ,FIGURE GS-2 GAS OUT ASSO,FIGURE GS-2 GAS OUT NON ASSO,FIGURE GS-2 FIGURE PROD,FIGURE GS-3 GAS INJ,FIGURE GS-3 GAS OUT ASSO,FIGURE GS-3 GAS OUT NON ASSO,FIGURE GS-3 FIGURE PROD,FIGURE TOTAL GAS INJ,FIGURE TOTAL GAS OUT ASSO,FIGURE TOTAL GAS OUT NON ASSO,FIGURE TOTAL PROD,SKG BUNYU OPS UNIT,SKG BUNYU SUCTION,SKG BUNYU BYPASS,SKG BUNYU P DISCH,SKG BUNYU Q DISCH,SKG NIBUNG OPS UNIT,SKG NIBUNG SUCTION,SKG NIBUNG BYPASS,SKG NIBUNG P DISCH,SKG NIBUNG Q DISCH,TOTAL DISCHARGE SKG,INJEKSI GAS LIFT,OWN USE Utilities,OWN USE Fuel PLTG,OWN USE Fuel Dam Baung,OWN USE Fuel SKG Bunyu,OWN USE Fuel SKG Nibung,OWN USE PTL Tarakan,OWN USE Kondensat ,OWN USE Line Pack,OWN USE Total,SALES City Gas Tarakan,SALES City Gas Bunyu,SALES PLN Tarakan,SALES PLN Bunyu,TOTAL SALES,Flare Tarakan,Flare SKG Bunyu,Flare SKG Nibung,FLARE TOTAL,BOR GAS,EXT GAS,WO GAS,WI GAS,G-8,Binalatung,Kampung 1,City Gas Tarakan,Medco to City Gas,Medco to PLN,Sumur Injeksi Aktif,Tekanan Discharge Pompa,HPS,Garbarino,Keterangan Pompa Injeksi
2026-01-01,1976.6487184445118,1969.2790405479982,2275.043,2275.035,0.0,2275.035,0.0,0.0,0.0,0.0,0.0,0.0,0.0,9704.0,574.5,12814.75,853.2916666666666,5828.0,512.125,7524.0,299.0,36.0,35870.75,2274.9166666666665,33631.833333333336,33806.034666671636,33804.666666671634,9.0,43.0,14.0,29.0,66.0,"*Sumur Gain*
B-232 : 14 (+12) Gross Naik (+410) Prod. 24 jam, ex .imbangi tekanan jaringan perbaikan K#3 SKG Bunyu 
B-224 : 10 (+10) Gross Naik (+208) Pkl 11.00 buka sumur/GI ex imbangi tekanan jaringan perbaikan K#3 SKG Bunyu
B-229 : 11 (+8) Gross Naik (+397) Prod. 24 jam, ex .imbangi tekanan jaringan perbaikan K#3 SKG Bunyu 
B-231 : 11 (+8) Gross Naik (+300) Prod. 24 jam, ex .imbangi tekanan jaringan perbaikan K#3 SKG Bunyu 
B-233 : 7 (+6) Gross Naik (+10) Prod. 24 jam, ex .imbangi tekanan jaringan perbaikan K#3 SKG Bunyu 
BN-058 : 51 (+6) Gross Naik (+144) 
B-179 : 160 (+4) KA Turun (-0.6%) 
B-208 : 35 (+3) KA Turun (-2.7%) 
B-217 : 43 (+3) KA Turun (-1.1%) 
BN-018 : 118 (+3) KA Turun (-0.1%) 
B-214 : 29 (+3) Gross Naik (+3) 
BN-038 : 13 (+2) KA Turun (-0.5%) 
BN-022 : 21 (+2) Gross Naik (+175) 
B-219 : 50 (+1) KA Turun (-0.3%) 

*Sumur Low*
B-149 : 5 (-16) KA Naik (+1.7%) 
B-173 : 24 (-6) Gross Turun (-61) 
B-206 : 24 (-5) KA Naik (+1.9%) 
B-239 : 5 (-3) Gross Turun (-21) 
BN-024 : 19 (-2) Gross Turun (-444) ",8297.84672314088,5327.217596256445,7630.46424424061,4898.758044802472,8875.764300000003,4584.0,6012.0,180.0,1608.0,6526.625,9583.625,1079.0,4136.0,2188.0,2911.0,1637.0,2360.0,3494.0,3847.5,625.0,978.5,16792.625,22354.125,3521.0,9082.5,3.0,15.9,0.0,400.0,17812.212,4.0,25.0,0.0,310.7083333333333,29660.3625,47472.5745,21020.948200000003,156.35,356.51,80.0,1289.5293,573.875,342.9,0.0,91.60000000000127,2890.764300000001,252.4,75.1,5278.5,348.0,5954.0,31.0,0.0,0.0,31.0,0.0,8875.764300000003,0.0,0.0,1.6299,1.2265,2.4221,0.2524,0.3,1.1247,29.0,580.0,3.0,0,
2026-01-02,1976.6487184445118,1969.2790405479982,2268.027,2268.035,0.0,2268.035,0.0,0.0,0.0,0.0,0.0,0.0,0.0,9369.583333333334,547.5833333333334,12973.75,862.5,5731.25,512.875,7469.708333333333,306.5,39.0,35544.29166666667,2268.4583333333335,33314.833333333336,33513.57766665673,33551.54166665673,9.0,43.0,14.0,29.0,66.0,"*Sumur Low*
B-194 : 86 (-16) Gross Turun (-235) 
B-208 : 30 (-5) Gross Turun (-75) 
BN-018 : 113 (-5) Gross Turun (-108) Pkl 15.16 manual esp off due to flowline leak. Pkl 16.06 manual start 70 Hz step by step increase to 98 Hz 
BN-015 : 71 (-4) KA Naik (+0.8%) 
B-195 : 13 (-4) Gross Turun (-45) 
BN-017 : 19 (-4) KA Naik (+3.4%) 
BN-039 : 45 (-3) KA Naik (+0.1%) 
B-140 : 19 (-3) Gross Turun (-104)

*Sumur Gain*
B-224 : 19 (+9) Gross Naik (+176) Prod. 24 jam, ex .imbangi tekanan jaringan perbaikan K#3 SKG Bunyu 
B-173 : 27 (+3) Gross Naik (+8) 
B-216 : 32 (+3) KA Turun (-0.6%) 
B-185 : 31 (+3) KA Turun (-0.3%) 
B-169 : 35 (+3) Gross Naik (+97) 
B-144 : 24 (+3) KA Turun (-0.3%) 
B-214 : 32 (+3) Gross Naik (+3) 
B-191 : 65 (+2) KA Turun (-1.3%) 
B-132 : 42 (+2) KA Turun (-0.3%) 
B-196 : 122 (+2) Gross Naik (+3) 
BN-058 : 53 (+2) KA Turun (-0.4%)",8297.84672314088,5327.217596256445,7630.46424424061,4898.758044802472,8839.0,4584.0,6048.5,180.0,1644.5,6660.0,9625.0,1079.0,4044.0,2188.0,2829.0,1637.0,2278.0,3494.0,3791.541666666667,625.0,922.541666666667,16926.0,22294.041666666668,3521.0,8889.041666666668,3.0,15.6,0.0,401.0,17813.8629,4.0,25.0,124.736,298.3333333333333,29635.3283,47449.1912,21031.9033,155.575,352.224,80.0,1297.551,573.25,344.8,0.0,68.10000000000036,2871.5000000000005,313.5,80.60000000000001,5179.3,360.9,5934.3,33.2,0.0,0.0,33.2,0.0,8839.0,0.0,0.0,1.3416,1.3157,2.522,0.3135,0.3,1.1001,29.0,554.0,4.0,0,"HPS 2 Pkl. 09.30 - 14.30 Start Pompa Freq 47 Hz Pkl. 14.30 Stop pompa, problem Over Temperatur pada VSD  HPS 3 Pkl. 09.30 - 16.30 Stop pompa  HPS 4 Pkl. 14.30 - 16.30 Stop pompa"
2026-01-03,1976.6487184445118,1969.2790405479982,2244.038,2244.051,0.0,2244.051,0.0,0.0,0.0,0.0,0.0,0.0,0.0,9228.0,522.5,12946.75,843.5,5764.0,509.625,8074.5,322.5,46.0,36013.25,2244.125,33815.125,33967.542,34089.75,9.0,43.0,14.0,29.0,66.0,"*Sumur Low*
B-194 : 59 (-27) KA Naik (+1.6%) 
B-225 : 16 (-26) KA Naik (+3.3%) 
BN-017 : 17 (-3) KA Naik (+2.9%) Pkl 10.45 update GI 531 Mscfd
B-146 : 30 (-3) KA Naik (+4.8%) 
B-213 : 40 (-3) Gross Turun (-16) 
B-173 : 24 (-3) Gross Turun (-14) 
BN-015 : 69 (-2) KA Naik (+0.9%) 
B-239 : 3 (-2) KA Naik (+4.5%) Pkl 17.00 update GI di 525 Mscfd 
BN-018 : 112 (-1) KA Naik (+0.1%) Prod. 24 jam, ex. Manual start

*Sumur Gain*
B-149 : 11 (+6) Gross Naik (+636) 
B-243 : 88 (+6) KA Turun (-0.2%) 
B-199 : 142 (+6) KA Turun (-0.9%) 
B-231 : 16 (+5) KA Turun (-1.5%) 
B-125 : 32 (+3) KA Turun (-0.3%) 
B-198 : 77 (+3) KA Turun (-0.4%) 
B-081 : 53 (+3) KA Turun (-0.2%) 
BN-022 : 24 (+3) Gross Naik (+59) 
B-229 : 13 (+2) KA Turun (-0.8%) 
B-233 : 8 (+1) Gross Naik (+3)",8297.84672314088,5327.217596256445,7630.46424424061,4898.758044802472,8385.1041,4517.0,6082.0,180.0,1745.0,6660.0,9659.0,1079.0,4078.0,2393.0,2998.0,1589.0,2194.0,3494.0,3819.125,625.0,950.125,17064.0,22558.125,3473.0,8967.125,3.0,15.9,0.0,402.0,18109.2271,4.0,25.0,47.229,297.9583333333333,29977.6693,48086.8964,21828.465200000002,155.9,338.268,80.0,1289.4194,574.4167,334.8,0.0,62.5,2835.3041000000003,335.6,82.3,4745.0,350.4,5513.299999999999,36.5,0.0,0.0,36.5,0.0,8385.1041,0.0,0.0,0.6699,1.5023,2.5728,0.3356,0.3,1.0678,29.0,552.0,4.0,0,HPS2 2 Pkl. 09.00 Start pompa frq 45 Hz  HPS 4 Pkl. 09.00 Stop
2026-01-04,1976.6487184445118,1969.2790405479982,2255.066,2255.087,0.0,2255.087,0.0,0.0,0.0,0.0,0.0,0.0,0.0,9601.41304347826,535.1195652173913,12951.75,842.5,5490.0,507.625,7949.333333333333,324.0,46.0,35992.49637681159,2255.244565217391,33783.2518115942,33873.37933334327,33919.58333334327,9.0,43.0,14.0,29.0,66.0,"*Sumur Gain*
B-194 : 66 (+7) KA Turun (-0.4%) 
B-173 : 29 (+5) Gross Naik (+24) 
BN-018 : 117 (+5) Gross Naik (+111) 
BN-039 : 49 (+4) KA Turun (-0.1%) 
B-237 : 57 (+4) Gross Naik (+15) 
B-102 : 10 (+4) KA Turun (-2.6%) 
BN-058 : 57 (+4) KA Turun (-0.7%) 
B-149 : 15 (+4) KA Turun (-0.3%) 
B-206 : 27 (+3) KA Turun (-1.3%) 
B-229 : 16 (+3) KA Turun (-0.8%) 
BN-017 : 18 (+1) Gross Naik (+15) 

*Sumur Low*
B-140 : 13 (-6) Gross Turun (-314) 
B-132 : 37 (-5) Gross Turun (-103) 
B-181 : 37 (-4) KA Naik (+0.2%) 
B-208 : 27 (-3) KA Naik (+3.4%) 
BN-024 : 16 (-3) KA Naik (+1.4%) 
B-217 : 40 (-3) KA Naik (+1.1%) 
B-169 : 32 (-3) Gross Turun (-88) 
B-144 : 21 (-3) KA Naik (+0.3%) 
B-219 : 48 (-2) Gross Turun (-14) ",8297.84672314088,5327.217596256445,7630.46424424061,4898.758044802472,8509.0444,4517.0,6109.652173913044,180.0,1772.652173913044,6660.0,9676.0,1079.0,4095.0,2393.0,3044.0,1589.0,2240.0,3494.0,3818.4375,625.0,949.4375,17064.0,22648.089673913044,3473.0,9057.089673913044,3.0,16.0,0.0,402.0,18085.3534,4.0,24.916666666666668,0.0,283.2916666666667,30169.299400000004,48254.6528,21895.755,155.5,353.236,80.0,1297.2751,572.8333,329.5,0.0,45.899999999999636,2834.2443999999996,315.40000000000003,81.8,4889.8,351.1,5638.1,36.7,0.0,0.0,36.7,0.0,8509.0444,0.0,0.0,1.1637,1.5148,2.2113,0.3154,0.3,1.084,29.0,563.0,3.0,0,
2026-01-05,1976.6487184445118,1969.2790405479982,2260.032,2260.049,0.0,2260.049,0.0,0.0,0.0,0.0,0.0,0.0,0.0,9508.66304347826,541.6195652173913,13254.5,855.875,5517.875,501.4375,8625.25,315.25,46.0,36906.28804347826,2260.182065217391,34692.105978260865,34733.046,34871.25,8.0,44.0,14.0,29.0,66.0,"*Sumur Gain*
B-211 : 31 (+6) KA Turun (-9.1%) 
B-194 : 71 (+6) KA Turun (-0.6%) 
B-236 : 54 (+5) KA Turun (-1%) 
B-234 : 85 (+5) KA Turun (-2.1%) 
BN-015 : 72 (+3) Gross Naik (+14) 
B-179 : 163 (+3) Gross Naik (+36) 
B-232 : 17 (+3) KA Turun (-0.6%) 
BN-022 : 27 (+3) KA Turun (-0.8%) 
B-136 : 41 (+2) Gross Naik (+118) 
B-199 : 144 (+2) KA Turun (-0.5%) 
BN-017 : 19 (+1) KA Turun (-1.8%) 

*Sumur Low*
B-132 : 29 (-8) Gross Turun (-155) 
B-196 : 114 (-8) KA Naik (+2.5%) 
B-214 : 27 (-5) Gross Turun (-6) 
B-173 : 24 (-5) Gross Turun (-21) 
B-216 : 29 (-3) KA Naik (+0.5%) 
B-224 : 16 (-3) KA Naik (+0.5%) 
B-160 : 69 (-2) KA Naik (+0.1%) ",8297.84672314088,5327.217596256445,7630.46424424061,4898.758044802472,8318.1889,4517.0,6333.652173913044,128.0,1944.652173913044,7030.0,10037.0,759.0,3766.0,2393.0,3054.0,1508.0,2169.0,3494.0,3734.0,477.0,717.0,17434.0,23158.652173913044,2872.0,8596.652173913044,3.0,16.0,0.0,400.0,18172.1707,4.0,24.791666666666668,117.386,267.7916666666667,30257.050099999997,48429.220799999996,22173.961199999998,155.1,347.9,80.0,1287.2556,573.3333,333.6,0.0,22.299999999999272,2799.488899999999,334.7,85.1,4727.1,336.6,5483.500000000001,35.2,0.0,0.0,35.2,0.0,8318.1889,0.0,0.0,0.6736,1.5132,2.5403,0.3347,0.3,1.1367,29.0,570.0,3.0,0,
2026-01-06,1976.6487184445118,1969.2790405479982,2240.069,2240.076,0.0,2240.076,0.0,0.0,0.0,0.0,0.0,0.0,0.0,9498.125,546.625,12960.5,850.625,5317.9375,492.96875,8445.75,296.75,53.0,36222.3125,2239.96875,34035.34375,35183.96433332837,35207.208333328366,8.0,44.0,14.0,29.0,66.0,"*Sumur Low*
B-196 : 101 (-13) KA Naik (+5.9%) 
B-198 : 66 (-11) Gross Turun (-91) 
B-159 : 11 (-10) Gross Turun (-14) 
B-140 : 6 (-8) Gross Turun (-218) Pkl 17.00 bean up ke SB OF dan update GI 216 Mscfd
B-081 : 48 (-5) KA Naik (+0.3%) 
B-185 : 26 (-4) Gross Turun (-165) Pkl 10.20 - 15.30 tutup sumur/GI, program penyisipan gasline
BN-017 : 17 (-3) KA Naik (+2.1%) 
B-169 : 30 (-3) KA Naik (+0.5%) 
B-147 : 13 (-3) KA Naik (+0.2%) 
BN-038 : 11 (-2) KA Naik (+0.6%) 
BN-018 : 115 (-2) Gross Turun (-151)

*Sumur Gain*
B-194 : 77 (+6) KA Turun (-0.4%) 
B-234 : 90 (+6) KA Turun (-2.3%) 
BN-024 : 21 (+5) Gross Naik (+110) 
B-229 : 21 (+5) KA Turun (-0.7%) 
BN-058 : 61 (+4) Gross Naik (+21) 
B-146 : 32 (+3) KA Turun (-2.1%) 
B-173 : 27 (+3) KA Turun (-10.1%) 
B-213 : 42 (+2) KA Turun (-4.9%) 
B-203 : 10 (+2) Gross Naik (+21) 
B-206 : 27 (+1) KA Turun (-1%)",8297.84672314088,5327.217596256445,7630.46424424061,4898.758044802472,8569.5116,4517.0,6340.0,128.0,1951.0,6959.5,10163.5,759.0,3963.0,2321.5,2906.5,1431.0,2016.0,3494.0,3736.0,477.0,719.0,17292.0,23146.0,2795.0,8649.0,3.0,16.0,0.0,402.0,18085.9675,4.0,24.875,26.415,260.0416666666667,30023.658799999997,48109.626299999996,21689.7222,155.575,349.372,80.0,1290.6563,572.7083,339.3,0.0,88.89999999999964,2876.5116,338.5,84.0,4812.8,331.4,5566.7,126.3,0.0,0.0,126.3,0.0,8569.5116,0.0,0.0,0.768,1.5533,2.4915,0.3385,0.3,0.8647,29.0,572.0,3.0,0,
2026-01-07,1976.6487184445118,1969.2790405479982,2260.092,2260.072,0.0,2260.072,0.0,0.0,0.0,0.0,0.0,0.0,0.0,9465.0625,543.5625,13087.625,860.375,5193.9375,494.46875,8374.25,310.75,51.0,36120.875,2260.15625,33911.71875,34089.412333343265,34164.70833334327,8.0,45.0,14.0,29.0,67.0,"*Sumur Gain*
B-185 : 38 (+12) KA Turun (-4.9%) Prod. 24 jam, ex. Tutup sumur/gas injeksi, program penyisipan gasline
B-132 : 35 (+6) KA Turun (-3.7%) 
B-196 : 106 (+5) KA Turun (-4.9%) 
B-214 : 32 (+5) Gross Naik (+6) 
B-227 : 12 (+4) Gross Naik (+26) 
B-243 : 92 (+4) KA Turun (-0.1%) 
BN-039 : 53 (+4) KA Turun (-0.2%) 
B-149 : 19 (+4) KA Turun (-0.3%) 
B-216 : 32 (+3) Gross Naik (+42) 
B-194 : 80 (+3) KA Turun (-0.5%) 
BN-015 : 74 (+2) KA Turun (-2%) 
B-208 : 29 (+2) KA Turun (-0.3%) 

*Sumur Low*
B-173 : 18 (-9) KA Naik (+25.9%) Pkl 00.00 - 06.00 stop motor overlod, manual start kick mode. Pkl 06.05 program upfreq 30 Hz to 58 Hz in 1 hour
B-125 : 27 (-5) KA Naik (+0.5%) 
BN-058 : 56 (-5) Gross Turun (-29) 
B-191 : 61 (-4) KA Naik (+3.6%) 
BN-022 : 24 (-3) KA Naik (+0.3%) 
B-231 : 13 (-3) Gross Turun (-88) 
B-195 : 11 (-2) KA Naik (+0.5%) 
B-140 : 5 (-1) Gross Turun (-51) Prod. 24 jam, ex. bean up",8297.84672314088,5327.217596256445,7630.46424424061,4898.758044802472,8369.453,4517.0,6027.25,128.0,1638.25,7206.625,10320.625,759.0,3873.0,2250.0,2833.0,1445.0,2028.0,3494.0,3736.0,477.0,719.0,17467.625,22916.875,2809.0,8258.25,3.0,16.0,0.0,402.0,18083.3715,4.0,24.791666666666668,0.0,255.41666666666666,30088.016200000002,48171.38770000001,21953.9882,155.425,347.678,80.0,1285.5583,571.7917,348.2,0.0,21.799999999999272,2810.452999999999,651.3,87.0,4145.5,352.1,5235.900000000001,323.1,0.0,0.0,323.1,0.0,8369.453,0.0,0.0,0.768,1.5533,2.4915,0.3385,0.3,0.8647,29.0,558.0,3.0,0,
2026-01-08,1976.6487184445118,1969.2790405479982,2262.069,2262.062,0.0,2262.062,0.0,0.0,0.0,0.0,0.0,0.0,0.0,9469.0,550.5,12926.0625,846.9375,5059.96875,509.734375,8354.75,304.75,50.0,35809.78125,2261.921875,33597.859375,33681.848,33752.0,8.0,45.0,14.0,29.0,67.0,"*Sumur Gain*
B-196 : 112 (+6) Gross Naik (+16) 
B-125 : 32 (+5) KA Turun (-0.9%) 
B-234 : 96 (+5) KA Turun (-5.4%) 
B-237 : 61 (+4) Gross Naik (+15) 
B-173 : 21 (+3) Gross Naik (+22) Prod. 24 jam, ex. Stop motor overlod, manual start kick mode. Ex. Upfreq
B-219 : 51 (+3) KA Turun (-0.6%) 
B-194 : 83 (+3) KA Turun (-0.7%) 
BN-038 : 13 (+2) KA Turun (-0.4%) 
B-239 : 5 (+2) KA Turun (-9.7%) 
B-206 : 29 (+2) KA Turun (-0.4%) 

*Sumur Low*
B-236 : 46 (-8) Gross Turun (-35) 
B-081 : 42 (-6) KA Naik (+0.5%) 
B-102 : 4 (-6) Gross Turun (-52) Pkl 09.00 tutup sumur, kosongkan jalur flowline dan gasline (Program WO)
B-229 : 16 (-5) KA Naik (+0.8%) 
B-198 : 63 (-3) Gross Turun (-54) 
B-214 : 29 (-3) Gross Turun (-3) 
BN-017 : 16 (-1) KA Naik (+0.4%) 
B-169 : 29 (-1) Gross Turun (-8) ",8297.84672314088,5327.217596256445,7630.46424424061,4898.758044802472,8728.9375,4517.0,6042.0,128.0,1653.0,7246.0,10305.375,759.0,3818.375,2250.0,2776.0,1542.0,2068.0,3494.0,3735.0,477.0,718.0,17507.0,22858.375,2906.0,8257.375,3.0,16.0,0.0,402.0,17982.1737,4.0,24.958333333333332,0.0,256.7916666666667,29946.1819,47928.355599999995,21452.7444,155.5,357.117,80.0,1289.9038,572.9167,343.7,0.0,53.0,2852.1375,454.7,88.3,4718.5,357.4,5618.9,257.90000000000003,0.0,0.0,257.90000000000003,0.0,8728.9375,0.0,0.0,0.6764,1.5377,2.5044,0.4547,0.20130000000000003,0.0,29.0,540.0,3.0,0,
2026-01-09,1976.6487184445118,1969.2790405479982,2240.059,2240.062,0.0,2240.062,0.0,0.0,0.0,0.0,0.0,0.0,0.0,10012.020833333332,537.5,12931.75,854.375,4920.96875,490.734375,8253.75,304.75,53.0,36118.48958333333,2240.359375,33931.13020833333,34153.18366665673,34142.66666665673,8.0,46.0,14.0,29.0,68.0,"*Sumur Low*
B-194 : 69 (-14) KA Naik (+1.8%) 
B-196 : 101 (-11) Gross Turun (-16) 
B-140 : 0 (-5) KA Naik (+4.7%) Prod. 24 jam, ex. bean up
B-102 : 0 (-4) Gross Turun (-31) Shut in 24 jam, (Program WO)
B-214 : 25 (-4) Gross Turun (-3) Pkl 15.00 ukur GI 444 Mscfd
B-146 : 28 (-4) KA Naik (+1.6%) 
BN-018 : 112 (-3) KA Naik (+0.2%) 
B-216 : 29 (-3) KA Naik (+0.6%) 
B-147 : 11 (-2) Gross Turun (-107) 
B-173 : 19 (-2) Gross Turun (-5)

*Sumur Gain*
B-225 : 24 (+8) KA Turun (-0.8%) 
BN-058 : 61 (+5) KA Turun (-2%) 
B-198 : 66 (+3) Gross Naik (+51) 
BN-017 : 19 (+3) KA Turun (-2.8%) 
B-181 : 40 (+3) KA Turun (-0.4%) 
B-208 : 32 (+3) Gross Naik (+297) Pkl 15.50 ukur GI 450 Mscfd
B-149 : 21 (+2) KA Turun (-0.3%) Pkl 10.37 ukur GI 528 Mscfd",8297.84672314088,5327.217596256445,7630.46424424061,4898.758044802472,8390.003400000001,4748.75,6661.020833333333,128.0,2040.270833333333,7031.0,10033.0,759.0,3761.0,2333.0,2847.0,1542.0,2056.0,3536.0,3865.0,477.0,806.0,17648.75,23406.020833333332,2906.0,8663.270833333332,3.0,16.0,0.0,399.0,17943.6976,4.0,25.0,0.0,281.7916666666667,29945.7768,47889.4744,21791.0984,155.325,361.228,80.0,1287.1171,572.3333,343.1,0.0,5.800000000000182,2804.9033999999997,342.6,87.6,4854.799999999999,265.6,5550.599999999999,34.5,0.0,0.0,34.5,0.0,8390.003400000001,0.0,0.0,0.7421,1.51,2.6027,0.3426,0.3,1.1527,29.0,560.0,4.0,0,"HPS 3 Pkl. 16.00 Swicth ke HPS 4 Pkl. 16.00 naikkan frq HPS 1, 2, dan 4 ke 47 Hz"
2026-01-10,1976.6487184445118,1969.2790405479982,2260.077,2260.082,0.0,2260.082,0.0,0.0,0.0,0.0,0.0,0.0,0.0,10088.5,554.75,12332.5625,849.0,5022.734375000001,505.6588541666667,9354.75,298.29166666666663,52.0,36798.546875,2259.7005208333335,34590.846354166664,34726.3160000149,34704.5000000149,8.0,45.0,14.0,29.0,67.0,"*Sumur Gain*
B-173 : 24 (+5) KA Turun (-11.9%) 
B-195 : 16 (+5) KA Turun (-2.3%) 
B-125 : 37 (+5) Gross Naik (+90) 
B-196 : 105 (+4) Gross Naik (+6) 
B-234 : 100 (+4) KA Turun (-1.1%) 
BN-022 : 27 (+3) Gross Naik (+64) 
BN-015 : 77 (+3) KA Turun (-0.6%) 
BN-039 : 56 (+3) KA Turun (-0.1%) 
BN-017 : 22 (+3) Gross Naik (+20) 
B-208 : 35 (+3) KA Turun (-0.8%) 
B-132 : 37 (+2) Gross Naik (+13) 

*Sumur Low*
B-229 : 10 (-6) KA Naik (+1.4%) 
B-179 : 158 (-5) Gross Turun (-34) 
B-185 : 34 (-5) Gross Turun (-51) 
B-144 : 19 (-2) Gross Turun (-136) 
B-214 : 24 (-1) KA Naik (+9.7%) 
B-233 : 8 (-1) Gross Turun (-1) PKl 16.40 - 18.10 tutup sumur/GI imbangki tekanan perbaikan KN-1 SKG Nibung
B-203 : 9 (-1) Gross Turun (-8) PKl 16.40 - 18.10 tutup sumur/GI imbangki tekanan perbaikan KN-1 SKG Nibung",8297.84672314088,5327.217596256445,7630.46424424061,4898.758044802472,8109.4475,4915.0,6609.5,128.0,1822.5,5807.375,8442.5,759.0,3394.125,2302.125,2814.125,1545.0,2057.0,3997.3125,4326.3125,477.0,806.0,17021.8125,22192.4375,2909.0,8079.625,3.0,16.0,0.0,397.0,17972.7858,4.0,25.0,0.0,274.0833333333333,29589.6333,47562.4191,21715.5858,155.4,355.609,80.0,1286.5468,575.2917,336.8,0.0,-33.0,2756.6475,341.5,85.0,4514.7,353.5,5294.7,58.1,0.0,0.0,58.1,0.0,8109.4475,0.0,0.0,0.4253,1.5349,2.5265,0.3415,0.3,0.6896,29.0,577.0,4.0,0,
2026-01-11,1976.6487184445118,1969.2790405479982,2265.054,2265.06,0.0,2246.56,0.0,0.0,0.0,0.0,0.0,18.5,0.0,10010.0,554.75,12045.812499999998,839.0416666666666,5055.484375000001,503.5338541666667,9789.46527777778,316.36805555555554,51.0,36900.76215277778,2264.6935763888887,34687.06857638889,34805.21933334326,34872.95833334327,8.0,44.0,14.0,29.0,66.0,"*Sumur Gain*
 B-096 : 11 (+11) KA Turun (-1.2%) Prod. 24 jam, ex. start sumur
B-151 : 8 (+8) KA Turun (-0.9%) Prod. 24 jam, ex. Start sumur
B-213 : 50 (+8) KA Turun (-3.9%) 
B-196 : 110 (+5) KA Turun (-2.6%) 
B-232 : 21 (+4) KA Turun (-1.4%) 
B-199 : 148 (+4) KA Turun (-0.2%) 
B-169 : 32 (+3) Gross Naik (+32) 
B-231 : 16 (+3) KA Turun (-0.8%) 
B-173 : 27 (+3) Gross Naik (+8) 

*Sumur Low*
B-207 : 10 (-14) Gross Turun (-48) 
BN-038 : 8 (-5) KA Naik (+1.1%) 
B-243 : 88 (-4) Gross Turun (-99) 
BN-015 : 73 (-4) KA Naik (+2.1%) 
BN-053 : 0 (-3) Gross Turun (-5) 
B-186 : 13 (-3) Gross Turun (-6) Pkl 07.00 - 11.00 tutup sumur/GI imbangi tekanan jaringan perbaikan KN-1 SKG Nibung
B-229 : 8 (-2) Gross Turun (-69) Pkl 07.10 - 11.10 tutup sumur/GI imbangi tekanan jaringan perbaikan KN-1 SKG Nibung
B-194 : 67 (-2) KA Naik (+0.4%) 
B-159 : 9 (-2) Gross Turun (-2) Pkl 06.50 - 10.50 tutup sumur/GI imbangi tekanan jaringan perbaikan KN-1 SKG Nibung
BN-058 : 59 (-2) KA Naik (+1.4%) 
B-233 : 7 (-1) Gross Turun (-2) Pkl 07.15 - 10.45 tutup sumur/GI imbangi tekanan jaringan perbaikan KN-1 SKG Nibung
B-203 : 9 (-1) Gross Turun (-8) Pkl 07.20 - 10.30 tutup sumur/GI imbangi tekanan jaringan perbaikan KN-1 SKG Nibung
B-239 : 4 (-1) Gross Turun (-4) Pkl 06.40 - 10.40 tutup sumur/GI imbangi tekanan jaringan perbaikan KN-1 SKG Nibung",8297.84672314088,5327.217596256445,7630.46424424061,4898.758044802472,8159.435299999998,4915.0,6390.0,128.0,1603.0,5710.791666666666,8275.854166666668,759.0,3324.062500000002,2209.5,2730.5,1573.0,2094.0,3943.6388888888887,4272.638888888889,523.0,852.0,16778.930555555555,21668.993055555555,2983.0,7873.062500000002,3.0,16.1,0.0,399.0,18008.5189,4.0,25.0,129.873,257.25,29441.1247,47449.643599999996,21517.7644,156.075,373.162,80.0,1279.565,572.8333,331.0,0.0,-35.30000000000018,2757.3352999999997,322.29999999999995,84.3,4600.9,355.4,5362.9,39.199999999999996,0.0,0.0,39.199999999999996,0.0,8159.435299999998,0.0,0.0,0.5855,1.4974,2.518,0.3223,0.3,0.9809,29.0,590.0,4.0,0,
2026-01-12,1976.6487184445118,1969.2790405479982,2437.059,2437.064,0.0,2273.064,0.0,0.0,0.0,0.0,0.0,164.0,0.0,10308.5,546.5,12139.833333333332,844.2916666666667,5274.734375,521.8671875,9583.208333333332,475.2916666666667,50.0,37306.276041666664,2437.9505208333335,34918.32552083333,35192.74966667163,35142.916666671634,8.0,44.0,14.0,29.0,66.0,"*Sumur Gain*
B-151 : 143 (+135) KA Turun (-20.4%) Jam 18:00 Bean Down dari SB OF ke SB 28
B-140 : 11 (+11) KA Turun (-5.1%) Prod. 24 jam, ex. Tutup sumur/gas injeksi, imbangi tekanan jaringan perbaikan KN-1 SKG Nibung
 B-096 : 21 (+11) KA Turun (-1.2%) 
B-198 : 74 (+8) KA Turun (-3.1%) 
B-207 : 17 (+7) Gross Naik (+14) Jam 16.00 GI 274 Mscfd
B-239 : 11 (+7) Gross Naik (+34) Prod. 24 jam, ex. Tutup sumur/gas injeksi, imbangi tekanan jaringan perbaikan KN-1 SKG Nibung
B-186 : 16 (+3) Gross Naik (+6) Prod. 24 jam, ex. Tutup sumur/gas injeksi, imbangi tekanan jaringan perbaikan KN-1 SKG Nibung
B-214 : 27 (+3) Gross Naik (+3) 
B-229 : 10 (+2) Gross Naik (+69) Prod. 24 jam, ex. Tutup sumur/gas injeksi, imbangi tekanan jaringan perbaikan KN-1 SKG Nibung
B-159 : 11 (+2) Gross Naik (+2) Prod. 24 jam, ex. Tutup sumur/gas injeksi, imbangi tekanan jaringan perbaikan KN-1 SKG Nibung
B-144 : 21 (+2) KA Turun (-0.3%) 
B-160 : 71 (+2) KA Turun (-0.1%) 
BN-024 : 23 (+2) Gross Naik (+91) 
B-233 : 8 (+1) Gross Naik (+3) Prod. 24 jam, ex. Tutup sumur/gas injeksi, imbangi tekanan jaringan perbaikan KN-1 SKG Nibung
B-219 : 52 (+1) Gross Naik (+55) 
B-173 : 28 (+1) KA Turun (-5.1%) 

*Sumur Low*
B-208 : 24 (-11) Gross Turun (-144) 
B-237 : 56 (-5) KA Naik (+5.8%) 
B-196 : 106 (-4) KA Naik (+0.8%) 
B-081 : 39 (-3) Gross Turun (-51) ",8297.84672314088,5327.217596256445,7630.46424424061,4898.758044802472,7924.4654,4915.0,6408.0,128.0,1621.0,5871.0,8413.0,759.0,3301.0,2278.0,2779.0,1573.0,2074.0,4081.1666666666665,4436.166666666666,523.0,877.9999999999995,17145.166666666664,22036.166666666664,2983.0,7874.0,3.0,16.4,0.0,400.0,18259.3541,4.0,25.0,0.0,255.70833333333334,30344.8331,48604.1872,22655.692699999996,155.325,376.45,80.0,1276.7821,571.2083,254.5,0.0,-95.30000000000018,2618.9654,330.1,83.4,4468.200000000001,391.0,5272.700000000001,32.800000000000004,0.0,0.0,32.800000000000004,0.0,7898.298762915926,26.166637084074168,0.0,0.4564,1.5252,2.4866,0.3301,0.3,1.0663,29.0,582.0,3.0,0,
2026-01-13,1976.6487184445118,1969.2790405479982,2327.026,2327.038,0.0,2267.3713333333335,0.0,0.0,0.0,0.0,0.0,59.66666666666667,0.0,10238.5,540.5,12228.333333333332,835.4166666666667,5416.3671875,534.43359375,9330.041666666666,363.9583333333333,55.0,37213.2421875,2329.30859375,34938.93359375,35180.244,35193.0,8.0,44.0,14.0,29.0,66.0,"*Sumur Low*
B-151 : 31 (-112) KA Naik (+11.8%) Jam 08.00 BU dari SB28 ke SB33. Jam 10.55 ukur GI di 421 mscfd. Jam 19.40 aliran gas, BU ke SBOF aliran AA
B-194 : 59 (-8) Gross Turun (-88) 
B-132 : 29 (-8) KA Naik (+2%) 
B-179 : 151 (-6) KA Naik (+0.2%) 
B-208 : 21 (-3) Gross Turun (-67) 
B-185 : 31 (-3) KA Naik (+3.8%) 
B-236 : 43 (-3) KA Naik (+1.3%) 
BN-017 : 19 (-3) KA Naik (+2.7%)

*Sumur Gain*
 B-096 : 29 (+8) KA Turun (-0.5%) 
B-234 : 107 (+7) Gross Naik (+27) 
B-199 : 152 (+4) Gross Naik (+57) 
B-173 : 32 (+4) Gross Naik (+10) 
B-196 : 109 (+3) KA Turun (-2%) 
B-191 : 64 (+3) KA Turun (-2.2%) 
B-140 : 13 (+2) Gross Naik (+112) 
B-229 : 11 (+1) KA Turun (-0.1%) 
B-214 : 27 (+1) KA Turun (-3.3%)",8297.84672314088,5327.217596256445,7630.46424424061,4898.758044802472,7782.2901,4912.0,6359.0,128.0,1575.0,5871.0,8402.0,759.0,3290.0,2278.0,2800.0,1574.0,2096.0,3993.8333333333335,4285.270833333333,523.0,814.4374999999995,17054.833333333336,21846.270833333332,2984.0,7775.4375,3.0,16.5,0.0,399.0,18165.8981,4.0,24.958333333333332,0.0,244.29166666666666,30045.7612,48211.6593,22498.5961,155.125,365.961,80.0,1289.1708,569.3333,347.5,0.0,-159.69999999999982,2647.3901000000005,327.1,83.0,4336.2,355.2,5101.5,33.4,0.0,0.0,33.4,0.0,7774.283049489981,8.007050510019534,0.0,0.5393,1.4961,2.3008,0.3271,0.3,1.1003,29.0,587.0,3.0,0,
2026-01-14,1976.6487184445118,1969.2790405479982,2474.053,2474.078,0.0,2246.578,0.0,0.0,0.0,0.0,0.0,227.5,0.0,10024.0,529.0,12325.083333333332,837.1666666666667,5457.3671875,522.43359375,10078.208333333332,530.7916666666667,56.0,37884.658854166664,2475.3919270833335,35465.26692708333,35762.35999999999,35619.5,8.0,44.0,13.0,29.0,65.0,"*Sumur Gain*
B-151 : 199 (+168) Gross Naik (+648) Prod. 24 jam, ex. Bean up
B-169 : 38 (+6) Gross Naik (+83) 
B-213 : 55 (+5) Gross Naik (+34) 
B-216 : 32 (+3) KA Turun (-0.5%) 
B-217 : 43 (+3) KA Turun (-1.1%) 
B-144 : 24 (+3) Gross Naik (+133) 
BN-017 : 22 (+3) KA Turun (-3.8%) 
B-223 : 24 (+2) Gross Naik (+4) 

*Sumur Low*
B-149 : 14 (-7) KA Naik (+0.6%) 
BN-024 : 16 (-7) Gross Turun (-153) 
B-239 : 5 (-6) KA Naik (+10.2%) 
B-194 : 53 (-6) Gross Turun (-67) 
B-173 : 27 (-5) KA Naik (+4.1%) 
B-195 : 11 (-5) KA Naik (+3.3%) 
B-196 : 106 (-3) KA Naik (+4.2%) 
B-181 : 37 (-3) KA Naik (+0.5%) 
BN-022 : 24 (-3) Gross Turun (-40) 
B-125 : 35 (-2) KA Naik (+0.2%) 
BN-015 : 72 (-1) KA Naik (+0.7%) ",8297.84672314088,5327.217596256445,7630.46424424061,4898.758044802472,7693.811599999999,4912.0,6325.0,128.0,1541.0,5639.666666666666,8213.666666666668,759.0,3333.000000000002,2278.0,2798.0,1579.0,2099.0,430.0,430.0,523.0,523.0,13259.666666666666,17766.666666666668,2989.0,7496.000000000002,3.0,16.4,0.0,398.0,18209.7127,4.0,25.0,0.0,246.54166666666666,30230.335900000002,48440.0486,22771.999300000003,155.475,371.67,80.0,1279.0666,570.0,298.4,0.0,-124.70000000000073,2629.9115999999995,326.7,83.8,4236.5,377.3,5024.3,39.6,0.0,0.0,39.6,0.0,7693.811599999999,0.0,0.0,0.6636,1.5174,2.0555,0.3267,0.3,1.0578,29.0,593.0,3.0,0,
2026-01-15,1976.6487184445118,1969.2790405479982,2472.092,2472.092,0.0,2241.092,0.0,0.0,0.0,0.0,0.0,231.0,0.0,10177.0,519.0,12403.645833333332,837.5416666666667,5504.412760416667,528.341796875,9992.708333333332,533.7916666666667,54.0,38077.76692708333,2472.6751302083335,35659.09179687499,35554.814999999995,35832.5,8.0,43.0,13.0,29.0,64.0,"*Sumur Low*
B-208 : 13 (-8) KA Naik (+2.1%) 
B-186 : 13 (-3) Gross Turun (-8) 
BN-017 : 19 (-3) KA Naik (+1%) 
B-194 : 51 (-2) Gross Turun (-43) 
B-140 : 11 (-2) Gross Turun (-48) Jam 07.00 - 10.40 tutup sumur, imbangi tekanan jaringan karena perbaikan KN#4 SKG Nibung
B-198 : 72 (-2) KA Naik (+0.8%) 
B-239 : 4 (-1) Gross Turun (-9) Jam 07.05 - 10.50 tutup sumur, imbangi tekanan jaringan karena perbaikan KN#4 SKG Nibung
B-233 : 7 (-1) Gross Turun (-3) Jam 06.50 - 10.35 tutup sumur, imbangi tekanan jaringan karena perbaikan KN#4 SKG Nibung
B-203 : 9 (-1) Gross Turun (-19) Jam 06.50 - 10.30 tutup sumur, imbangi tekanan jaringan karena perbaikan KN#4 SKG Nibung

*Sumur Gain*
B-234 : 112 (+5) Gross Naik (+72) 
BN-024 : 19 (+3) Gross Naik (+190) 
 B-096 : 32 (+3) KA Turun (-0.5%) 
B-196 : 108 (+2) Gross Naik (+3) 
B-237 : 58 (+2) KA Turun (-0.9%) 
B-243 : 90 (+2) Gross Naik (+27) 
B-231 : 18 (+2) Gross Naik (+24) 
B-232 : 23 (+2) Gross Naik (+30) 
B-151 : 199 (+1) KA Turun (-1%) 
B-214 : 28 (+1) Gross Naik (+2) 
BN-058 : 60 (+1) Gross Naik (+28)",8297.84672314088,5327.217596256445,7630.46424424061,4898.758044802472,7392.3532000000005,4912.0,6302.0,128.0,1518.0,5424.541666666666,7973.500000000001,759.0,3307.958333333334,2177.958333333333,2697.083333333333,1509.0,2028.125,430.0,430.0,523.0,523.0,12944.5,17402.583333333336,2919.0,7377.083333333334,3.0,16.5,0.0,397.0,18160.2258,4.0,24.708333333333332,0.0,241.0,29517.854,47678.0798,22360.9258,155.425,381.268,80.0,1292.6185,573.5417,197.2,0.0,-112.19999999999982,2567.8532,314.2,83.4,4007.0,381.5,4786.1,38.4,0.0,0.0,38.4,0.0,7392.3532000000005,0.0,0.0,0.5373,1.4595,2.0102,0.3142,0.3,1.0506,29.0,595.0,3.0,0,"Sumur B161 dan B-91 Pkl. 11.00 - 18.30 Tutup, program Tie in Floeline"
2026-01-16,1976.6487184445118,1969.2790405479982,2494.057,2494.059,0.0,2262.559,0.0,0.0,0.0,0.0,0.0,231.5,0.0,10194.0,536.5,12549.25,837.5,5641.08984375,537.2688802083333,10123.708333333332,537.7916666666667,47.0,38508.04817708333,2496.060546875,36058.98763020833,36266.457,36206.875,8.0,43.0,13.0,29.0,64.0,"*Sumur Gain*
BN-026 : 11 (+11) KA Turun (-4.3%) 
B-239 : 8 (+4) KA Turun (-30.3%) Prod. 24 jam, ex. imbangi tekanan jaringan. perbaikan KN#4 SKG Nibung
BN-017 : 21 (+2) KA Turun (-0.6%) 
B-140 : 14 (+2) Gross Naik (+106) Prod. 24 jam, ex. imbangi tekanan jaringan. perbaikan KN#4 SKG Nibung
BN-038 : 10 (+2) Gross Naik (+43) 
B-227 : 14 (+2) KA Turun (-8.3%) Update GI 333 Mscfd
BN-039 : 58 (+2) KA Turun (-0.1%) 
B-219 : 54 (+2) Gross Naik (+69) 
B-216 : 34 (+2) KA Turun (-0.2%) 
B-214 : 30 (+2) Gross Naik (+2) 
B-196 : 110 (+2) Gross Naik (+4) Update GI 202 Mscfd
B-194 : 52 (+1) Gross Naik (+22) Update GI 474 Mscfd
B-233 : 8 (+1) Gross Naik (+3) Prod. 24 jam, ex. imbangi tekanan jaringan. perbaikan KN#4 SKG Nibung
B-203 : 10 (+1) Gross Naik (+19) Prod. 24 jam, ex. imbangi tekanan jaringan. perbaikan KN#4 SKG Nibung
B-081 : 40 (+1) Gross Naik (+39) 
B-132 : 30 (+1) Gross Naik (+10) 
B-151 : 200 (+1) Gross Naik (+22) 

*Sumur Low*
B-207 : 12 (-5) Gross Turun (-9) Optimasi GI 375 Mscfd
B-160 : 69 (-2) KA Naik (+0.1%) 
B-149 : 13 (-1) KA Naik (+0.2%) Update GI 642 Mscfd",8297.84672314088,5327.217596256445,7630.46424424061,4898.758044802472,7859.857999999999,5005.0,6315.0,128.0,1438.0,5595.5,8215.0,759.0,3378.5,2209.0,2800.0,1509.0,2100.0,4033.1666666666665,4228.166666666666,523.0,717.9999999999995,16842.666666666664,21558.166666666664,2919.0,7634.5,3.0,16.5,0.0,399.0,18250.4674,4.0,24.833333333333332,0.0,266.0833333333333,30168.9464,48419.4138,22544.363400000002,155.275,378.432,80.0,1285.5343,573.4167,343.3,0.0,-14.900000000000546,2801.058,330.1,83.2,4253.5,351.9,5018.7,40.099999999999994,0.0,0.0,40.099999999999994,0.0,7859.857999999999,0.0,0.0,0.4906,1.5257,2.2371,0.3301,0.3,1.0125,29.0,604.0,4.0,0,HPS 4 Pkl. 20.00 Start pompa
2026-01-17,1976.6487184445118,1969.2790405479982,2521.091,2521.078,0.0,2276.078,0.0,0.0,0.0,0.0,0.0,245.0,0.0,10130.25,542.0,12601.125,845.4375,5646.83984375,532.5188802083333,10135.465111553334,554.8125,47.0,38513.679955303334,2521.768880208333,36038.911075095,36169.558333328365,36252.333333328366,8.0,43.0,14.0,29.0,65.0,"*Sumur Gain*
B-151 : 213 (+14) KA Turun (-1.1%) 
BN-026 : 22 (+11) KA Turun (-3.3%) 
B-125 : 42 (+7) KA Turun (-0.7%) 
B-211 : 35 (+4) Gross Naik (+13) 
B-173 : 30 (+2) KA Turun (-5%) 
BN-022 : 26 (+2) Gross Naik (+52) 
B-191 : 66 (+2) KA Turun (-0.3%) 
B-236 : 45 (+2) Gross Naik (+28) 
B-231 : 19 (+2) KA Turun (-0.9%) 
B-198 : 73 (+1) KA Turun (-0.7%) 
BN-015 : 73 (+1) KA Turun (-0.2%) 
B-159 : 12 (+1) Gross Naik (+6) 
B-185 : 32 (+1) Gross Naik (+8) 
BN-058 : 61 (+1) Gross Naik (+5) 

*Sumur Low*
B-199 : 144 (-8) Gross Turun (-62) 
B-146 : 21 (-7) KA Naik (+5.2%) 
B-196 : 104 (-6) Gross Turun (-17) 
B-194 : 51 (-1) Gross Turun (-25) ",8297.84672314088,5327.217596256445,7630.46424424061,4898.758044802472,7980.222000000001,5005.0,6219.0,128.0,1342.0,5595.5,8213.0,764.0,3381.5,2209.0,2808.0,1451.0,2050.0,4050.0,4316.208333333334,523.0,789.2083333333339,16859.5,21556.208333333336,2866.0,7562.708333333334,3.0,16.5,0.0,398.0,18172.116,4.0,24.833333333333332,0.0,244.04166666666666,29953.8733,48125.9893,22207.076300000004,153.425,379.582,80.0,1285.4567,572.4583,349.7,0.0,20.300000000000182,2840.922,321.90000000000003,84.8,4305.700000000001,378.40000000000003,5090.8,48.5,0.0,0.0,48.5,0.0,7943.289758574144,36.932241425856056,0.0,0.7576,1.181,2.3671,0.3219,0.3,0.8636,29.0,621.0,3.0,0,
2026-01-18,1976.6487184445118,1969.2790405479982,2603.062,2603.09,0.0,2281.1733333333336,0.0,0.0,0.0,0.0,0.0,321.9166666666667,0.0,10041.208333333334,532.125,14644.687500000002,887.5208333333334,6231.5,546.0,10255.229166666668,591.2708333333333,48.0,41172.625,2604.916666666667,38615.708333333336,38902.257333328365,38898.958333328366,8.0,44.0,14.0,29.0,66.0,"*Sumur Gain*
B-193 : 48 (+48) Gross Naik (+1976) Start sumur jam 01.00, ex. Program WO, jam 21.45 BD ke SB 23
B-151 : 229 (+16) Gross Naik (+35) 
 B-096 : 45 (+13) KA Turun (-1.9%) 
B-234 : 125 (+13) KA Turun (-3.5%) 
B-140 : 19 (+5) Gross Naik (+566) 
B-220 : 5 (+5) KA Turun (-1.7%) Prod. 24 jam, ex. Start ESP
B-213 : 59 (+4) Gross Naik (+85) 
B-196 : 107 (+3) KA Turun (-0.7%) 
BN-026 : 24 (+2) Gross Naik (+22) 
BN-017 : 23 (+2) KA Turun (-1%) 
BN-018 : 114 (+2) KA Turun (-0.1%) 
B-147 : 13 (+2) KA Turun (-0.5%) Prod. 24 jam, ex. Off, Tripped by underload

*Sumur Low*
B-125 : 35 (-7) KA Naik (+0.7%) 
B-169 : 32 (-6) KA Naik (+1.8%) 
BN-024 : 14 (-6) Gross Turun (-170) Jam 15.40 optimasi GI ke 414 Mscfd
B-237 : 53 (-5) KA Naik (+1%) 
B-173 : 26 (-4) KA Naik (+5.2%) ESP off jam 00.00-00.48, Engine Off (Gen under freq)
B-233 : 6 (-2) Gross Turun (-6) Tutup sumur jam 17.00, Imbangi tekanan jaringan (Buka sumur B-193)
B-181 : 35 (-2) KA Naik (+0.2%) 
B-214 : 29 (-1) Gross Turun (-1) ",8297.84672314088,5327.217596256445,7630.46424424061,4898.758044802472,7761.0001999999995,5005.0,6222.375,128.0,1345.375,5747.750000000001,8333.166666666668,764.0,3349.416666666667,2209.0,2778.0,1394.0,1963.0,4050.0,4351.0,523.0,824.0,17011.75,21684.541666666668,2809.0,7481.791666666667,3.0,16.5,0.0,399.0,18128.6631,4.0,24.583333333333332,110.26100000000001,222.16666666666666,29911.0706,48039.7337,22386.420400000003,156.35,382.188,80.0,1280.2955,572.1667,307.59999999999997,0.0,44.600000000000364,2823.2002,303.5,81.9,4133.9,387.7,4906.999999999999,30.8,0.0,0.0,30.8,0.0,7690.592213244377,70.40798675562334,0.0,0.3034,1.4653,2.3652,0.3035,0.3,0.9877,29.0,639.0,4.0,0,HPS 4 Pkl. 20.00 Start Freq 47 Hz
2026-01-19,1976.6487184445118,1969.2790405479982,2615.077,2615.073,0.0,2262.073,0.0,0.0,0.0,0.0,0.0,353.0,0.0,9983.5,537.75,14395.125,899.9375,6163.75,531.25,10404.729166666668,598.2708333333333,49.0,40947.10416666667,2616.208333333333,38379.895833333336,38597.697666656735,38501.66666665673,8.0,43.0,14.0,29.0,65.0,"*Sumur Gain*
B-193 : 74 (+26) KA Turun (-1.9%) Prod. 24 jam, Sumur WO (SB 38)
B-151 : 234 (+5) Gross Naik (+64) 
B-173 : 30 (+4) Gross Naik (+16) Prod. 24 jam, ex.  ESP Off
B-220 : 8 (+3) KA Turun (-0.5%) Jam 10:38, Up Freq ke 108 Hz
B-196 : 109 (+3) KA Turun (-0.8%) 
BN-026 : 27 (+3) KA Turun (-0.7%) 
B-081 : 43 (+3) KA Turun (-0.1%) 
BN-022 : 27 (+2) KA Turun (-0.4%) 
BN-038 : 11 (+2) KA Turun (-0.3%) 
BN-039 : 59 (+2) KA Turun (-0.1%) 

*Sumur Low*
B-223 : 16 (-8) KA Naik (+23.8%) 
B-214 : 21 (-8) Gross Turun (-8) 
B-233 : 0 (-6) Gross Turun (-13) Shut in 24 jam, Imbangi tekanan jaringan (Buka sumur B-193)
BN-058 : 56 (-5) Gross Turun (-46) 
B-239 : 3 (-5) Gross Turun (-16) 
BN-017 : 19 (-4) Gross Turun (-47) 
B-217 : 40 (-3) KA Naik (+0.8%) 
B-194 : 48 (-3) KA Naik (+0.2%) 
B-132 : 29 (-1) Gross Turun (-12) ",8297.84672314088,5327.217596256445,7630.46424424061,4898.758044802472,8165.4417,5005.0,6191.0,128.0,1314.0,5377.5,8334.0,764.0,3720.5,1762.0,2390.0,1394.0,2022.0,4050.0,4418.0,523.0,891.0,16194.5,21333.0,2809.0,7947.5,3.0,16.5,0.0,399.0,17978.583700000003,4.0,25.0,0.0,296.5,29870.919500000004,47849.50320000001,21944.702800000003,159.225,366.564,80.0,1264.2694,575.0833,351.4,0.0,91.90000000000055,2888.4417000000008,316.8,82.9,4462.1,371.09999999999997,5232.900000000001,44.1,0.0,0.0,44.1,0.0,7631.1819096256695,534.2597903743316,0.0,0.673,1.3817,2.4074,0.3168,0.3,0.9516,29.0,638.0,4.0,0,
2026-01-20,1976.6487184445118,1969.2790405479982,2670.045,2670.067,0.0,2290.567,0.0,0.0,0.0,0.0,0.0,379.5,0.0,10218.5,556.25,14548.625,922.9375,6254.5,538.0,10651.979166666668,601.1458333333333,54.0,41673.60416666667,2672.333333333333,39055.270833333336,38630.517666656735,38501.66666665673,7.0,44.0,14.0,29.0,65.0,"*Sumur Gain*
B-193 : 74 (+26) KA Turun (-1.9%) Prod. 24 jam, Sumur WO (SB 38)
B-151 : 234 (+5) Gross Naik (+64) 
B-173 : 30 (+4) Gross Naik (+16) Prod. 24 jam, ex.  ESP Off
B-220 : 8 (+3) KA Turun (-0.5%) Jam 10:38, Up Freq ke 108 Hz
B-196 : 109 (+3) KA Turun (-0.8%) 
BN-026 : 27 (+3) KA Turun (-0.7%) 
B-081 : 43 (+3) KA Turun (-0.1%) 
BN-022 : 27 (+2) KA Turun (-0.4%) 
BN-038 : 11 (+2) KA Turun (-0.3%) 
BN-039 : 59 (+2) KA Turun (-0.1%) 

*Sumur Low*
B-223 : 16 (-8) KA Naik (+23.8%) 
B-214 : 21 (-8) Gross Turun (-8) 
B-233 : 0 (-6) Gross Turun (-13) Shut in 24 jam, Imbangi tekanan jaringan (Buka sumur B-193)
BN-058 : 56 (-5) Gross Turun (-46) 
B-239 : 3 (-5) Gross Turun (-16) 
BN-017 : 19 (-4) Gross Turun (-47) 
B-217 : 40 (-3) KA Naik (+0.8%) 
B-194 : 48 (-3) KA Naik (+0.2%) 
B-132 : 29 (-1) Gross Turun (-12) ",8297.84672314088,5327.217596256445,7630.46424424061,4898.758044802472,8998.825499999999,4912.0,6123.0,128.0,1339.0,5428.0,8240.0,764.0,3576.0,1795.0,2439.0,1429.0,2073.0,4050.0,4413.0,523.0,886.0,16185.0,21215.0,2844.0,7874.0,3.0,16.4,0.0,401.0,17694.8674,4.0,25.0,0.0,289.9166666666667,29466.0285,47160.8959,20707.127999999997,159.925,380.114,80.0,1247.9615,574.625,335.1,0.0,30.699999999999818,2808.4255,324.0,82.9,5362.6,384.1,6153.6,36.8,0.0,0.0,36.8,0.0,8475.398769113537,523.4267308864617,0.0,1.5602,1.403,2.3994,0.324,0.3,1.0694,29.0,638.0,4.0,0,
2026-01-21,1976.6487184445118,1969.2790405479982,2704.106,2704.1,0.0,2311.1,0.0,0.0,0.0,0.0,0.0,393.0,0.0,10213.75,572.0,14605.458333333334,919.8958333333334,6115.020833333333,546.6666666666667,10711.223958333334,607.3307291666667,59.0,41645.453125,2704.893229166667,38999.559895833336,39205.123999999996,39262.0,7.0,44.0,14.0,29.0,65.0,"*Sumur Gain*
B-151 : 249 (+12) Gross Naik (+207) 
B-243 : 101 (+8) KA Turun (-0.2%) 
B-234 : 122 (+8) Gross Naik (+139) 
B-132 : 35 (+6) Gross Naik (+45) 
B-160 : 73 (+4) KA Turun (-0.4%) 
BN-026 : 29 (+4) KA Turun (-1.5%) 
B-236 : 49 (+4) Gross Naik (+56) 
BN-018 : 117 (+3) Gross Naik (+54) 
B-173 : 38 (+3) Gross Naik (+11) 
BN-017 : 25 (+3) Gross Naik (+38) 
B-194 : 51 (+3) KA Turun (-0.4%) 
B-147 : 16 (+3) Gross Naik (+101) 
BN-058 : 58 (+2) Gross Naik (+13) 
B-193 : 99 (+2) Gross Naik (+73) 

*Sumur Low*
B-191 : 59 (-7) KA Naik (+5.3%) 
B-224 : 11 (-5) Gross Turun (-112) Jam 17.00-24.00 Tutup sumur imbangi tekanan jaringan, Perbaikan K#5 
B-144 : 19 (-5) KA Naik (+0.7%) 
B-140 : 22 (-3) Gross Turun (-118) Jam 21.30 - 24.00 Tutup sumur imbangi tekanan jaringan, Perbaikan K#5 
B-203 : 7 (-3) Gross Turun (-37) Jam 17.00 - 24.00 Tutup sumur imbangi tekanan jaringan, Perbaikan K#5 
B-229 : 8 (-3) Gross Turun (-116) Jam 16.50 - 24.00 Tutup sumur imbangi tekanan jaringan, Perbaikan K#5 
B-220 : 0 (-3) KA Naik (+0.8%) 
B-231 : 19 (-2) Gross Turun (-36) Jam 21.35 - 24.00 Tutup sumur imbangi tekanan jaringan, Perbaikan K#5 
B-239 : 6 (-2) Gross Turun (-5) Jam 16.50 - 24.00 Tutup sumur imbangi tekanan jaringan, Perbaikan K#5 
B-207 : 12 (-1) Gross Turun (-3) Jam 21.40 - 24.00 Tutup sumur imbangi tekanan jaringan, Perbaikan K#5 
B-186 : 12 (-1) Gross Turun (-3) Jam 21.35 - 24.00 Tutup sumur imbangi tekanan jaringan, Perbaikan K#5 
B-149 : 12 (-1) Gross Turun (-135) Jam 21.30 - 24.00 Tutup sumur imbangi tekanan jaringan, Perbaikan K#5 ",8297.84672314088,5327.217596256445,7630.46424424061,4898.758044802472,8495.1744,4912.0,6139.0,128.0,1355.0,5192.6875,7863.916666666667,764.0,3435.229166666668,2014.1041666666667,2674.75,1254.0,1914.6458333333333,3823.5,4203.708333333334,523.0,903.2083333333339,15942.291666666668,20881.375,2669.0,7608.083333333335,3.0,16.5,0.0,390.0,16320.347300000001,4.0,24.458333333333332,269.13800000000003,261.2083333333333,27992.1236,44312.4709,19737.5992,156.35,356.51,80.0,1289.5293,573.875,342.9,0.0,91.60000000000127,2890.764300000001,327.40000000000003,82.19999999999999,4978.1,390.6,5778.300000000001,31.0,0.0,0.0,31.0,0.0,7979.423841536963,480.9505584630384,0.0,1.218,1.3821,2.378,0.3274,0.3,1.0143,29.0,665.0,4.0,0,
2026-01-22,1976.6487184445118,1969.2790405479982,2702.05,2702.057,0.0,2296.057,0.0,0.0,0.0,0.0,0.0,406.0,0.0,10006.5,578.875,14549.270833333334,900.2916666666666,5495.833333333333,543.1666666666667,9823.427083333334,609.8072916666667,71.0,39875.03125,2703.140625,37242.890625,37453.077333343266,37357.45833334327,7.0,44.0,14.0,29.0,65.0,"*Sumur Low*
B-140 : 8 (-14) Gross Turun (-636) Jam 16.10 buka sumur, ex. imbangi tekanan jaringan, Perbaikan K#5 & KN#3
B-231 : 10 (-9) Gross Turun (-152) Jam 13.00 buka sumur, ex. imbangi tekanan jaringan, Perbaikan K#5 
B-196 : 109 (-8) Gross Turun (-40) 
B-186 : 4 (-7) Gross Turun (-16) Jam 16.00 buka sumur, ex. imbangi tekanan jaringan, Perbaikan K#5 & KN#3
B-149 : 4 (-7) Gross Turun (-730) Jam 16.00 buka sumur, ex. imbangi tekanan jaringan, Perbaikan K#5 & KN#3
B-207 : 6 (-6) Gross Turun (-12) Jam 13.20 buka sumur, ex. imbangi tekanan jaringan, Perbaikan K#5 
BN-017 : 21 (-5) KA Naik (+2.3%) 
B-224 : 7 (-4) Gross Turun (-104) Jam 13.20 buka sumur, ex. imbangi tekanan jaringan, Perbaikan K#5 
B-219 : 51 (-3) KA Naik (+1%) 
B-125 : 32 (-3) KA Naik (+0.3%) 
B-203 : 5 (-3) Gross Turun (-32) Jam 13.10 buka sumur, ex. imbangi tekanan jaringan, Perbaikan K#5 
B-229 : 5 (-3) Gross Turun (-100) Jam 13.00 buka sumur, ex. imbangi tekanan jaringan, Perbaikan K#5 
B-173 : 37 (-2) Gross Turun (-18) 
B-194 : 50 (-2) Gross Turun (-15) 
B-193 : 97 (-2) KA Naik (+0.1%) 
BN-039 : 58 (-2) KA Naik (+0.1%) 
B-239 : 4 (-2) Gross Turun (-4) Jam 12.50 buka sumur, ex. imbangi tekanan jaringan, Perbaikan K#5

*Sumur Gain*
B-151 : 261 (+12) KA Turun (-1.7%) 
BN-015 : 85 (+12) KA Turun (-3.5%) 
BN-026 : 38 (+9) KA Turun (-8.5%) 
B-234 : 130 (+8) Gross Naik (+80) 
B-198 : 81 (+7) KA Turun (-1%) 
BN-024 : 24 (+5) KA Turun (-0.6%) 
B-214 : 24 (+3) Gross Naik (+3) 
 B-096 : 48 (+3) Gross Naik (+125) 
B-237 : 56 (+3) KA Turun (-0.7%) 
B-208 : 13 (+2) KA Turun (-1.6%) 
B-191 : 61 (+2) Gross Naik (+24)",8297.84672314088,5327.217596256445,7630.46424424061,4898.758044802472,7388.028799999999,4912.0,6145.0,128.0,1361.0,4716.875,7299.604166666666,764.0,3346.729166666666,1828.2916666666665,2570.0,1286.0,2027.7083333333335,3219.0,3505.9583333333335,523.0,809.9583333333335,14676.166666666666,19520.5625,2701.0,7545.395833333333,3.0,16.4,0.0,393.0,15898.458899999998,4.0,24.041666666666668,141.713,264.2083333333333,27326.144699999997,43224.603599999995,20178.715899999996,155.575,352.224,80.0,1297.551,573.25,344.8,0.0,68.10000000000036,2871.5000000000005,322.40000000000003,81.0,3929.8,391.0,4724.2,33.2,0.0,0.0,33.2,0.0,7027.075310016317,277.85348998368215,0.0,0.171,1.3782,2.3806,0.3224,0.3,1.1202,29.0,637.0,4.0,0,
2026-01-23,1976.6487184445118,1969.2790405479982,2791.063,2791.052,0.0,2382.052,0.0,0.0,0.0,0.0,0.0,409.0,0.0,10221.25,583.125,14986.0625,949.90625,5371.0,557.5,11079.5,634.25,68.0,41657.8125,2792.78125,38933.03125,39111.018000000004,39146.0,7.0,44.0,14.0,29.0,65.0,"*Sumur Gain*
B-186 : 16 (+12) Gross Naik (+30) Prod. 24 jam, ex. Buka sumur, Ex. Perbaikan K#5 & KN#3
B-231 : 21 (+11) Gross Naik (+179) Prod. 24 jam, ex. Buka sumur, ex. Perbaikan K#5 
B-224 : 16 (+9) Gross Naik (+216) Prod. 24 jam, ex. Buka sumur, ex. Perbaikan K#5 
B-149 : 13 (+9) Gross Naik (+865) Prod. 24 jam, ex. Buka sumur, Ex. Perbaikan K#5 & KN#3
B-140 : 16 (+8) KA Turun (-4.4%) Prod. 24 jam, ex. Buka sumur, Ex. Perbaikan K#5 & KN#3
B-207 : 13 (+7) Gross Naik (+15) Prod. 24 jam, ex. Buka sumur, ex. Perbaikan K#5 
B-229 : 11 (+6) Gross Naik (+216) Prod. 24 jam, ex. Buka sumur, ex. Perbaikan K#5 
B-193 : 103 (+6) KA Turun (-0.3%) 
B-211 : 40 (+5) Gross Naik (+36) 
B-203 : 10 (+5) Gross Naik (+69) Prod. 24 jam, ex. Buka sumur, ex. Perbaikan K#5 
B-234 : 134 (+4) KA Turun (-3.5%) 
B-213 : 62 (+4) Gross Naik (+61) 
BN-026 : 41 (+3) Gross Naik (+32) 
B-132 : 38 (+3) KA Turun (-1.7%) 
B-169 : 38 (+3) KA Turun (-0.4%) 
B-196 : 112 (+3) Gross Naik (+14) 
B-232 : 25 (+2) KA Turun (-0.3%) 
B-173 : 37 (+1) KA Turun (-2.9%) 
B-239 : 5 (+1) Gross Naik (+46) Prod. 24 jam, ex. Buka sumur, ex. Perbaikan K#5 

*Sumur Low*
B-194 : 45 (-5) KA Naik (+0.5%) 
B-151 : 258 (-3) Gross Turun (-19) 
BN-058 : 56 (-2) Gross Turun (-13) 
B-159 : 11 (-1) Gross Turun (-2) ",8297.84672314088,5327.217596256445,7630.46424424061,4898.758044802472,7866.1709999999985,4912.0,6159.0,128.0,1375.0,5428.0,8144.0,779.0,3495.0,2142.0,2944.0,1286.0,2088.0,4050.0,4354.0,523.0,827.0,16532.0,21601.0,2716.0,7785.0,3.0,16.5,0.0,396.0,18135.4542,4.0,25.0,0.0,297.0,29283.9799,47419.4341,21658.9589,155.9,338.268,80.0,1289.4194,574.4167,334.8,0.0,62.5,2835.3041000000003,320.90000000000003,82.0,4216.700000000001,390.40000000000003,5010.0,36.5,0.0,0.0,36.5,0.0,7643.877150289017,222.2938497109826,0.0,0.4609,1.3444,2.4114,0.3209,0.3,1.1908,29.0,664.0,4.0,0,
2026-01-24,1976.6487184445118,1969.2790405479982,2786.075,2786.096,0.0,2374.096,0.0,0.0,0.0,0.0,0.0,412.0,0.0,10072.125,573.25,14824.0625,951.15625,5292.75,557.25,11300.5,639.25,66.0,41489.4375,2786.90625,38768.53125,38951.995,38919.25,7.0,44.0,14.0,30.0,65.0,"*Sumur Low*
BN-017 : 13 (-8) Gross Turun (-87) 
BN-022 : 21 (-6) KA Naik (+1%) 
B-194 : 40 (-5) Gross Turun (-91) 
BN-015 : 80 (-5) Gross Turun (-27) 
B-236 : 45 (-4) KA Naik (+1.1%) 
B-234 : 130 (-4) Gross Turun (-65) 
B-206 : 27 (-2) KA Naik (+1.5%) 
B-193 : 101 (-2) Gross Turun (-144) 
B-198 : 80 (-1) Gross Turun (-21)

*Sumur Gain*
B-151 : 263 (+5) Gross Naik (+133) 
B-208 : 17 (+4) Gross Naik (+78) 
B-214 : 27 (+3) Gross Naik (+2) 
B-146 : 24 (+3) KA Turun (-1.1%) 
B-225 : 22 (+3) KA Turun (-0.4%) 
B-196 : 114 (+3) Gross Naik (+5) 
B-229 : 14 (+3) KA Turun (-0.7%) 
B-217 : 42 (+2) KA Turun (-0.3%) 
B-173 : 40 (+2) KA Turun (-12.4%) 
B-223 : 18 (+2) KA Turun (-31%) 
BN-038 : 12 (+1) Gross Naik (+39) 
BN-018 : 118 (+1) KA Turun (-0.1%)",8297.84672314088,5327.217596256445,7630.46424424061,4898.758044802472,8401.1196,4912.0,6169.0,128.0,1385.0,5433.0,8161.0,779.0,3507.0,2142.0,3008.0,1166.0,2032.0,4050.0,4330.0,523.0,803.0,16537.0,21668.0,2596.0,7727.0,3.0,16.5,0.0,395.0,18329.4576,4.0,24.958333333333332,0.0,302.1666666666667,30040.252700000005,48369.710300000006,21882.1331,155.5,353.236,80.0,1297.2751,572.8333,329.5,0.0,45.899999999999636,2834.2443999999996,322.1,81.60000000000001,4879.6,387.2,5670.5,36.7,0.0,0.0,36.7,0.0,8158.664614779345,242.45498522065486,0.0,1.0311,1.4,2.4485,0.3221,0.3,1.1972,30.0,665.0,4.0,0,
2026-01-25,1976.6487184445118,1969.2790405479982,2780.094,2780.109,0.0,2366.109,0.0,0.0,0.0,0.0,0.0,414.0,0.0,9730.9375,562.3125,14842.0625,953.65625,5434.375,562.125,11258.5,638.75,65.0,41265.875,2781.84375,38549.03125,38788.86233334327,38752.20833334327,7.0,44.0,14.0,30.0,65.0,"*Sumur Low*
B-243 : 91 (-10) KA Naik (+0.5%) 
BN-039 : 51 (-7) KA Naik (+0.2%) 
B-151 : 258 (-5) Gross Turun (-143) 
BN-024 : 19 (-5) Gross Turun (-230) 
B-219 : 48 (-3) KA Naik (+0.3%) 
BN-026 : 38 (-3) Gross Turun (-84) 
B-160 : 72 (-1) KA Naik (+0.2%)

*Sumur Gain*
B-212 : 7 (+7) KA Turun (-7.1%) 
B-193 : 108 (+7) Gross Naik (+123) 
B-196 : 117 (+3) KA Turun (-2.2%) 
B-234 : 133 (+3) Gross Naik (+10) 
B-173 : 41 (+2) Gross Naik (+15) 
B-185 : 34 (+2) Gross Naik (+35) 
B-144 : 21 (+2) Gross Naik (+77) 
B-231 : 23 (+2) KA Turun (-0.5%) 
B-194 : 42 (+2) Gross Naik (+28) 
B-216 : 36 (+1) Gross Naik (+21) 
B-169 : 38 (+1) KA Turun (-1%)",8297.84672314088,5327.217596256445,7630.46424424061,4898.758044802472,8568.5641,4912.0,6115.0,128.0,1331.0,5433.0,8249.0,779.0,3595.0,2142.0,3080.0,1301.0,2239.0,4050.0,4370.0,523.0,843.0,16537.0,21814.0,2731.0,8008.0,3.0,16.5,0.0,395.0,18388.9094,4.0,24.666666666666668,0.0,275.7916666666667,30014.4898,48403.3992,21689.1757,155.1,347.9,80.0,1287.2556,573.3333,333.6,0.0,22.299999999999272,2799.488899999999,311.90000000000003,80.3,5022.4,383.5,5798.099999999999,35.2,0.0,0.0,35.2,0.0,8327.813984802697,240.75011519730268,0.0,1.0021,1.5468,2.4735,0.3119,0.3,1.2036,30.0,650.0,4.0,0,
2026-01-26,1976.6487184445118,1969.2790405479982,2748.066,2748.082,0.0,2331.082,0.0,0.0,0.0,0.0,0.0,417.0,0.0,9517.0,573.0,15295.9375,925.65625,5682.375,531.125,11330.0,651.5,68.0,41825.3125,2749.28125,39144.03125,39225.552,39112.5,7.0,45.0,14.0,30.0,66.0,"*Sumur Low*
B-125 : 19 (-13) KA Naik (+1.3%) 
B-234 : 120 (-13) Gross Turun (-26) 
B-243 : 79 (-12) KA Naik (+0.7%) 
B-224 : 8 (-8) KA Naik (+1.5%) 
B-237 : 49 (-7) Gross Turun (-30) 
B-132 : 31 (-6) KA Naik (+1.9%) 
B-146 : 19 (-5) KA Naik (+1.8%) 
B-081 : 39 (-4) KA Naik (+0.3%) 
BN-026 : 35 (-3) KA Naik (+2.3%) 
B-214 : 24 (-3) Gross Turun (-2) 
BN-038 : 11 (-1) KA Naik (+0.2%) 
B-173 : 40 (-1) KA Naik (+7%)

*Sumur Gain*
B-159 : 19 (+8) KA Turun (-31.3%) 
B-194 : 48 (+7) KA Turun (-0.7%) 
B-199 : 158 (+6) KA Turun (-2.6%) 
B-220 : 5 (+5) KA Turun (-1.1%) 
B-208 : 21 (+4) KA Turun (-0.7%) 
B-151 : 261 (+3) KA Turun (-0.9%) 
B-147 : 19 (+3) Gross Naik (+91) 
B-203 : 13 (+3) Gross Naik (+143) 
B-140 : 19 (+3) Gross Naik (+314)",8297.84672314088,5327.217596256445,7630.46424424061,4898.758044802472,8429.5986,4912.0,6115.0,128.0,1331.0,5516.125,8530.125,779.0,3793.0,2142.0,3125.0,1326.0,2309.0,4050.0,4390.0,523.0,863.0,16620.125,22160.125,2756.0,8296.0,3.0,16.5,0.0,394.0,18066.1395,4.0,24.5,27.452,276.75,29716.114100000003,47782.253600000004,21530.3905,155.575,349.372,80.0,1290.6563,572.7083,339.3,0.0,88.89999999999964,2876.5116,325.79999999999995,82.69999999999999,4847.2,399.4,5655.099999999999,126.3,0.0,0.0,126.3,0.0,8213.168452724205,216.43014727579552,0.0,0.7942,1.5642,2.4888,0.3258,0.3,1.1802,30.0,657.0,4.0,0,
2026-01-27,1976.6487184445118,1969.2790405479982,2705.052,2705.036,0.0,2300.536,0.0,0.0,0.0,0.0,0.0,404.5,0.0,9271.5,568.5,14704.3125,926.90625,5619.583333333333,499.0833333333333,11118.791666666666,638.2916666666666,73.0,40714.1875,2705.78125,38081.40625,38273.92366665673,38260.91666665673,7.0,45.0,14.0,30.0,66.0,"*Sumur Low*
B-193 : 75 (-33) Gross Turun (-337) 
B-234 : 101 (-19) KA Naik (+5%) 
B-198 : 72 (-8) KA Naik (+1.6%) 
B-196 : 109 (-8) Gross Turun (-26) 
B-151 : 255 (-6) KA Naik (+0.4%) 
B-208 : 16 (-5) KA Naik (+1.1%) 
B-194 : 46 (-3) Gross Turun (-30) 
BN-024 : 16 (-3) Gross Turun (-230) 
BN-026 : 32 (-3) Gross Turun (-24) 
B-214 : 21 (-3) Gross Turun (-3) 
BN-058 : 55 (-2) KA Naik (+0.4%) 
B-231 : 21 (-2) Gross Turun (-28) Jam 13.40 - 15.40 tutup sumur imbangi tekanan jaringan, KN#4 perbaikan
B-227 : 13 (-1) Gross Turun (-36) 
B-149 : 12 (-1) Gross Turun (-108) Jam 13.35 - 15.35 tutup sumur imbangi tekanan jaringan, KN#4 perbaikan

*Sumur Gain*
B-102 : 27 (+27) KA Turun (-13%) Prod. 24 jam, ex. Start sumur
B-213 : 69 (+7) KA Turun (-6.5%) 
B-220 : 10 (+5) KA Turun (-1%) 
BN-022 : 24 (+3) Gross Naik (+51) 
BN-017 : 16 (+3) KA Turun (-3%) 
B-173 : 43 (+3) Gross Naik (+8) 
B-243 : 80 (+1) KA Turun (-0.2%)",8297.84672314088,5327.217596256445,7630.46424424061,4898.758044802472,8214.003700000001,4912.0,6118.0,128.0,1334.0,5718.0,8710.0,779.0,3771.0,2110.25,3090.1666666666665,1414.0,2393.916666666666,3934.5,4294.0,523.0,882.5,16674.75,22212.166666666664,2844.0,8381.416666666666,3.0,16.5,0.0,395.0,18196.0072,4.0,24.666666666666668,51.646,264.0833333333333,29628.6144,47824.6216,21657.560699999998,155.425,347.678,80.0,1285.5583,571.7917,348.2,0.0,21.799999999999272,2810.452999999999,327.29999999999995,85.0,4548.1,400.1,5360.500000000001,323.1,0.0,0.0,323.1,0.0,8036.619049071857,177.3846509281446,0.0,0.6053,1.491,2.4518,0.3273,0.3,1.0759,30.0,650.0,4.0,0,
2026-01-28,1976.6487184445118,1969.2790405479982,2671.061,2671.09,0.0,2308.09,0.0,0.0,0.0,0.0,0.0,363.0,0.0,9277.0,565.5,14165.3125,900.40625,6062.5,518.0,11548.25,617.5,71.0,41053.0625,2672.40625,38451.65625,38540.848999999995,38588.0,7.0,45.0,15.0,30.0,67.0,"*Sumur Low*
B-193 : 27 (-48) Gross Turun (-777) 
B-151 : 242 (-13) Gross Turun (-47) 
B-147 : 13 (-6) KA Naik (+0.7%) 
B-144 : 16 (-5) Gross Turun (-143) 
BN-022 : 19 (-5) KA Naik (+0.9%) 
BN-018 : 115 (-3) KA Naik (+0.1%) 
B-214 : 19 (-2) Gross Turun (-3) 
B-216 : 35 (-1) Gross Turun (-37)

*Sumur Gain*
B-102 : 46 (+20) KA Turun (-10%) 
B-234 : 112 (+11) Gross Naik (+27) 
B-140 : 24 (+5) Gross Naik (+391) 
BN-015 : 83 (+3) Gross Naik (+10) 
B-231 : 23 (+2) Gross Naik (+28) Prod. 24 jam, ex. imbangi tekanan jaringan, perbaikan KN#4 
B-236 : 47 (+2) Gross Naik (+242) 
B-146 : 21 (+2) Gross Naik (+14) 
BN-026 : 34 (+2) Gross Naik (+3) 
B-173 : 45 (+2) Gross Naik (+7) 
B-149 : 13 (+1) Gross Naik (+108) Prod. 24 jam, ex. imbangi tekanan jaringan, perbaikan KN#4 
B-229 : 15 (+1) Gross Naik (+33) Prod. 24 jam, ex. imbangi tekanan jaringan, perbaikan KN#4 
B-169 : 39 (+1) KA Turun (-0.1%) 
BN-038 : 12 (+1) Gross Naik (+23)",8297.84672314088,5327.217596256445,7630.46424424061,4898.758044802472,8106.4547,4912.0,6157.0,128.0,1373.0,5718.0,8630.5,779.0,3691.5,2142.0,3097.0,1414.0,2369.0,4050.0,4387.5,523.0,860.5,16822.0,22272.0,2844.0,8294.0,4.0,16.5,0.0,392.0,18636.955299999998,4.0,24.916666666666668,0.0,241.41666666666666,30228.357699999997,48865.312999999995,22365.353,155.5,357.117,80.0,1289.9038,572.9167,343.7,0.0,53.0,2852.1375,323.6,84.4,4211.6,399.3,5018.900000000001,257.90000000000003,0.0,0.0,257.90000000000003,0.0,7986.235996346758,99.20486520979023,21.013838443453103,0.3312,1.4678,2.4126,0.3236,0.3,1.0875,30.0,649.0,4.0,0,
2026-01-29,1976.6487184445118,1969.2790405479982,2616.057,2616.046,0.0,2274.046,0.0,0.0,0.0,0.0,0.0,342.0,0.0,9274.25,551.875,15424.854166666666,871.5729166666666,5774.041666666667,514.5,13238.791666666666,599.7083333333334,78.4,43711.9375,2616.05625,41174.28125,41209.808999999994,41188.75,7.0,45.0,15.0,30.0,67.0,"*Sumur Low*
B-193 : 0 (-27) KA Naik (+3.2%) Jam 07.40 BU dari SB.38 ke SB.OF
B-207 : 3 (-10) Gross Turun (-22) 
B-132 : 21 (-10) KA Naik (+5.1%) 
B-140 : 16 (-9) Gross Turun (-336) Jam 15.20 tutup sumur, imbangi debit air MGS
B-149 : 6 (-7) Gross Turun (-703) Jam 10.45 tutup sumur, imbangi debit air MGS
B-144 : 10 (-6) Gross Turun (-261) Jam 14.50 tutup sumur, imbangi debit air MGS
B-194 : 40 (-6) KA Naik (+0.5%) 
BN-038 : 7 (-5) Gross Turun (-219) Jam 15.00 tutup sumur, imbangi debit air MGS
BN-024 : 13 (-3) KA Naik (+1.4%) 
B-224 : 5 (-3) Gross Turun (-107) Jam 15.30 tutup sumur, imbangi debit air MGS
BN-017 : 13 (-3) KA Naik (+1.9%) 
B-239 : 3 (-2) Gross Turun (-24)

*Sumur Gain*
B-102 : 52 (+6) Gross Naik (+136) 
B-225 : 27 (+5) KA Turun (-0.7%) 
B-231 : 27 (+5) KA Turun (-1.3%) 
B-196 : 112 (+3) Gross Naik (+59) 
B-208 : 19 (+3) Gross Naik (+96) 
B-214 : 21 (+2) Gross Naik (+3) 
B-234 : 114 (+2) KA Turun (-5.2%) 
B-229 : 16 (+1) Gross Naik (+28)",8297.84672314088,5327.217596256445,7630.46424424061,4898.758044802472,8695.4352,4705.0,5970.375,128.0,1393.375,5614.9375,8658.375,779.0,3822.4375,2084.9791666666665,3062.0833333333335,1414.0,2391.1041666666674,3550.75,3945.875,523.0,918.125,15955.666666666666,21636.708333333336,2844.0,8525.041666666668,4.0,16.5,0.0,400.0,21420.6683,4.0,24.958333333333332,140.48199999999997,271.7083333333333,31447.978300000002,52868.64660000001,22995.943100000004,155.325,361.228,80.0,1287.1171,572.3333,343.1,0.0,5.800000000000182,2804.9033999999997,313.2,84.9,4698.800000000001,402.1,5499.000000000002,34.5,0.0,0.0,34.5,0.0,8373.119177317803,235.61709253033948,86.69893015185652,0.6913,1.5154,2.4921,0.3132,0.3,1.2048,30.0,665.0,4.0,0,
2026-01-30,1976.6487184445118,1969.2790405479982,2526.046,2526.058,0.0,2188.058,0.0,0.0,0.0,0.0,0.0,338.0,0.0,9026.0,548.0,13784.3125,835.03125,5133.0,490.5,12373.583333333334,571.4166666666666,81.0,40316.895833333336,2525.9479166666665,37871.94791666667,38472.80633331347,40178.708333313465,7.0,39.0,15.0,30.0,61.0,"*Sumur Low*
B-181 : 0 (-35) Gross Turun (-1135) Jam 00.00 tutup sumur, imbangi debit air MGS
B-140 : 0 (-16) Gross Turun (-614) Shut In 24 jam, imbangi debit air MGS
B-151 : 231 (-11) Gross Turun (-40) 
B-144 : 0 (-10) Gross Turun (-436) Shut In 24 jam, imbangi debit air MGS
B-179 : 141 (-10) KA Naik (+0.4%) 
B-229 : 7 (-9) Gross Turun (-250) Jam 09.50 tutup sumur, imbangi debit air MGS
B-234 : 106 (-8) Gross Turun (-34) 
BN-038 : 0 (-7) Gross Turun (-234) Shut In 24 jam, imbangi debit air MGS
B-149 : 0 (-6) Gross Turun (-595) Shut In 24 jam, imbangi debit air MGS
BN-039 : 45 (-6) KA Naik (+0.4%) 
B-224 : 0 (-5) Gross Turun (-195) Shut In 24 jam, imbangi debit air MGS
B-191 : 56 (-5) Gross Turun (-27) 
B-194 : 37 (-3) KA Naik (+0.5%) 
BN-015 : 80 (-3) KA Naik (+0.8%)

*Sumur Gain*
B-207 : 13 (+10) Gross Naik (+10) 
B-102 : 59 (+7) Gross Naik (+68) 
B-220 : 16 (+6) KA Turun (-1.2%) 
BN-026 : 38 (+5) KA Turun (-6%) 
B-169 : 43 (+4) KA Turun (-1%) 
B-173 : 48 (+4) Gross Naik (+12) 
B-198 : 74 (+2) Gross Naik (+11) 
B-219 : 50 (+2) Gross Naik (+29) 
B-196 : 114 (+2) KA Turun (-2.4%)",8297.84672314088,5327.217596256445,7630.46424424061,4898.758044802472,9385.3166,4360.0,5543.0,128.0,1311.0,5145.0,8120.5,779.0,3754.5,1981.0,3001.0,1426.0,2446.0,2748.5,3099.5,523.0,874.0,14234.5,19764.0,2856.0,8385.5,4.0,15.9,0.0,402.0,21970.8527,3.0,24.583333333333332,358.20199999999994,303.9583333333333,30677.1238,52647.976500000004,21534.9822,155.4,355.609,80.0,1286.5468,575.2917,336.8,0.0,-33.0,2756.6475,334.2,91.80000000000001,5361.3,343.7,6131.0,58.1,0.0,0.0,58.1,0.0,9045.62980874128,210.975157009123,128.711634249597,1.5193,1.3849,2.4571,0.3342,0.3,1.2621,30.0,670.0,4.0,0,
2026-01-31,1976.6487184445118,1969.2790405479982,2534.053,2534.039,0.0,2198.039,0.0,0.0,0.0,0.0,0.0,336.0,0.0,8883.0,554.0,12665.541666666668,870.9791666666667,5129.0,481.0,12222.25,544.75,83.0,38899.79166666667,2533.729166666667,36449.06250000001,36870.814999999995,39711.125,7.0,39.0,15.0,30.0,61.0,"*Sumur Gain*
B-181 : 27 (+27) Gross Naik (+716) Jam 06.35 buka sumur, eks imbangi debit air MGS
BN-024 : 19 (+6) KA Turun (-1.1%) 
BN-018 : 120 (+5) KA Turun (-0.4%) 
B-211 : 45 (+5) Gross Naik (+25) 
B-194 : 40 (+3) KA Turun (-0.6%) 
B-186 : 19 (+3) Gross Naik (+8) 
B-196 : 117 (+3) KA Turun (-0.6%) 
B-208 : 21 (+2) Gross Naik (+43) 
B-102 : 61 (+2) KA Turun (-7.8%) 

*Sumur Low*
B-220 : 0 (-16) KA Naik (+3.4%) 
B-229 : 0 (-7) Gross Turun (-178) Shut in 24 jam, imbangi debit air MGS
BN-058 : 48 (-7) KA Naik (+1.4%) 
BN-026 : 32 (-6) Gross Turun (-40) 
B-234 : 102 (-4) KA Naik (+2%) 
 B-096 : 44 (-4) KA Naik (+0.3%) 
BN-017 : 11 (-2) Gross Turun (-14) 
B-214 : 19 (-2) Gross Turun (-3) 
B-173 : 46 (-2) Gross Turun (-16) 
B-237 : 48 (-1) KA Naik (+3.1%) ",8297.84672314088,5327.217596256445,7630.46424424061,4898.758044802472,7341.5727,4360.0,5573.0,128.0,1341.0,5178.75,8133.354166666667,790.0,3744.604166666668,1887.0,2972.0,1426.0,2511.0,2566.0,2934.0,523.0,891.0,13991.75,19612.354166666668,2867.0,8487.604166666668,4.0,16.5,0.0,390.0,17158.1345,4.0,24.791666666666668,87.733,279.4583333333333,28806.9871,45965.1216,21708.5144,156.075,373.162,80.0,1279.565,572.8333,331.0,0.0,-35.30000000000018,2757.3352999999997,329.29999999999995,97.19999999999999,3569.7,348.7,4344.9,39.199999999999996,0.0,0.0,39.199999999999996,0.0,7146.953131855279,95.14734442630794,99.47222371841283,0.3146,1.2478,2.0073,0.3293,0.3,1.8031,30.0,670.0,4.0,0,
2026-02-01,2023.0840043960623,1943.3971443917746,2556.033,2556.035,0.0,2213.035,0.0,0.0,0.0,0.0,0.0,343.0,0.0,9326.75,573.0,13235.0,889.5,4807.0,482.0,12220.25,537.75,74.0,39589.0,2556.25,37106.75,39728.705,39711.125,7.0,39.0,15.0,30.0,61.0,"*Sumur Gain*
BN-038 : 12 (+12) Gross Naik (+301) Jam 18.00 tutup sumur, imbangi debit air MGS
B-181 : 37 (+10) Gross Naik (+266) Prod. 24 jam, ex. Buka sumur, ex. imbangi debit air MGS
B-102 : 68 (+7) Gross Naik (+163) 
B-217 : 48 (+6) KA Turun (-1.4%) 
B-239 : 8 (+5) KA Turun (-23%) 
B-199 : 163 (+5) KA Turun (-0.7%) 
B-081 : 44 (+5) KA Turun (-0.4%) 
B-194 : 45 (+5) Gross Naik (+59) 
B-132 : 25 (+4) Gross Naik (+27) 
BN-026 : 35 (+3) Gross Naik (+13) 
B-147 : 16 (+3) KA Turun (-0.3%) 
B-196 : 120 (+3) Gross Naik (+13) 
B-234 : 104 (+2) Gross Naik (+13) 

*Sumur Low*
B-216 : 27 (-8) KA Naik (+1%) 
B-173 : 40 (-6) KA Naik (+6.4%) 
BN-015 : 74 (-6) KA Naik (+1.2%) 
B-231 : 21 (-6) KA Naik (+1.2%) 
B-185 : 29 (-5) KA Naik (+2%) 
B-213 : 64 (-5) KA Naik (+4.6%) 
B-160 : 69 (-3) Gross Turun (-338) ",7423.30110660022,4765.759310437342,6270.62086382018,4025.7385945725555,7536.3017,4774.0,6013.5,128.0,1367.5,5178.75,8126.354166666667,790.0,3737.604166666668,1887.0,3044.0,1426.0,2583.0,2566.0,3031.0,523.0,988.0,14405.75,20214.854166666668,2867.0,8676.104166666668,4.0,16.5,0.0,392.0,19679.4905,4.0,24.958333333333332,17.567,291.0,11060.7863,30740.2768,23448.2251,164.25,406.806,80.0,1603.304,576.0417,323.90000000000003,0.0,-45.69999999999982,3108.6017000000006,162.70000000000002,97.19999999999999,3789.1000000000004,378.7,4427.700000000001,0.0,0.0,0.0,0.0,0.0,7246.180152419839,99.02352222795847,191.09802535220052,0.0,1.3448,2.4443,0.1627,0.4585,2.7288,30.0,670.0,4.0,0,
2026-02-02,2023.0840043960623,1943.3971443917746,2538.081,2538.081,0.0,2189.081,0.0,0.0,0.0,0.0,0.0,349.0,0.0,9213.0,554.0,14093.0,903.5,4786.0,468.0,12287.0,537.0,75.0,40379.0,2537.5,37916.5,35670.894,38249.625,7.0,38.0,15.0,30.0,60.0,"*Sumur Low*
B-234 : 88 (-16) KA Naik (+4.8%) 
BN-038 : 0 (-12) Gross Turun (-301) Shut in, imbangi debit air MGS
BN-024 : 13 (-6) KA Naik (+1.3%) 
BN-039 : 40 (-5) KA Naik (+0.2%) 
B-169 : 39 (-4) KA Naik (+0.5%) 
B-214 : 16 (-3) Gross Turun (-2) 
B-136 : 40 (-1) KA Naik (+0.1%)

*Sumur Gain*
B-102 : 74 (+6) KA Turun (-4.2%) 
B-239 : 11 (+3) KA Turun (-19%) 
B-203 : 16 (+3) KA Turun (-0.8%) 
B-236 : 50 (+3) KA Turun (-0.4%) 
B-208 : 24 (+3) Gross Naik (+222) 
B-173 : 43 (+3) KA Turun (-5.5%) 
B-196 : 122 (+2) Gross Naik (+11) 
BN-017 : 13 (+2) Gross Naik (+16) 
B-225 : 29 (+2) Gross Naik (+45)",7423.30110660022,4765.759310437342,6270.62086382018,4025.7385945725555,7855.5863,4360.0,5531.0,128.0,1299.0,5178.75,8092.354166666667,1060.0,3973.604166666668,1887.0,3386.0,1426.0,2925.0,2566.0,3056.5,594.0,1084.5,13991.75,20065.854166666668,3208.0,9282.104166666668,4.0,17.1,0.0,396.0,20497.597,4.0,25.0,0.0,296.5,11639.050099999999,32136.647100000002,24525.110800000002,164.05,409.178,80.0,1631.7,574.4583,330.7,0.0,158.0,3348.0863,125.2,95.9,3896.4,390.0,4507.5,0.0,0.0,0.0,0.0,0.0,7618.194872626986,98.17256889579181,139.218858477222,0.0,1.3909,2.5055,0.1252,0.5071,2.7332,30.0,641.0,4.0,0,
2026-02-03,2023.0840043960623,1943.3971443917746,2568.097,2568.114,0.0,2209.114,0.0,0.0,0.0,0.0,0.0,359.0,0.0,9497.0,562.0,14331.0,918.0,4955.0,474.0,12203.510416666668,541.6354166666667,72.0,40986.51041666667,2567.635416666667,38490.87500000001,38736.7179999851,38701.9999999851,7.0,38.0,15.0,30.0,60.0,"*Sumur Gain*
B-195 : 16 (+5) Gross Naik (+121) 
B-096 : 48 (+4) Gross Naik (+43) 
B-212 : 11 (+4) KA Turun (-6.7%) 
B-243 : 84 (+4) Gross Naik (+148) 
B-102 : 77 (+3) Gross Naik (+21) 
B-208 : 27 (+3) Gross Naik (+195) 
B-196 : 125 (+3) KA Turun (-5.9%) 
B-194 : 48 (+3) Gross Naik (+62) 
B-151 : 234 (+3) Gross Naik (+164) 
B-198 : 77 (+3) Gross Naik (+32) 
BN-018 : 123 (+3) Gross Naik (+126) 
BN-015 : 77 (+3) KA Turun (-1.3%) 
B-214 : 19 (+3) Gross Naik (+2) 
BN-022 : 21 (+2) KA Turun (-1.2%) 

*Sumur Low*
B-206 : 22 (-5) Gross Turun (-137) Pkl 09.30 - 17.55 WITA, manual off due to change valve header
B-173 : 40 (-3) Gross Turun (-11) 
B-125 : 16 (-3) KA Naik (+0.7%) 
B-219 : 48 (-2) Gross Turun (-45) ",7423.30110660022,4765.759310437342,6270.62086382018,4025.7385945725555,7848.9311,4360.0,5480.0,126.0,1246.0,5173.75,8118.354166666667,1060.0,4004.604166666668,1887.0,3282.0,1338.0,2733.0,2566.0,3036.3125,594.0,1064.3125,13986.75,19916.666666666668,3118.0,9047.916666666668,4.0,16.3,0.0,393.0,19089.580100000003,4.0,25.0,17.316,307.8333333333333,10522.421,29612.0011,22305.865900000004,162.7,408.306,80.0,1479.7375,576.2917,340.3,0.0,186.5,3233.8352000000004,111.5,91.7,3843.7,398.1,4445.0,0.0,40.0959,130.0,170.0959,0.0,7601.697903020953,108.43561271010819,138.7975842689385,0.0,1.3329,2.5108,0.1115,0.5242,2.6735,30.0,647.0,4.0,0,
2026-02-04,2023.0840043960623,1943.3971443917746,2590.097,2590.099,0.0,2221.099,10.0,0.0,0.0,0.0,0.0,359.0,0.0,9812.0,573.0,14724.0,903.5,4957.0,479.0,12418.5,570.5,72.0,41911.5,2598.0,39385.5,39498.913,39517.75,7.0,38.0,15.0,30.0,60.0,"*Sumur Gain*
B-206 : 34 (+12) Gross Naik (+184) Prod. 24 jam, ex. manual off due to change valve header
B-146 : 32 (+11) KA Turun (-3.7%) 
B-238 : 10 (+10) KA Turun (-0.4%) 
B-147 : 24 (+8) KA Turun (-0.6%) 
BN-026 : 40 (+5) Gross Naik (+8) 
BN-058 : 53 (+5) KA Turun (-1.2%) 
B-179 : 145 (+4) Gross Naik (+185) 
B-199 : 166 (+3) Gross Naik (+13) 
B-231 : 24 (+3) KA Turun (-0.7%) 
B-194 : 51 (+3) Gross Naik (+51) 
B-216 : 29 (+2) Gross Naik (+169) 
B-208 : 29 (+2) Gross Naik (+270) 

*Sumur Low*
B-237 : 40 (-8) Gross Turun (-37) 
B-196 : 117 (-8) Gross Turun (-10) 
B-159 : 13 (-6) KA Naik (+18.8%) 
B-232 : 19 (-6) KA Naik (+1.7%) 
B-181 : 32 (-5) KA Naik (+0.7%) 
B-214 : 16 (-3) Gross Turun (-2) 
B-173 : 38 (-2) Gross Turun (-19) ",7423.30110660022,4765.759310437342,6270.62086382018,4025.7385945725555,7801.8212,4360.0,5266.0,126.0,1032.0,5242.0,8083.0,1060.0,3901.0,1887.0,3163.0,1338.0,2614.0,2566.0,3017.0,594.0,1045.0,14055.0,19529.0,3118.0,8592.0,4.0,15.7,0.0,398.0,17387.129799999995,4.0,25.0,0.0,313.625,11013.06,28400.189799999993,21115.248699999993,160.7,400.87,80.0,1284.9294,575.5417,304.09999999999997,0.0,302.2999999999993,3108.441099999999,159.0,90.1,3905.1000000000004,386.0,4540.200000000001,0.0,30.1801,123.0,153.1801,0.0,7614.766362104284,113.50414920856612,73.55068868715085,0.0,1.3257,2.5794,0.159,0.4775,2.7241,30.0,670.0,4.0,0,
2026-02-05,2023.0840043960623,1943.3971443917746,2604.043,2604.059,0.0,2232.059,21.0,0.0,0.0,0.0,0.0,351.0,0.0,10006.5,574.0,14824.0,907.5,5158.5,481.0,12501.5,571.5,70.0,42490.5,2604.0,39956.5,40185.94,40120.625,7.0,38.0,15.0,30.0,60.0,"*Sumur Gain*
B-238 : 21 (+11) KA Turun (-0.5%) 
B-208 : 40 (+11) KA Turun (-0.8%) 
BN-039 : 48 (+8) KA Turun (-0.2%) 
B-102 : 85 (+8) Gross Naik (+139) 
B-198 : 83 (+6) Gross Naik (+32) 
B-211 : 50 (+5) KA Turun (-11.5%) 
B-160 : 73 (+4) Gross Naik (+211) 
BN-015 : 80 (+3) KA Turun (-1.2%) 

*Sumur Low*
B-151 : 218 (-16) Gross Turun (-114) 
BN-022 : 13 (-8) KA Naik (+2.1%) 
B-169 : 34 (-5) KA Naik (+1.1%) 
B-196 : 112 (-5) KA Naik (+2.8%) 
B-081 : 40 (-4) KA Naik (+0.2%) 
BN-026 : 37 (-3) Gross Turun (-8) 
B-213 : 61 (-3) KA Naik (+1.3%) 
BN-017 : 11 (-2) Gross Turun (-19) 
B-185 : 27 (-2) KA Naik (+0.4%) ",7423.30110660022,4765.759310437342,6270.62086382018,4025.7385945725555,7760.1248000000005,4360.0,5280.0,126.0,1046.0,5242.0,8072.0,1065.0,3895.0,1887.0,3109.0,1338.0,2560.0,2566.0,3007.0,594.0,1035.0,14055.0,19468.0,3123.0,8536.0,3.0,16.5,0.0,400.0,16958.487699999998,4.0,25.0,0.0,310.875,11744.576700000001,28703.0644,21425.118999999995,161.915,400.808,80.0,1181.8124,570.625,327.90000000000003,0.0,280.3000000000011,3003.360400000001,150.79999999999998,92.5,3980.2,403.0,4626.5,0.0,20.2644,110.0,130.2644,0.0,7581.940116213685,104.54713589503282,73.63754789128399,0.0,1.2066,2.7736,0.1508,0.5071,2.6448,30.0,670.0,4.0,0,
2026-02-06,2023.0840043960623,1943.3971443917746,2610.074,2610.063,0.0,2243.063,32.0,0.0,0.0,0.0,0.0,335.0,0.0,10727.75,576.5,14977.416666666664,928.4583333333334,5190.916666666667,472.75,12566.666666666666,562.6666666666667,70.0,43462.75,2610.375,40922.375,41363.16433334327,41105.20833334327,7.0,39.0,15.0,30.0,61.0,"*Sumur Gain*
B-238 : 32 (+11) KA Turun (-0.4%) 
BN-024 : 24 (+11) Gross Naik (+772) 
B-229 : 9 (+9) Gross Naik (+321) Pkl 14.00 buka sumur ex imbangi debit air MGS. Pkl 15.26 update GI 438 Mscfd
B-186 : 27 (+8) KA Turun (-11.4%) 
B-208 : 48 (+8) KA Turun (-0.6%) 
B-243 : 90 (+6) KA Turun (-0.1%) 
B-236 : 55 (+5) KA Turun (-0.8%) 
B-234 : 93 (+5) Gross Naik (+39) 
B-225 : 32 (+3) Gross Naik (+124) 
B-207 : 16 (+3) Gross Naik (+25) 
B-214 : 19 (+3) Gross Naik (+2) 
BN-017 : 13 (+2) Gross Naik (+19) 

*Sumur Low*
B-151 : 202 (-16) KA Naik (+0.9%) 
B-206 : 27 (-7) Gross Turun (-291) 
B-169 : 28 (-7) Gross Turun (-48) 
B-199 : 160 (-6) KA Naik (+0.3%) 
B-196 : 106 (-6) Gross Turun (-13) 
BN-015 : 75 (-5) KA Naik (+1.9%) 
B-147 : 19 (-5) KA Naik (+0.5%) 
BN-058 : 49 (-4) KA Naik (+1%) 
B-194 : 48 (-3) KA Naik (+0.2%) 
B-173 : 35 (-3) KA Naik (+10.7%) 
B-223 : 17 (-2) Gross Turun (-3) Pkl 09.25 - 11.25 tutup sumur/GI imbangi tekanan jaringan, perbaikan K#4 SKG Bunyu
B-232 : 17 (-2) Gross Turun (-43) Pkl 09.25 - 11.25 tutup sumur/GI imbangi tekanan jaringan, perbaikan K#4 SKG Bunyu
B-239 : 10 (-1) Gross Turun (-2) Pkl 09.30 - 11.30 tutup sumur/GI imbangi tekanan jaringan, perbaikan K#4 SKG Bunyu
B-227 : 12 (-1) Gross Turun (-2) Pkl 09.15 - 11.15 tutup sumur/GI imbangi tekanan jaringan, perbaikan K#4 SKG Bunyu
B-212 : 10 (-1) Gross Turun (-7) Pkl 09.20 - 11.20 tutup sumur/GI imbangi tekanan jaringan, perbaikan K#4 SKG Bunyu",7423.30110660022,4765.759310437342,6270.62086382018,4025.7385945725555,8084.1819,4360.0,5208.0,126.0,974.0,5162.75,7922.083333333334,1065.0,3824.333333333334,1855.25,3002.6666666666665,1338.0,2485.416666666666,2720.75,3129.75,594.0,1003.0,14098.75,19262.5,3123.0,8286.75,3.0,16.5,0.0,396.0,16483.6973,4.0,24.708333333333332,85.259,306.7916666666667,11768.008499999998,28251.705799999996,20661.2204,163.3,399.147,80.0,1170.4551,573.0833,326.6,0.0,207.19999999999982,2919.7853999999993,200.3,91.0,4367.7,365.0,5024.0,0.0,30.3965,110.0,140.3965,0.0,7891.997529251515,112.18884586840434,79.99552488007963,0.0,1.4546,2.9131,0.2003,0.4685,2.7128,30.0,670.0,4.0,0,
2026-02-07,2023.0840043960623,1943.3971443917746,2630.042,2630.069,0.0,2271.069,32.0,0.0,0.0,0.0,0.0,327.0,0.0,10894.375,572.0,14989.5,932.0,5158.166666666667,475.6666666666667,12829.0,586.0,64.0,43871.04166666667,2629.666666666667,41305.37500000001,41493.767,41626.625,7.0,40.0,15.0,30.0,62.0,"*Sumur Gain*
B-229 : 21 (+12) Gross Naik (+450) Prod. 24 jam, ex. imbangi debit air MGS
B-220 : 11 (+11) KA Turun (-2.1%) 
B-196 : 112 (+6) Gross Naik (+10) 
B-208 : 54 (+6) Gross Naik (+115) 
B-219 : 53 (+5) KA Turun (-0.5%) 
B-203 : 21 (+5) KA Turun (-2.4%) 
B-146 : 35 (+3) Gross Naik (+8) 
B-216 : 32 (+3) KA Turun (-0.8%) 
B-125 : 19 (+3) KA Turun (-0.3%) 
B-181 : 35 (+3) KA Turun (-0.3%) 
BN-026 : 40 (+3) Gross Naik (+13) 
BN-017 : 16 (+3) Gross Naik (+38) 
B-223 : 19 (+2) Gross Naik (+3) Prod. 24 jam, ex. imbangi tekanan jaringan, perbaikan K#4 SKG Bunyu
B-232 : 19 (+2) Gross Naik (+43) Prod. 24 jam, ex. imbangi tekanan jaringan, perbaikan K#4 SKG Bunyu
B-132 : 27 (+2) KA Turun (-1.1%) 
B-227 : 13 (+1) Gross Naik (+2) Prod. 24 jam, ex. imbangi tekanan jaringan, perbaikan K#4 SKG Bunyu
B-212 : 11 (+1) Gross Naik (+7) Prod. 24 jam, ex. imbangi tekanan jaringan, perbaikan K#4 SKG Bunyu

*Sumur Low*
B-151 : 194 (-8) Gross Turun (-37) 
B-194 : 40 (-8) KA Naik (+0.9%) 
B-195 : 8 (-8) KA Naik (+2%) 
B-239 : 5 (-5) KA Naik (+28.6%) Prod. 24 jam, ex. imbangi tekanan jaringan, perbaikan K#4 SKG Bunyu
B-191 : 51 (-5) KA Naik (+2.8%) 
B-173 : 32 (-3) Gross Turun (-10) 
BN-018 : 120 (-3) KA Naik (+0.2%) 
B-214 : 16 (-3) Gross Turun (-2) 
BN-022 : 11 (-2) KA Naik (+0.4%) ",7423.30110660022,4765.759310437342,6270.62086382018,4025.7385945725555,8769.2573,4360.0,5116.0,126.0,882.0,5242.0,8026.0,1065.0,3849.0,1887.0,3032.0,1372.0,2517.0,3004.0,3413.0,594.0,1003.0,14493.0,19587.0,3157.0,8251.0,3.0,16.5,0.0,401.0,17668.305500000002,4.0,25.0,0.0,300.375,11410.3308,29078.636300000002,20782.525,162.9,390.81,80.0,1255.5013,574.0,322.29999999999995,0.0,360.60000000000036,3146.1113000000005,98.6,94.2,4920.299999999999,339.8,5452.9,0.0,110.246,60.0,170.24599999999998,0.0,8559.883443728031,122.22331711307719,87.15053915888981,0.0,1.7049,3.254,0.0986,0.5822,2.4346,30.0,670.0,4.0,0,
2026-02-08,2023.0840043960623,1943.3971443917746,2615.067,2615.086,0.0,2246.086,44.5,0.0,0.0,0.0,0.0,324.5,0.0,11198.708333333332,589.5833333333333,14738.5,945.0,5059.916666666667,439.2916666666667,12253.0,578.5,63.0,43250.125,2615.375,40697.75,40804.74766667163,40755.666666671634,7.0,40.0,15.0,30.0,62.0,"*Sumur Low*
B-146 : 20 (-14) Gross Turun (-89) Pkl 14.00 tutup dan kosongkan sumur, Program WI
B-234 : 82 (-11) KA Naik (+2.3%) 
B-196 : 104 (-8) KA Naik (+3.1%) 
B-147 : 12 (-7) KA Naik (+0.8%) 
BN-058 : 43 (-6) KA Naik (+1.8%) 
 B-096 : 43 (-6) Gross Turun (-158) 
B-231 : 21 (-3) KA Naik (+0.9%)

*Sumur Gain*
BN-014 : 10 (+10) Gross Naik (+586) Prod. 24 jam, ex. Start sumur. Pkl 07.02 ukur GI 420 Mscfd
B-194 : 48 (+8) KA Turun (-2.7%) 
B-206 : 32 (+5) Gross Naik (+32) 
B-238 : 35 (+3) KA Turun (-0.2%) 
B-217 : 51 (+3) KA Turun (-2.1%) 
B-214 : 19 (+3) Gross Naik (+2) 
B-179 : 148 (+3) KA Turun (-0.7%) 
B-102 : 88 (+3) Gross Naik (+37) 
B-081 : 43 (+3) KA Turun (-0.3%) 
B-211 : 51 (+1) KA Turun (-6.5%)",7423.30110660022,4765.759310437342,6270.62086382018,4025.7385945725555,8393.230500000001,4780.0,5939.0,126.0,1285.0,5242.0,7993.0,1218.0,3969.0,1691.5833333333335,2733.666666666667,1364.0,2406.0833333333335,3004.0,3417.0,594.0,1007.0,14717.583333333334,20082.666666666668,3302.0,8667.083333333334,3.0,16.5,0.0,401.0,18276.913200000003,4.0,25.0,15.513,295.1666666666667,11578.8614,29855.774600000004,21846.0551,163.5,391.218,80.0,1307.8598,574.0417,326.5,0.0,253.90000000000055,3097.0195000000003,91.39999999999999,91.39999999999999,4629.6,363.8,5176.200000000001,0.0,100.011,20.0,120.011,0.0,7922.10238443825,78.44065233402245,392.6874632277296,0.0,1.694,2.9356,0.0914,0.5623,2.4922,30.0,670.0,4.0,0,BN-46 Pkl. 16.00 Tutup Flowline untuk BNB-03 B-137 Pkl. 17.00 Tutup Disconnect Flowline req WLI
2026-02-09,2023.0840043960623,1943.3971443917746,2605.053,2605.072,0.0,2218.072,65.5,0.0,0.0,0.0,0.0,321.5,0.0,11308.375,607.5,14404.0,943.0,4967.5,406.5,12529.75,586.0,62.0,43209.625,2605.0,40666.625,40821.2399999851,40730.6249999851,7.0,40.0,15.0,27.0,62.0,"*Sumur Low*
B-146 : 0 (-20) Gross Turun (-124) Shut in 24 jam, Program WI
B-173 : 26 (-6) Gross Turun (-10) Prod. 24 jam, ex. Manual Start : Problem Engine Off (Sensore Temperature Error) 
B-234 : 77 (-5) Gross Turun (-29) 
BN-017 : 11 (-5) Gross Turun (-57) 
B-225 : 27 (-5) Gross Turun (-94) 
BN-058 : 39 (-4) KA Naik (+1.1%) 
B-186 : 23 (-4) Gross Turun (-8) 
B-196 : 101 (-3) KA Naik (+2.1%) 
BN-015 : 72 (-3) Gross Turun (-46) 
B-151 : 191 (-3) KA Naik (+1.1%) 
B-213 : 59 (-2) Gross Turun (-200)

*Sumur Gain*
BN-014 : 31 (+21) KA Turun (-2.3%) 
B-227 : 21 (+8) Gross Naik (+53) 
B-237 : 45 (+5) Gross Naik (+50) 
B-232 : 23 (+4) KA Turun (-1.6%) 
BN-026 : 43 (+3) KA Turun (-1.8%) 
BN-018 : 123 (+3) KA Turun (-0.1%) 
B-132 : 30 (+3) KA Turun (-1.3%) 
BN-022 : 13 (+2) KA Turun (-0.8%) 
B-160 : 75 (+2) Gross Naik (+102)",7423.30110660022,4765.759310437342,6270.62086382018,4025.7385945725555,8051.5887,4780.0,5992.5,126.0,1338.5,5242.0,7860.0,1218.0,3836.0,1490.0,2374.0,1364.0,2248.0,3059.416666666667,3472.416666666667,594.0,1007.0,14571.416666666668,19698.916666666668,3302.0,8429.5,4.0,16.4,0.0,402.0,18824.682499999995,4.0,25.0,101.32299999999998,320.4583333333333,11506.0305,30330.712999999996,22642.731199999984,163.325,404.775,80.0,1429.8735,573.3333,346.2,0.0,201.30000000000018,3198.8068000000003,153.2,91.0,4248.5,289.8,4782.5,0.0,20.2819,50.0,70.28190000000001,0.0,7542.961737220475,77.36860842280088,431.2583543567234,0.0,1.752,2.4965,0.1532,0.4969,2.4949,27.0,670.0,4.0,0,
2026-02-10,2023.0840043960623,1943.3971443917746,2595.071,2595.077,0.0,2222.577,59.0,0.0,0.0,0.0,0.0,313.5,0.0,10494.5,599.5,13678.5,938.75,4758.0,414.0,12514.5,581.5,61.0,41445.5,2594.75,38911.75,39060.692,39282.0,7.0,40.0,15.0,27.0,62.0,"*Sumur Low*
B-208 : 43 (-11) Gross Turun (-679) 
B-102 : 80 (-8) KA Naik (+1.4%) 
B-229 : 15 (-7) KA Naik (+1.3%) 
BN-014 : 24 (-7) Gross Turun (-119) 
B-214 : 13 (-6) Gross Turun (-5) 
B-223 : 13 (-5) Gross Turun (-12) 
BN-017 : 8 (-3) Gross Turun (-35) 
B-220 : 8 (-3) Gross Turun (-125)

*Sumur Gain*
B-194 : 54 (+6) KA Turun (-1.6%) 
B-234 : 82 (+5) KA Turun (-4.9%) 
B-196 : 106 (+5) KA Turun (-1.9%) 
B-216 : 37 (+5) KA Turun (-0.7%) 
B-173 : 29 (+3) Gross Naik (+5) 
B-243 : 93 (+3) KA Turun (-0.8%) 
B-239 : 8 (+3) KA Turun (-18.3%) 
B-236 : 58 (+3) KA Turun (-1.4%) 
B-199 : 163 (+3) Gross Naik (+65) 
B-195 : 11 (+3) KA Turun (-1.9%) 
B-125 : 19 (+1) KA Turun (-0.4%)",7423.30110660022,4765.759310437342,6270.62086382018,4025.7385945725555,8072.5081,4780.0,6034.0,126.0,1380.0,5242.0,7869.0,1218.0,3845.0,1490.0,2248.0,1459.0,2217.0,3144.0,3555.0,594.0,1005.0,14656.0,19706.0,3397.0,8447.0,3.0,16.5,0.0,402.0,18798.8258,4.0,24.958333333333332,428.38699999999983,314.5,11822.344000000001,30621.1698,22892.938199999997,163.125,403.803,80.0,1497.1703,571.4583,200.6,0.0,197.5,3113.6566,275.7,87.4,4239.4,300.20000000000005,4902.7,0.0,11.1515,45.0,56.1515,0.0,7573.6506087960215,77.40892104889309,421.4485701550846,0.0,1.7783,2.4611,0.2757,0.3806,2.4921,27.0,675.0,4.0,0,B-23 Pkl. 09.40 Tutup sumur
2026-02-11,2023.0840043960623,1943.3971443917746,2580.065,2580.077,0.0,2210.577,56.0,0.0,0.0,0.0,0.0,313.5,0.0,10403.0,599.0,13234.0,920.75,4724.5,414.0,12158.0,585.5,61.0,40519.5,2580.25,38000.25,38232.87733332836,38281.083333328366,7.0,40.0,15.0,26.0,62.0,"*Sumur Low*
B-234 : 59 (-23) Gross Turun (-43) Pkl 14.45 optimasi GI 245 Mscfd
B-191 : 43 (-8) KA Naik (+2.8%) 
B-212 : 5 (-6) Gross Turun (-40) 
B-185 : 23 (-4) KA Naik (+0.6%) 
B-169 : 24 (-4) KA Naik (+1.1%) 
B-208 : 40 (-3) Gross Turun (-118) Pkl 00.00 optimasi GI ke 450 Mscfd
BN-014 : 21 (-3) Gross Turun (-45) 
B-198 : 82 (-3) KA Naik (+4.2%) 
B-136 : 37 (-3) KA Naik (+0.1%)

*Sumur Gain*
BN-058 : 48 (+9) KA Turun (-4.2%) 
BN-015 : 80 (+8) Gross Naik (+40) 
BN-022 : 19 (+6) KA Turun (-1.2%) 
B-132 : 35 (+6) KA Turun (-3.9%) 
B-196 : 112 (+6) Gross Naik (+10) 
BN-017 : 11 (+3) Gross Naik (+33) 
B-159 : 16 (+3) Gross Naik (+37) 
B-229 : 16 (+2) Gross Naik (+44)",7423.30110660022,4765.759310437342,6270.62086382018,4025.7385945725555,8556.8644,4780.0,6150.5,126.0,1496.5,5242.0,7899.0,1243.0,3900.0,1486.0,2268.0,1459.0,2241.0,3144.0,3555.0,594.0,1005.0,14652.0,19872.5,3422.0,8642.5,4.0,16.3,0.0,398.0,18452.7508,4.0,25.0,0.0,270.375,11797.8627,30250.6135,21937.149100000002,163.4,394.816,80.0,1451.7401,570.2083,316.2,0.0,157.0,3133.3643999999995,273.1,91.80000000000001,4737.9,311.0,5413.799999999999,9.700000000000001,0.0,0.0,9.700000000000001,0.0,8039.541675209721,80.19739848423491,437.12532630604585,0.2377,1.5138,2.8892,0.3731,0.3,2.3004,26.0,666.0,4.0,0,
2026-02-12,2023.0840043960623,1943.3971443917746,2575.07,2575.074,0.0,2226.574,59.0,0.0,0.0,0.0,0.0,289.5,0.0,10161.0,602.5,13149.0,878.25,6130.9375,450.5,12631.0,586.6666666666667,57.0,42071.9375,2574.916666666667,39554.020833333336,39684.271,39736.5,7.0,42.0,15.0,26.0,64.0,"*Sumur Low*
B-102 : 56 (-24) KA Naik (+5.1%) 
BN-026 : 32 (-11) Gross Turun (-30) 
B-217 : 43 (-8) KA Naik (+1.1%) 
B-181 : 29 (-6) KA Naik (+0.4%) 
B-231 : 16 (-5) KA Naik (+0.9%) 
B-219 : 48 (-5) Gross Turun (-72) 
B-220 : 5 (-3) KA Naik (+0.9%) 
B-147 : 9 (-3) KA Naik (+0.2%) 
B-160 : 72 (-3) KA Naik (+0.1%)

*Sumur Gain*
B-234 : 79 (+20) KA Turun (-5.5%) Pkl 00.00 bean up dari SB 28 ke SB 38
B-140 : 18 (+18) Gross Naik (+1430) Pkl 10.30 buka sumur, ex imbangi debit air MGS. Pkl 17.36 ukur GI 320 Mscfd 
B-144 : 11 (+11) Gross Naik (+548) Pkl 08.00 buka sumur, ex imbangi debit air MGS. Pkl 17.10 ukur GI 404 Mscfd 
BN-039 : 51 (+3) KA Turun (-0.2%) 
BN-024 : 27 (+3) KA Turun (-0.6%) 
B-173 : 32 (+3) Gross Naik (+37) 
B-199 : 166 (+3) KA Turun (-0.6%) 
BN-014 : 24 (+3) KA Turun (-0.4%) 
B-196 : 114 (+2) KA Turun (-3.7%) 
B-229 : 18 (+2) Gross Naik (+33)",7423.30110660022,4765.759310437342,6270.62086382018,4025.7385945725555,8005.8332,4780.0,6169.0,126.0,1515.0,5242.0,7838.0,1243.0,3839.0,1662.0,2467.6875,1459.0,2264.6875,3413.333333333333,3828.333333333333,594.0,1009.0,15097.333333333332,20303.020833333332,3422.0,8627.6875,4.0,16.5,0.0,399.0,19382.4522,4.0,25.0,0.0,307.125,11242.1977,30624.6499,22985.7917,162.975,388.876,80.0,1531.1322,571.75,337.1,0.0,158.0,3229.8332,270.7,88.5,4065.3999999999996,283.6,4708.2,5.8,0.0,62.0,67.8,0.0,7513.105869623234,75.1617961591678,417.5655342175989,0.0353,0.746,3.1883,0.3707,0.3,2.5004,26.0,658.0,4.0,0,
2026-02-13,2023.0840043960623,1943.3971443917746,2410.067,2410.083,0.0,2249.583,62.0,0.0,0.0,0.0,0.0,98.5,0.0,10190.5,594.0,13166.5,871.25,7284.5,471.0,12634.0,409.5,64.0,43275.5,2409.75,40929.75,41210.59533332837,40944.333333328366,7.0,43.0,15.0,26.0,65.0,"*Sumur Low*
B-151 : 8 (-183) KA Naik (+13.8%) 
B-102 : 48 (-8) KA Naik (+1.9%) 
B-194 : 48 (-6) KA Naik (+1.9%) 
B-196 : 109 (-5) Gross Turun (-6) 
B-195 : 7 (-4) KA Naik (+1.5%) 
B-179 : 145 (-3) KA Naik (+0.1%) 
BN-018 : 120 (-3) Gross Turun (-56) 
B-227 : 19 (-3) Gross Turun (-8) 
B-239 : 6 (-3) KA Naik (+18.2%) 
B-208 : 38 (-3) KA Naik (+0.9%)

*Sumur Gain*
B-140 : 40 (+22) Gross Naik (+1118) Prod. 24 jam, ex. Buka sumur
B-214 : 19 (+6) Gross Naik (+5) 
B-144 : 16 (+5) Gross Naik (+274) Prod. 24 jam, ex. Buka sumur
B-213 : 62 (+3) Gross Naik (+34) 
B-237 : 48 (+3) KA Turun (-4.7%) 
B-198 : 85 (+3) KA Turun (-2.8%) 
BN-014 : 27 (+3) KA Turun (-0.8%) 
B-211 : 53 (+2) Gross Naik (+8)",7423.30110660022,4765.759310437342,6270.62086382018,4025.7385945725555,8603.833000000002,4780.0,6088.0,126.0,1434.0,5242.0,7846.0,1136.0,3740.0,2034.0,2754.0,1459.0,2179.0,3648.0,4063.0,594.0,1009.0,15704.0,20751.0,3315.0,8362.0,4.0,16.5,0.0,399.0,19922.2071,4.0,25.0,0.0,272.3333333333333,10979.854599999999,30902.0617,22541.5287,163.3,404.252,80.0,1573.406,572.375,288.9,0.0,55.10000000000127,3137.3330000000014,255.9,89.6,4816.299999999999,293.1,5454.9,11.6,0.0,0.0,11.6,0.0,8057.476228533846,83.34255835924421,463.01421310691234,0.1697,1.4625,3.0883,0.3559,0.3,2.0793,26.0,670.0,4.0,0,
2026-02-14,2023.0840043960623,1943.3971443917746,2380.053,2380.186,0.0,2217.686,64.0,0.0,0.0,0.0,0.0,98.5,0.0,10336.166666666668,574.6666666666666,12669.5,882.25,7589.0,464.0,12521.0,400.0,59.0,43115.66666666667,2379.9166666666665,40794.75000000001,40095.678666671636,40625.416666671634,7.0,43.0,15.0,26.0,65.0,"*Sumur Low*
BN-026 : 7 (-25) KA Naik (+41.5%) Pkl 10.20 optimasi GI 447 Mscfd. Pkl 16.30 restart sumur dan ukur GI di 410 Mscfd 
BN-015 : 74 (-7) KA Naik (+2.9%) 
B-236 : 51 (-7) Gross Turun (-74) 
B-229 : 11 (-7) KA Naik (+0.9%) 
BN-058 : 44 (-4) KA Naik (+2.1%) 
B-159 : 13 (-3) Gross Turun (-34) 
B-206 : 29 (-3) KA Naik (+1.6%) 
B-199 : 163 (-3) Gross Turun (-24)

*Sumur Gain*
B-191 : 55 (+12) KA Turun (-14.1%) 
B-225 : 32 (+5) KA Turun (-1.3%) 
B-169 : 29 (+5) KA Turun (-1.8%) 
B-234 : 82 (+4) Gross Naik (+149) 
B-144 : 19 (+3) KA Turun (-0.4%) 
BN-014 : 29 (+2) KA Turun (-0.3%) 
BN-024 : 29 (+2) Gross Naik (+209) 
B-186 : 24 (+1) Gross Naik (+3)",7423.30110660022,4765.759310437342,6270.62086382018,4025.7385945725555,8348.2021,4785.666666666667,6065.666666666667,126.0,1406.0,5242.0,7909.0,1136.0,3803.0,2042.0,2743.0,1298.0,1999.0,3648.0,4063.0,594.0,1009.0,15717.666666666668,20780.666666666668,3154.0,8217.0,4.0,16.5,0.0,402.0,22636.0873,4.0,24.604166666666668,0.0,284.625,9247.1715,31883.2588,23777.9817,162.925,394.018,80.0,1770.7774,578.0417,322.79999999999995,0.0,-335.3600000000006,2973.2020999999995,157.6,92.60000000000001,4830.0,294.8,5375.0,0.0,0.0,0.0,0.0,0.0,7817.86724589266,82.29333943044905,448.04151467688934,0.0,1.5687,3.0613,0.1576,0.5195,1.4028,26.0,670.0,4.0,0,
2026-02-15,2023.0840043960623,1943.3971443917746,2395.052,2395.065,0.0,2232.565,64.0,0.0,0.0,0.0,0.0,98.5,0.0,10150.25,577.0,12756.583333333332,879.1041666666667,7530.333333333334,468.0,12782.5,413.0,58.0,43219.666666666664,2395.104166666667,40882.5625,40988.932666656736,40607.29166665673,7.0,43.0,15.0,26.0,65.0,"*Sumur Gain*
B-173 : 38 (+6) KA Turun (-16.1%) 
B-196 : 114 (+5) Gross Naik (+11) 
B-220 : 9 (+4) KA Turun (-0.9%) 
B-203 : 25 (+4) Gross Naik (+107) 
B-232 : 27 (+4) KA Turun (-1.6%) 
B-181 : 32 (+3) KA Turun (-0.2%) 
B-231 : 19 (+3) Gross Naik (+43) 
B-194 : 51 (+3) KA Turun (-1%) 
B-234 : 85 (+3) KA Turun (-3.5%) 
B-147 : 11 (+2) Gross Naik (+77) 
B-132 : 37 (+2) Gross Naik (+29) 
B-238 : 37 (+2) Gross Naik (+99) 

*Sumur Low*
B-219 : 40 (-8) KA Naik (+1.1%) 
BN-058 : 40 (-4) KA Naik (+2.2%) 
B-208 : 33 (-4) KA Naik (+0.6%) 
BN-022 : 16 (-3) KA Naik (+0.6%) 
B-223 : 11 (-3) Gross Turun (-4) 
B-212 : 2 (-3) Gross Turun (-24) Pkl 09.30 kosongkan sumur, Program WO
BN-014 : 27 (-2) Gross Turun (-43) ",7423.30110660022,4765.759310437342,6270.62086382018,4025.7385945725555,8388.0854,4770.0,6349.0,126.0,1705.0,5018.458333333334,7630.5,1136.0,3748.041666666666,2042.0,2901.3333333333335,1349.0,2208.333333333334,3648.0,4058.0,594.0,1004.0,15478.458333333334,20938.833333333336,3205.0,8665.375,3.0,16.3,0.0,393.0,18469.5454,4.0,24.625,85.061,298.4583333333333,11894.0036,30363.549,22218.988599999993,163.525,398.414,80.0,1462.3964,573.75,335.7,0.0,105.39999999999964,3119.1853999999994,244.5,89.39999999999999,4602.4,303.8,5240.099999999999,28.8,0.0,0.0,28.8,0.0,7855.362580910616,93.25069334756614,439.472125741817,0.601,1.55,2.4514,0.2445,0.4,1.5948,26.0,670.0,4.0,0,
2026-02-16,2023.0840043960623,1943.3971443917746,2365.05,2365.056,0.0,2198.556,64.0,0.0,0.0,0.0,0.0,102.5,0.0,9982.25,571.625,12570.791666666666,860.625,7820.083333333334,471.0,13128.0,398.0,64.0,43501.125,2365.25,41199.875,40888.308,40700.25,7.0,42.0,16.0,26.0,65.0,"*Sumur Low*
B-186 : 6 (-18) Gross Turun (-36) 
B-206 : 17 (-12) KA Naik (+5.8%) 
B-198 : 77 (-8) KA Naik (+1.6%) 
B-208 : 29 (-4) Gross Turun (-52) 
B-196 : 110 (-4) Gross Turun (-10) 
B-173 : 35 (-3) KA Naik (+8.8%) 
B-212 : 0 (-2) Gross Turun (-16) Program WO
B-243 : 91 (-2) KA Naik (+0.3%) 
BN-024 : 27 (-2) Gross Turun (-300) 
BN-026 : 7 (-1) KA Naik (+12.2%) Pkl 16.30 tutup sumur/GI program FSBHP

*Sumur Gain*
B-214 : 24 (+5) Gross Naik (+6) 
B-151 : 12 (+4) Gross Naik (+285) 
B-207 : 19 (+3) KA Turun (-12.1%) 
BN-018 : 123 (+3) Gross Naik (+166) 
BN-017 : 13 (+2) KA Turun (-1.4%) 
B-125 : 21 (+2) KA Turun (-0.3%) 
B-229 : 12 (+1) KA Turun (-0.1%) 
B-195 : 8 (+1) KA Turun (-0.8%)",7423.30110660022,4765.759310437342,6270.62086382018,4025.7385945725555,7784.686200000001,4641.875,6152.875,126.0,1637.0,4872.0,7523.0,889.4583333333333,3540.458333333334,2042.0,2997.0,1364.0,2319.0,3648.0,4057.0,594.0,1003.0,15203.875,20729.875,2973.458333333333,8499.458333333334,4.0,16.1,0.1,395.0,18862.8774,4.0,24.375,0.0,242.54166666666666,11223.7189,30086.5963,22545.1351,163.225,407.413,80.0,1500.6315,571.4167,329.2,0.0,55.00000000000091,3106.886200000001,234.4,91.2,4035.8999999999996,316.3,4677.8,0.0,0.0,0.0,0.0,0.0,7228.7325923602975,154.78774248947244,401.16586515023033,0.0,1.5749,2.461,0.2344,0.4277,1.5568,26.0,670.0,4.0,0,
2026-02-17,2023.0840043960623,1943.3971443917746,2350.121,2350.129,0.0,2188.754,66.0,0.0,0.0,0.0,0.0,95.375,0.0,10206.833333333332,573.625,13076.59375,858.625,8282.375,471.5625,12262.03125,387.875,58.0,43827.83333333333,2349.6875,41536.14583333333,40818.45,40765.0,7.0,44.0,16.0,27.0,67.0,"*Sumur Low*
B-151 : 5 (-7) Gross Turun (-772) Pkl 09.40 tutup sumur (WC 100%)
B-173 : 29 (-6) Gross Turun (-13) 
B-132 : 32 (-5) KA Naik (+1.4%) 
B-237 : 44 (-4) Gross Turun (-11) 
B-185 : 20 (-4) KA Naik (+0.5%) 
B-199 : 160 (-3) KA Naik (+0.7%) 
B-239 : 2 (-3) Gross Turun (-14) Pkl 09.10 kosongkan sumur, Program WO
B-144 : 16 (-3) KA Naik (+0.3%) 
B-208 : 27 (-2) Gross Turun (-24)

*Sumur Gain*
BN-038 : 10 (+10) Gross Naik (+229) Pkl 10.50 buka sumur ex imbangi debit air MGS. Pkl 15.25 ukur GI 534 Mscfd
B-234 : 89 (+4) Gross Naik (+35) 
B-186 : 9 (+3) Gross Naik (+5) 
B-213 : 65 (+3) KA Turun (-3.6%) 
B-147 : 14 (+3) KA Turun (-0.5%) 
BN-014 : 29 (+2) KA Turun (-0.6%) 
B-220 : 11 (+2) KA Turun (-0.5%) 
BN-026 : 8 (+1) KA Turun (-58.9%) Pkl 10.00 buka sumur ex Program FSBHP",7423.30110660022,4765.759310437342,6270.62086382018,4025.7385945725555,8590.203499999998,4888.416666666667,6376.0,126.0,1613.583333333333,5070.416666666667,7671.34375,1175.0,3775.927083333333,1731.875,2641.75,1364.0,2273.875,3358.84375,3764.84375,594.0,1000.0,15049.552083333336,20453.9375,3259.0,8663.385416666666,4.0,16.5,0.0,399.0,21322.264900000002,4.0,24.833333333333332,0.0,296.7083333333333,10100.4313,31422.696200000002,23075.742700000003,163.25,406.366,80.0,1678.9042,577.0833,322.40000000000003,0.0,175.3,3403.3035000000004,231.8,89.5,4509.5,320.0,5150.8,36.1,0.0,0.0,36.1,0.0,7795.546284011371,15.7925430319171,778.8646729567083,0.4496,1.4192,2.6407,0.2318,0.4,1.2032,27.0,670.0,4.0,0,
2026-02-18,2023.0840043960623,1943.3971443917746,2340.052,2340.053,0.0,2187.553,62.0,0.0,0.0,0.0,0.0,90.5,0.0,10425.5,579.0,13358.0,860.625,5718.0,453.75,11337.5,387.0,60.0,40839.0,2340.375,38558.625,40126.28566667163,40298.666666671634,7.0,42.0,16.0,27.0,65.0,"*Sumur Low*
B-140 : 24 (-16) Gross Turun (-2085) Pkl 07.00 bean down ke SB 33
B-151 : 0 (-5) Gross Turun (-529) Shut in 24 jam, (WC 100%)
BN-015 : 69 (-5) KA Naik (+0.7%) 
BN-039 : 48 (-4) KA Naik (+0.1%) 
BN-014 : 25 (-4) KA Naik (+0.8%) 
B-236 : 48 (-3) KA Naik (+0.3%) 
B-136 : 34 (-3) Gross Turun (-192) 
B-179 : 142 (-3) Gross Turun (-35) 
BN-026 : 5 (-3) KA Naik (+58.9%) Prod. 24 jam, ex. Buka sumur
B-239 : 0 (-2) Gross Turun (-9) Shut in 24 jam, Program WO

*Sumur Gain*
BN-038 : 21 (+11) Gross Naik (+183) Prod. 24 jam, ex. Buka sumur
BN-024 : 32 (+5) Gross Naik (+105) 
B-219 : 45 (+5) KA Turun (-1.4%) 
B-206 : 20 (+3) KA Turun (-2.2%) 
BN-058 : 43 (+3) KA Turun (-4.3%) 
B-159 : 16 (+3) KA Turun (-11.6%) 
B-225 : 35 (+3) KA Turun (-0.5%) 
B-196 : 112 (+2) KA Turun (-3.5%) 
B-229 : 13 (+1) KA Turun (-0.3%)",7423.30110660022,4765.759310437342,6270.62086382018,4025.7385945725555,8624.0749,5304.0,6750.0,126.0,1572.0,5234.0,7875.0,1175.0,3816.0,1485.0,2270.0,1364.0,2149.0,3061.0,3496.0,594.0,1029.0,15084.0,20391.0,3259.0,8566.0,4.0,16.1,0.0,403.0,23150.0442,4.0,25.0,73.15,307.75,9530.9842,32681.028400000003,24299.878500000003,162.925,413.624,80.0,1819.8426,577.5833,320.6,0.0,84.8,3459.3749000000003,257.5,93.2,4439.3,373.0,5163.0,1.7,0.0,0.0,1.7,0.0,7808.583343964509,34.23050975951436,781.2610462759746,0.0292,1.5912,2.8189,0.2575,0.4,1.7853,27.0,670.0,4.0,0,
2026-02-19,2023.0840043960623,1943.3971443917746,2332.055,2332.07,0.0,2187.07,62.0,0.0,0.0,0.0,0.0,83.0,0.0,10646.5,572.0,13636.375,869.875,6000.5,459.0833333333333,10621.5,375.0,56.0,40904.875,2331.958333333333,38628.916666666664,40572.05466667163,40553.666666671634,7.0,42.0,16.0,27.0,65.0,"*Sumur Low*
BN-038 : 13 (-8) KA Naik (+2.1%) 
B-144 : 11 (-5) Gross Turun (-173) 
B-102 : 43 (-5) KA Naik (+1.5%) 
 B-096 : 40 (-3) KA Naik (+0.7%) 
B-227 : 16 (-3) Gross Turun (-11) 
B-173 : 27 (-2) Gross Turun (-3) 
B-216 : 35 (-2) KA Naik (+0.2%) 
B-125 : 19 (-2) KA Naik (+0.3%)

*Sumur Gain*
B-234 : 94 (+5) KA Turun (-8.1%) Pkl 10.55 update GI 388 Mscfd
B-203 : 29 (+4) Gross Naik (+47) 
B-211 : 56 (+3) Gross Naik (+24) 
B-081 : 46 (+3) Gross Naik (+67) 
B-169 : 32 (+3) Gross Naik (+53) Pkl 11.45 update GI 510 Mscfd
B-191 : 58 (+3) Gross Naik (+104) 
B-232 : 28 (+2) KA Turun (-1.9%) 
B-196 : 114 (+2) Gross Naik (+13)",7423.30110660022,4765.759310437342,6270.62086382018,4025.7385945725555,8978.8675,5286.0,6729.0,126.0,1569.0,5234.0,7739.0,1025.0,3530.0,1556.5,2375.0,1466.0,2284.5,3061.0,3496.0,745.0,1180.0,15137.5,20339.0,3362.0,8563.5,4.0,15.6,0.0,400.0,23305.9223,3.0,25.0,0.0,313.1666666666667,8922.5151,32228.4374,23492.9699,163.4,390.046,80.0,1823.1882,579.8333,317.5,0.0,95.1,3449.0674999999997,259.79999999999995,93.60000000000001,4855.6,315.7,5524.7,5.1000000000000005,0.0,0.0,5.1000000000000005,0.0,8125.384911689146,24.115601389618732,829.3669869212356,0.0848,1.5569,3.2139,0.2598,0.4,1.7276,27.0,670.0,4.0,0,
2026-02-20,2023.0840043960623,1943.3971443917746,2318.069,2318.059,0.0,2179.059,56.0,0.0,0.0,0.0,0.0,83.0,0.0,10446.0,556.0,13811.5,867.6875,6094.75,463.75,10640.5,377.5,53.0,40992.75,2317.9375,38727.8125,40289.458000000006,40247.0,7.0,43.0,16.0,27.0,66.0,"*Sumur Low*
B-169 : 25 (-7) Gross Turun (-148) 
BN-014 : 19 (-6) KA Naik (+0.9%) 
B-173 : 23 (-4) Gross Turun (-21) 
B-243 : 88 (-3) Gross Turun (-88) 
B-195 : 6 (-2) KA Naik (+1.5%) 
BN-017 : 11 (-2) Gross Turun (-27)

*Sumur Gain*
BN-026 : 8 (+3) Gross Naik (+53) 
B-224 : 3 (+3) Gross Naik (+375) Pkl 10.30 buka sumur ex imbangi debit air MGS. Pkl 16.50 ukur GI 418 Mscfd
B-196 : 117 (+3) Gross Naik (+11) 
B-132 : 34 (+2) KA Turun (-0.7%) 
B-234 : 96 (+2) Gross Naik (+72) 
B-206 : 21 (+1) KA Turun (-1.8%)",7423.30110660022,4765.759310437342,6270.62086382018,4025.7385945725555,8920.096599999999,5286.0,6712.0,126.0,1552.0,5469.125,7972.125,986.0625,3489.0625,1533.0,2290.1875,1466.0,2223.1875,3061.0,3510.0,745.0,1194.0,15349.125,20484.3125,3323.0625,8458.25,4.0,15.4,0.0,400.0,23077.0489,3.0,24.375,0.0,313.1666666666667,8770.1357,31847.1846,23170.163,163.075,394.274,80.0,1820.7059,576.0417,308.40000000000003,0.0,75.3,3417.7966,266.5,94.3,4877.3,257.79999999999995,5495.900000000001,6.4,0.0,0.0,6.4,0.0,8151.093208103037,0.0,769.0033918969646,0.1132,1.6088,3.1553,0.2665,0.4,1.7489,27.0,670.0,4.0,0,
2026-02-21,2023.0840043960623,1943.3971443917746,2266.055,2266.075,0.0,2136.6583333333333,54.416666666666664,0.0,0.0,0.0,0.0,75.0,0.0,10600.583333333332,543.4166666666667,14001.125,858.875,5840.875,442.375,10829.5,367.5,54.0,41272.08333333333,2266.166666666667,39059.916666666664,39556.876,40257.5,7.0,42.0,16.0,27.0,65.0,"*Sumur Low*
B-196 : 109 (-8) Gross Turun (-11) 
B-102 : 35 (-8) KA Naik (+0.8%) 
B-234 : 90 (-6) Gross Turun (-61) 
B-227 : 10 (-6) Gross Turun (-26) 
BN-015 : 62 (-6) Gross Turun (-27) 
B-199 : 156 (-4) Gross Turun (-29) 
B-147 : 10 (-4) KA Naik (+0.5%) 
BN-024 : 28 (-4) KA Naik (+0.4%) 
B-236 : 45 (-3) KA Naik (+0.7%) 
B-208 : 24 (-3) KA Naik (+0.5%) 
B-214 : 21 (-3) Gross Turun (-3) 
BN-014 : 17 (-2) KA Naik (+0.6%) Pkl 22.00 tutup sumur kebocoran Gas Line
B-185 : 19 (-1) KA Naik (+0.7%)

*Sumur Gain*
B-224 : 5 (+2) Gross Naik (+292) Prod. 24 jam ex imbangi debit air MGS
BN-058 : 45 (+2) Gross Naik (+21) 
B-207 : 19 (+1) KA Turun (-11.8%)",7423.30110660022,4765.759310437342,6270.62086382018,4025.7385945725555,8097.1592,5236.0,6597.5,126.0,1487.5,5643.0,8198.0,969.5,3524.5,1388.0,2030.75,1466.0,2108.75,3061.0,3510.0,745.0,1194.0,15328.0,20336.25,3306.5,8314.75,4.0,15.8,0.0,400.0,21989.2007,3.0,23.958333333333332,0.0,234.91666666666666,8488.0535,30477.254200000003,22623.295,163.2,401.88,80.0,1793.6542,573.125,310.5,0.0,-24.8,3297.5591999999997,115.1,94.10000000000001,4296.1,294.3,4799.6,0.0,0.0,0.0,0.0,0.0,7469.768741525601,88.6185979374004,538.7718605369976,0.0,1.4415,2.8546,0.1151,0.558,1.5967,27.0,670.0,4.0,0,
2026-02-22,2023.0840043960623,1943.3971443917746,2236.058,2236.06,0.0,2111.81,49.25,0.0,0.0,0.0,0.0,75.0,0.0,10398.583333333334,537.75,14070.125,854.75,5852.875,420.375,10864.5,369.0,54.0,41186.083333333336,2235.875,39004.208333333336,39292.272,39536.625,7.0,42.0,16.0,27.0,65.0,"*Sumur Low*
B-234 : 74 (-16) KA Naik (+5.1%) 
B-173 : 13 (-10) Gross Turun (-18) 
B-196 : 101 (-8) Gross Turun (-34) 
BN-014 : 12 (-5) Gross Turun (-237) Pkl 10.00 buka sumur/GI ex perbaikan kebocoran Gasline
B-237 : 40 (-4) KA Naik (+1.1%) 
BN-039 : 46 (-3) KA Naik (+0.1%) 
B-136 : 31 (-3) KA Naik (+0.2%) 
B-225 : 32 (-3) KA Naik (+0.4%) 
B-219 : 43 (-3) KA Naik (+0.3%) 
B-206 : 19 (-2) KA Naik (+0.6%) 
B-220 : 9 (-2) KA Naik (+0.4%)

*Sumur Gain*
B-132 : 38 (+5) KA Turun (-3%) 
B-194 : 56 (+5) Gross Naik (+72) 
B-081 : 51 (+5) Gross Naik (+80) 
B-159 : 20 (+4) Gross Naik (+4) 
BN-022 : 19 (+3) Gross Naik (+65) 
BN-026 : 10 (+2) KA Turun (-33.4%) 
B-125 : 21 (+2) KA Turun (-0.3%) 
BN-017 : 13 (+2) KA Turun (-5.1%)",7423.30110660022,4765.759310437342,6270.62086382018,4025.7385945725555,8452.6633,5096.0,6305.0,126.0,1335.0,5643.0,8055.0,969.5,3381.5,1388.0,2042.75,1506.0,2160.75,3061.0,3441.0,745.0,1125.0,15188.0,19843.75,3346.5,8002.25,4.0,16.2,0.0,400.0,22063.242,4.0,24.0,218.17500000000004,249.875,8674.7662,30738.008199999997,22528.419899999997,163.075,413.593,80.0,1777.2786,573.9167,282.1,0.0,10.0,3299.9633,273.0,92.8,4419.8,350.7,5136.3,16.400000000000002,0.0,0.0,16.400000000000002,0.0,7913.16531124996,96.12201072198442,443.3759780280546,0.3516,1.5581,2.5101,0.273,0.4,1.8088,27.0,659.0,4.0,0,
2026-02-23,2023.0840043960623,1943.3971443917746,2214.045,2214.05,0.0,2091.05,48.0,0.0,0.0,0.0,0.0,75.0,0.0,10265.5,530.5,13992.875,860.25,5929.0,394.0,10283.5,374.0,56.0,40470.875,2214.75,38312.125,38592.76733334327,38582.95833334327,7.0,42.0,16.0,28.0,65.0,"*Sumur Low*
B-234 : 59 (-15) Gross Turun (-70) 
B-140 : 13 (-11) KA Naik (+2.4%) 
BN-024 : 19 (-9) Gross Turun (-232) 
BN-015 : 59 (-3) KA Naik (+1.2%) 
BN-038 : 11 (-2) Gross Turun (-96) 
B-203 : 27 (-2) Gross Turun (-63) 
BN-014 : 11 (-1) KA Naik (+1.9%) Prod. 24 jam, ex. Perbaikan gasline bocor

*Sumur Gain*
B-224 : 9 (+4) KA Turun (-0.6%) 
B-147 : 13 (+3) KA Turun (-0.4%) 
BN-018 : 126 (+3) KA Turun (-0.4%) 
B-191 : 61 (+3) KA Turun (-1.9%) 
BN-058 : 48 (+3) Gross Naik (+136) 
B-173 : 15 (+2) Gross Naik (+10) 
B-216 : 37 (+2) Gross Naik (+80)",7423.30110660022,4765.759310437342,6270.62086382018,4025.7385945725555,8429.0568,5286.0,6632.0,126.0,1472.0,5607.0,8050.0,969.5,3412.5,1333.0,2034.75,1506.0,2207.75,3061.0,3441.0,686.0,1066.0,15287.0,20157.75,3287.5,8158.25,4.0,15.8,0.0,400.0,21727.231099999997,4.0,24.291666666666668,0.0,233.41666666666666,8979.1465,30706.3776,22520.395799999995,163.075,424.274,80.0,1760.5495,573.4583,322.0,0.0,15.3,3338.6568000000007,267.7,89.39999999999999,4327.200000000001,393.2,5077.500000000001,12.9,0.0,0.0,12.9,0.0,7736.041772438941,94.02067462997577,598.994352931082,0.2481,1.5944,2.4847,0.2677,0.4,1.7805,28.0,655.0,4.0,0,B-23 Selesai perbaikan ( Clam Titik Kebocoran ) Pkl. 18.08 Ukur Rate Injeksi 2.527 BBL/H
2026-02-24,2023.0840043960623,1943.3971443917746,2221.053,2221.059,0.0,2098.059,48.0,0.0,0.0,0.0,0.0,75.0,0.0,10414.5,530.5,14238.875,854.75,6740.666666666667,418.3333333333333,10193.0,366.0,53.0,41587.04166666667,2222.583333333333,39417.458333333336,39225.0246666716,39657.7916666716,7.0,43.0,16.0,28.0,66.0,"*Sumur Gain*
B-234 : 72 (+13) Gross Naik (+80) 
B-140 : 20 (+7) Gross Naik (+736) 
B-196 : 103 (+2) KA Turun (-1.2%) 
BN-017 : 15 (+2) Gross Naik (+15) 
BN-015 : 61 (+2) KA Turun (-0.6%) 
BN-024 : 20 (+1) Gross Naik (+189) 
B-220 : 10 (+1) KA Turun (-0.1%) 
B-186 : 9 (+1) Gross Naik (+3) 
B-195 : 7 (+1) KA Turun (-0.4%) 
BN-026 : 11 (+1) Gross Naik (+47) 
BN-022 : 20 (+1) KA Turun (-0.4%) 

*Sumur Low*
B-211 : 49 (-7) KA Naik (+6.7%) 
B-159 : 16 (-4) Gross Turun (-5) 
BN-038 : 8 (-3) KA Naik (+0.7%) 
B-132 : 35 (-3) KA Naik (+0.8%) 
B-231 : 17 (-2) KA Naik (+0.6%) 
B-199 : 155 (-1) Gross Turun (-77) ",7423.30110660022,4765.759310437342,6270.62086382018,4025.7385945725555,7949.157200000001,5286.0,6669.0,126.0,1509.0,5607.0,8063.0,1053.5,3509.5,1333.0,2069.25,1506.0,2242.25,3061.0,3445.0,686.0,1070.0,15287.0,20246.25,3371.5,8330.75,4.0,15.8,0.0,400.0,21994.9038,4.0,23.791666666666668,137.53799999999998,217.58333333333334,8588.343499999999,30583.2473,22877.1426,163.0525,427.733,80.0,1772.6134,572.9583,319.40000000000003,0.0,26.8,3362.5572000000006,263.40000000000003,91.0,3814.9000000000005,407.3,4576.6,10.0,0.0,0.0,10.0,0.0,7309.131128889956,86.8317144554812,553.1943566545629,0.1882,1.5425,2.0842,0.2634,0.4,1.7857,28.0,673.0,4.0,0,"B-134 Pkl. 10.45 Tutup, kebocoran Flange to flange"
2026-02-25,2023.0840043960623,1943.3971443917746,2143.074,2143.068,0.0,2026.5680000000002,48.0,0.0,0.0,0.0,0.0,68.5,0.0,9741.0,468.5,14015.375,844.25,6015.0,412.0,10148.5,362.5,57.0,39919.875,2144.25,37832.625,38518.219,38077.125,7.0,43.0,16.0,27.0,66.0,"*Sumur Low*
B-194 : 0 (-56) Gross Turun (-714) 
BN-039 : 37 (-9) KA Naik (+0.4%) 
B-236 : 41 (-5) Gross Turun (-102) 
B-140 : 16 (-4) Gross Turun (-765) Jam 01.00 BD dari SBOF ke SB33
B-102 : 31 (-4) Gross Turun (-236) 
B-206 : 16 (-3) KA Naik (+1.4%) 
 B-096 : 38 (-3) KA Naik (+0.4%) 
B-214 : 19 (-2) Gross Turun (-3) 
BN-038 : 7 (-2) KA Naik (+0.3%) 
B-211 : 47 (-2) Gross Turun (-34) 
B-147 : 12 (-1) KA Naik (+0.1%)

*Sumur Gain*
B-208 : 27 (+3) Gross Naik (+37) 
B-229 : 16 (+3) KA Turun (-0.8%) 
B-173 : 16 (+1) Gross Naik (+5)",7423.30110660022,4765.759310437342,6270.62086382018,4025.7385945725555,7985.990600000001,5336.0,6710.0,126.0,1500.0,6089.0,8539.0,967.5,3417.5,1333.0,2205.0,1683.0,2555.0,3061.0,3440.0,686.0,1065.0,15819.0,20894.0,3462.5,8537.5,4.0,15.7,0.0,400.0,21646.115699999995,4.0,24.5,0.0,259.625,9282.921,30929.036699999997,23186.321099999994,163.275,430.186,80.0,1715.1213,574.7083,324.40000000000003,0.0,75.0,3362.6906000000004,254.6,92.0,3876.0,384.1,4606.700000000001,16.6,0.0,0.0,16.6,0.0,7300.34127527965,88.86314576866766,596.7861789516838,0.457,1.5865,1.8325,0.2546,0.4,1.8294,27.0,646.0,4.0,0,
2026-02-26,2023.0840043960623,1943.3971443917746,2117.022,2117.031,0.0,2000.531,48.0,0.0,0.0,0.0,0.0,68.5,0.0,9644.625,465.1666666666667,13743.375,838.75,6112.5,390.0,10114.5,362.5,62.0,39615.0,2118.416666666667,37558.583333333336,37728.44666667163,37726.916666671634,7.0,42.0,16.0,27.0,65.0,"*Sumur Low*
B-196 : 88 (-15) KA Naik (+14.8%) 
BN-024 : 14 (-6) Gross Turun (-305) Tutup sumur jam 09:00-16:50, Program penyisipan flowline
B-219 : 38 (-5) KA Naik (+0.9%) 
B-243 : 83 (-5) KA Naik (+0.1%) 
B-160 : 68 (-4) KA Naik (+0.2%) 
B-234 : 69 (-3) Gross Turun (-29) 
B-198 : 74 (-3) KA Naik (+0.8%) 
B-199 : 152 (-3) KA Naik (+1.1%) 
BN-022 : 19 (-1) KA Naik (+0.1%)

*Sumur Gain*
B-173 : 19 (+3) Gross Naik (+80) 
B-220 : 13 (+3) KA Turun (-0.8%) 
BN-039 : 40 (+3) KA Turun (-0.2%) 
B-185 : 21 (+2) Gross Naik (+154) 
B-223 : 13 (+2) KA Turun (-22.7%) 
BN-026 : 11 (+1) Gross Naik (+12)",7423.30110660022,4765.759310437342,6270.62086382018,4025.7385945725555,8233.5892,5215.25,6492.791666666667,126.0,1403.541666666667,5902.333333333333,8349.333333333334,1139.0,3586.000000000001,1333.0,2084.0,1698.0,2449.0,2921.0,3318.0,779.0,1176.0,15371.583333333332,20244.125,3742.0,8614.541666666668,4.0,16.1,0.0,401.0,22165.7418,4.0,24.791666666666668,0.0,262.0416666666667,9201.455899999999,31367.197699999997,23363.6085,150.0,415.908,80.0,1735.1395,574.5417,325.79999999999995,0.0,50.0,3331.3892000000005,260.5,92.2,4161.6,375.0,4889.3,12.9,0.0,0.0,12.9,0.0,7614.245071426706,90.7989077383687,528.5452208349253,0.2746,1.5215,2.3655,0.2605,0.4,1.7801,27.0,633.0,4.0,0,
2026-02-27,2023.0840043960623,1943.3971443917746,2092.024,2092.045,0.0,1978.045,46.0,0.0,0.0,0.0,0.0,68.0,0.0,9951.0,456.0,13230.291666666668,816.6666666666666,6228.875,398.0,10188.520833333332,362.0208333333333,60.0,39598.6875,2092.6875,37566.0,37786.867666671635,37791.041666671634,7.0,41.0,16.0,27.0,64.0,"*Sumur Low*
B-199 : 141 (-11) KA Naik (+1.7%) 
B-203 : 19 (-8) Gross Turun (-105) Tutup sumur jam 17:10, Problem & Persiapan GOH K-4 SKG Bunyu
B-207 : 13 (-6) Gross Turun (-6) Tutup sumur jam 17:10, Problem & Persiapan GOH K-4 SKG Bunyu
B-232 : 24 (-4) KA Naik (+2.9%) 
B-223 : 9 (-4) Gross Turun (-7) Tutup sumur jam 17:00, Problem & Persiapan GOH K-4 SKG Bunyu
B-144 : 8 (-3) Gross Turun (-237) Tutup sumur jam 17:20, Problem & Persiapan GOH K-4 SKG Bunyu
BN-018 : 123 (-3) Gross Turun (-286) 
B-224 : 6 (-3) Gross Turun (-188) Tutup sumur jam 16:50, Problem & Persiapan GOH K-4 SKG Bunyu
B-173 : 16 (-3) KA Naik (+2.4%) 
BN-017 : 13 (-2) KA Naik (+0.9%) 
BN-014 : 9 (-2) KA Naik (+0.5%) 
 B-096 : 37 (-1) Gross Turun (-4)

*Sumur Gain*
BN-024 : 24 (+10) Gross Naik (+400) Prod. 24 jam, ex. Tutup sumur, penyisipan Flowline
B-196 : 93 (+5) Gross Naik (+8) 
B-198 : 77 (+3) Gross Naik (+52) 
BN-058 : 51 (+3) Gross Naik (+120) 
B-217 : 45 (+2) Gross Naik (+16) 
BN-038 : 8 (+2) KA Turun (-0.2%)",7423.30110660022,4765.759310437342,6270.62086382018,4025.7385945725555,8601.172299999998,5281.416666666667,6568.270833333334,126.0,1412.854166666667,5279.333333333334,7558.916666666667,1139.0,3418.583333333334,1333.0,2089.125,1670.0,2426.125,2811.583333333333,3208.583333333333,779.0,1176.0,14705.333333333336,19424.895833333336,3714.0,8433.5625,4.0,16.5,0.0,399.0,20907.2106,4.0,24.708333333333332,185.73199999999997,248.75,9980.9164,30888.127,22530.1297,163.175,413.027,80.0,1587.3953,574.375,325.5,0.0,44.3,3187.7723,250.1,93.8,4673.9,382.0,5399.799999999999,13.6,0.0,0.0,13.6,0.0,7962.603604227897,96.88804327945633,541.6806524926446,0.3023,1.5176,2.854,0.2501,0.4,1.7321,27.0,661.0,4.0,0,
2026-02-28,2023.0840043960623,1943.3971443917746,2001.097,2001.094,0.0,1885.094,48.0,0.0,0.0,0.0,0.0,68.0,0.0,9685.5,432.5,11596.145833333332,746.875,5682.0,404.0,9929.0,353.0,65.0,36892.64583333333,2001.375,34956.27083333333,35164.113333343266,35134.58333334327,8.0,35.0,15.0,27.0,58.0,"*Sumur Low*
B-243 : 47 (-36) Gross Turun (-1056) ESP manual off jam 05:25-16:02, Perbaikan flowline bocor
B-199 : 112 (-29) Gross Turun (-229) 
B-207 : 0 (-13) Gross Turun (-15) Shut in 24 jam, GOH K-4 SKG Bunyu
B-223 : 0 (-9) Gross Turun (-17) Shut in 24 jam, GOH K-4 SKG Bunyu
B-144 : 0 (-8) Gross Turun (-638) Shut in 24 jam, GOH K-4 SKG Bunyu
B-224 : 0 (-6) Gross Turun (-458) Shut in 24 jam, GOH K-4 SKG Bunyu
B-203 : 15 (-4) Gross Turun (-53) Buka Sumur jam 10:30, ex. Imbangi tekanan jaringan (GOH K-4 SKG Bunyu)
B-140 : 12 (-4) KA Naik (+1%) 
B-181 : 30 (-3) KA Naik (+0.2%) 
BN-022 : 18 (-2) KA Naik (+0.3%) 
B-206 : 15 (-1) KA Naik (+0.5%)

*Sumur Gain*
B-173 : 21 (+5) KA Turun (-4.3%) 
B-196 : 98 (+5) Gross Naik (+21) 
BN-015 : 64 (+3) KA Turun (-2.9%) 
BN-014 : 11 (+2) KA Turun (-0.4%) 
B-211 : 49 (+2) Gross Naik (+42) 
BN-058 : 53 (+2) KA Turun (-0.2%)",7423.30110660022,4765.759310437342,6270.62086382018,4025.7385945725555,8157.1609,4812.0,5870.0,126.0,1184.0,4132.5,5984.75,1429.1666666666665,3281.416666666666,1333.0,2125.0,1670.0,2462.0,2517.0,2917.0,779.0,1179.0,12794.5,16896.75,4004.1666666666665,8106.416666666666,3.0,16.2,0.0,400.0,16940.9239,4.0,24.625,165.711,268.25,11851.856500000002,28792.780400000003,20878.7445,163.125,404.364,80.0,1317.4886,571.0833,332.5,0.0,57.0,2925.5609,265.0,94.39999999999999,4486.8,375.2,5221.4,10.200000000000001,0.0,0.0,10.200000000000001,0.0,7165.827325159082,586.8171507982363,404.5164240426823,0.2168,1.5627,2.7073,0.265,0.4,1.7458,27.0,627.0,4.0,0,
2026-03-01,2086.8521981677704,1982.3389268659282,2002.074,2002.094,0.0,1886.094,48.0,0.0,0.0,0.0,0.0,68.0,0.0,10254.0,433.5,12121.5,788.2291666666666,7422.5,372.0,9544.125,342.125,67.0,39342.125,2002.8541666666665,37406.270833333336,37643.225333328366,37599.833333328366,8.0,38.0,15.0,27.0,61.0,"*Sumur Gain*
B-207 : 19 (+19) Gross Naik (+21) Buka sumur jam 00:00 ex. Imbangi tekanan jaringan (GOH K-4 SKG Bunyu)
B-212 : 19 (+19) KA Turun (-45.2%) Prod. 24 jam, ex. Program WO
B-203 : 27 (+12) Gross Naik (+158) Prod 24 jam ex. Imbangi tekanan jaringan (GOH K-4 SKG Bunyu)
B-140 : 24 (+12) Gross Naik (+2076) 
B-223 : 6 (+6) Gross Naik (+13) Buka sumur jam 11:20 ex. Imbangi tekanan jaringan (GOH K-4 SKG Bunyu)
BN-024 : 26 (+2) KA Turun (-0.1%) 
B-173 : 23 (+2) KA Turun (-1.1%) 
B-243 : 48 (+1) Gross Naik (+458) Prod. 24 jam, ex. ESP manual Off, Perbaikan flowline bocor

*Sumur Low*
B-196 : 77 (-21) KA Naik (+4.7%) 
B-234 : 59 (-10) Gross Turun (-72) 
BN-058 : 43 (-10) Gross Turun (-184) 
B-213 : 56 (-9) KA Naik (+9.3%) 
B-236 : 34 (-7) Gross Turun (-107) 
B-198 : 72 (-5) KA Naik (+0.6%) 
B-136 : 27 (-4) Gross Turun (-283) ESP automatic stop jam 16:12-19:20, Inside JB was broken
B-214 : 16 (-3) KA Naik (+14.3%) 
BN-017 : 11 (-2) KA Naik (+1%) 
B-216 : 35 (-2) KA Naik (+0.6%) ",6941.76615210035,4456.613869648425,6271.62086382018,4026.3805945725553,8221.5849,5011.5,6056.5,126.0,1171.0,4768.604166666666,7032.145833333333,1922.0,4185.541666666666,1333.0,2219.0,1473.0,2359.0,2517.0,2916.75,755.0,1154.75,13630.104166666666,18224.395833333332,4276.0,8870.291666666666,3.0,16.7,0.0,400.0,16729.3548,4.0,25.0,0.0,251.20833333333334,11834.376600000001,28563.731400000004,20585.121500000005,162.975,391.082,80.0,1304.6529,570.875,324.6,0.0,102.3,2936.4849,345.1,92.0,4441.4,387.40000000000003,5265.9,19.2,0.0,0.0,19.2,0.0,6851.674761885415,997.3094104271279,372.6007276874585,0.3095,1.5524,2.5795,0.3451,0.3,1.7876,27.0,648.0,4.0,0,
2026-03-02,2086.8521981677704,1982.3389268659282,1973.07,1973.074,0.0,1857.074,48.0,0.0,0.0,0.0,0.0,68.0,0.0,10508.0,432.5,12644.208333333332,796.9583333333333,7433.5,391.5,9476.166666666668,283.6666666666667,70.0,40061.875,1974.625,38157.25,38358.388,38461.0,8.0,39.0,15.0,27.0,62.0,"*Sumur Low*
B-198 : 30 (-42) Gross Turun (-270) Tutup sumur jam 10.00, Program penyisipan Ring Line Gas 8 inch
B-160 : 59 (-9) KA Naik (+0.3%) 
B-159 : 7 (-9) Gross Turun (-16) Tutup sumur jam 10.00, Program penyisipan Ring Line Gas 8 inch
B-220 : 6 (-7) KA Naik (+1.5%) 
BN-022 : 13 (-5) KA Naik (+1%) 
B-185 : 17 (-4) KA Naik (+0.5%) 
B-227 : 7 (-3) Gross Turun (-8) 
B-132 : 33 (-2) KA Naik (+1.7%)

*Sumur Gain*
B-196 : 98 (+21) KA Turun (-11.4%) 
B-212 : 26 (+7) KA Turun (-38.6%) 
B-136 : 31 (+4) Gross Naik (+283) Prod. 24 jam, ex. ESP automatic stop, Inside JB was broken
B-234 : 62 (+3) Gross Naik (+59) 
BN-015 : 67 (+3) Gross Naik (+22) 
BN-058 : 45 (+2) Gross Naik (+32) 
BN-017 : 13 (+2) Gross Naik (+19) 
B-224 : 2 (+2) Gross Naik (+162) Jam 18.00 buka sumur, ex imbangi tekanan jaringan (GOH K-4 SKG Bunyu)
BN-039 : 42 (+2) KA Turun (-0.1%) 
B-243 : 50 (+2) Gross Naik (+321) 
B-223 : 8 (+2) Gross Naik (+9) Prod 24 jam ex. Imbangi tekanan jaringan (GOH K-4 SKG Bunyu)
B-147 : 13 (+1) KA Turun (-0.2%)",6941.76615210035,4456.613869648425,6271.62086382018,4026.3805945725553,8493.164499999999,5154.0,6351.0,126.0,1323.0,5013.5,7301.5,1936.0,4224.0,1333.0,2207.0,1473.0,2347.0,2133.166666666667,2505.166666666667,739.0,1111.0,13633.666666666668,18364.666666666668,4274.0,9005.0,3.0,16.8,0.0,400.0,16066.691599999998,4.0,25.0,0.0,262.1666666666667,11257.78,27324.471599999997,19074.057099999998,162.75,400.304,80.0,1273.3188,572.7917,333.2,0.0,670.2,3492.5644999999995,343.5,90.6,4168.5,379.40000000000003,4982.0,18.599999999999998,0.0,0.0,18.599999999999998,0.0,7085.968338534148,1028.0454530816214,379.150708384231,0.289,1.5098,2.3697,0.3435,0.3,2.1714,27.0,640.0,4.0,0,
2026-03-03,2086.8521981677704,1982.3389268659282,1986.086,1986.071,0.0,1869.071,48.0,0.0,0.0,0.0,0.0,69.0,0.0,10710.5,426.0,13250.5,798.0,7445.75,404.25,9772.416666666668,288.1666666666667,72.0,41179.16666666667,1988.4166666666667,39262.75000000001,39768.382,39512.75,8.0,39.0,15.0,27.0,62.0,"*Sumur Gain*
B-198 : 39 (+9) Gross Naik (+58) Buka sumur jam 11:00, ex Program penyisipan Ring Line Gas 8 inch
B-224 : 9 (+7) Gross Naik (+485) Prod. 24 jam, ex. ex imbangi tekanan jaringan (GOH K-4 SKG Bunyu)
B-173 : 27 (+5) KA Turun (-3.5%) 
B-234 : 65 (+4) Gross Naik (+52) 
B-214 : 19 (+3) KA Turun (-14.3%) 
BN-058 : 48 (+3) KA Turun (-0.9%) 
B-196 : 101 (+3) KA Turun (-2.8%) 
B-159 : 9 (+2) Gross Naik (+3) Buka sumur jam 11:00, ex Program penyisipan Ring Line Gas 8 inch
B-147 : 15 (+2) KA Turun (-0.2%) 
B-231 : 18 (+1) Gross Naik (+83) 
B-102 : 32 (+1) Gross Naik (+29) 

*Sumur Low*
BN-018 : 112 (-11) KA Naik (+0.7%) 
B-216 : 27 (-8) KA Naik (+0.9%) 
B-217 : 40 (-5) KA Naik (+0.9%) 
B-225 : 30 (-2) KA Naik (+0.3%) 
B-206 : 14 (-1) KA Naik (+3%) ",6941.76615210035,4456.613869648425,6271.62086382018,4026.3805945725553,8634.260400000001,5154.0,6301.0,126.0,1273.0,5327.0,7618.0,1936.0,4227.0,1333.0,2133.0,1466.0,2266.0,2215.4166666666665,2581.4166666666665,739.0,1105.0,14029.416666666666,18633.416666666664,4267.0,8871.0,3.0,16.7,0.0,400.0,16431.081299999998,4.0,24.958333333333332,0.0,273.0416666666667,10234.6914,26665.772699999998,18274.762300000002,163.25,410.798,80.0,1285.4541,572.9583,324.29999999999995,0.0,245.0,3081.7604,370.40000000000003,91.1,4691.6,390.79999999999995,5543.900000000001,8.6,0.0,0.0,8.6,0.0,7167.4775770037195,1099.8437889753127,366.93903402096714,0.1915,1.4301,3.07,0.3704,0.3,1.9745,27.0,674.0,4.0,0,
2026-03-04,2086.8521981677704,1982.3389268659282,2026.033,2026.045,0.0,1909.045,48.0,0.0,0.0,0.0,0.0,69.0,0.0,10573.666666666666,426.0,13334.0,794.0,7515.875,417.125,10006.5,322.5,68.0,41430.041666666664,2027.625,39470.416666666664,39504.54,39620.25,8.0,39.0,15.0,27.0,62.0,"*Sumur Gain*
B-198 : 64 (+25) Gross Naik (+183) Prod. 24 jam, ex. Program penyisipan Ring Line Gas 8 inch
B-159 : 16 (+7) Gross Naik (+14) Prod. 24 jam, ex. Program penyisipan Ring Line Gas 8 inch
B-243 : 54 (+5) Gross Naik (+244) 
B-196 : 106 (+5) KA Turun (-1.2%) 
B-140 : 27 (+3) KA Turun (-0.1%) 
B-212 : 29 (+3) Gross Naik (+2) 
B-173 : 30 (+3) KA Turun (-8.5%) Jam 11:57 upfreq 58 Hz to 59 Hz
BN-018 : 114 (+2) Gross Naik (+8) 
BN-015 : 69 (+2) KA Turun (-1.3%) Jam 10:09, upfreq 84 Hz to 86 Hz
BN-058 : 50 (+2) Gross Naik (+12) 
B-234 : 67 (+2) Gross Naik (+34) 
B-220 : 7 (+1) KA Turun (-0.2%) 
B-132 : 34 (+1) Gross Naik (+20) 

*Sumur Low*
B-237 : 31 (-9) Gross Turun (-112) 
B-181 : 27 (-3) KA Naik (+0.3%) 
BN-017 : 11 (-2) KA Naik (+1.3%) 
B-169 : 24 (-1) KA Naik (+2%) 
BN-026 : 10 (-1) KA Naik (+6.6%) ",6941.76615210035,4456.613869648425,6271.62086382018,4026.3805945725553,8818.537,5097.0,6262.5,126.0,1291.5,5327.0,7611.0,1907.0,4191.0,1333.0,2054.0,1466.0,2187.0,2517.0,2892.0,739.0,1114.0,14274.0,18819.5,4238.0,8783.5,3.0,16.9,0.0,400.0,16618.22617,4.0,25.0,0.0,273.0,11638.176699999998,28256.402869999998,19680.89087,163.025,402.614,80.0,1312.498,571.0,311.40000000000003,0.0,124.8,2965.3370000000004,366.3,94.2,4981.3,392.79999999999995,5834.6,18.599999999999998,0.0,0.0,18.599999999999998,0.0,7319.581487846531,1120.4516755279788,378.50383662549103,0.526,1.3807,3.0746,0.3663,0.3,1.9544,27.0,679.0,4.0,0,
2026-03-05,2086.8521981677704,1982.3389268659282,2030.05,2030.069,0.0,1917.069,48.0,0.0,0.0,0.0,0.0,65.0,0.0,9908.5,432.0,13372.0,781.0,7603.875,430.625,10044.0,318.5,69.0,40928.375,2031.125,38966.25,39193.4249999851,39174.1249999851,8.0,38.0,15.0,28.0,61.0,"*Sumur Gain*
B-181 : 32 (+5) KA Turun (-0.4%) 
BN-058 : 53 (+4) KA Turun (-1.3%) 
BN-022 : 16 (+3) KA Turun (-0.4%) 
B-199 : 115 (+3) KA Turun (-0.7%) 
BN-038 : 11 (+3) KA Turun (-0.6%) 
BN-015 : 72 (+3) Gross Naik (+21) 
B-196 : 109 (+3) KA Turun (-4.1%) 
B-206 : 16 (+2) KA Turun (-1.3%) 
B-160 : 61 (+2) Gross Naik (+91) 
B-214 : 21 (+2) Gross Naik (+3) 
B-231 : 19 (+1) Gross Naik (+83) 
B-173 : 30 (+1) Gross Naik (+9) 

*Sumur Low*
B-236 : 26 (-8) KA Naik (+2.6%) 
B-237 : 25 (-6) KA Naik (+2.7%) 
 B-096 : 33 (-4) KA Naik (+0.5%) 
B-186 : 5 (-4) Gross Turun (-6) 
B-216 : 24 (-3) KA Naik (+0.3%) 
BN-026 : 8 (-2) KA Naik (+7.1%) 
BN-024 : 24 (-2) Gross Turun (-51) ",6941.76615210035,4456.613869648425,6271.62086382018,4026.3805945725553,8855.185000000001,4812.0,5938.0,126.0,1252.0,5327.0,7626.0,1907.0,4206.0,1333.0,2027.0,1466.0,2160.0,2517.0,2890.0,739.0,1112.0,13989.0,18481.0,4238.0,8730.0,3.0,16.9,0.0,390.0,16534.070499999998,4.0,25.0,0.0,301.375,11615.065499999999,28149.136,19536.900999999998,162.95,387.442,80.0,1312.9763,573.4167,295.9,0.0,166.6,2979.285,373.59999999999997,102.9,4998.6,380.0,5855.1,20.8,0.0,0.0,20.8,0.0,7340.775927262313,1132.0030309278352,382.4060418098511,0.8039,1.5522,2.6425,0.3736,0.3,1.9493,28.0,675.0,4.0,0,B-134 Pkl. 09.00 Start injeksi
2026-03-06,2086.8521981677704,1982.3389268659282,1993.072,1993.083,0.0,1889.083,48.0,0.0,0.0,0.0,0.0,56.0,0.0,10030.0,438.5,13096.5625,735.5,7649.0,432.5,10116.0,316.0,72.0,40891.5625,1994.5,38969.0625,39178.205,39149.0,8.0,37.0,15.0,28.0,60.0,"*Sumur Low*
B-217 : 0 (-40) Gross Turun (-478) Jam 00.00 - 24.00 tutup sumur, kebocoran flow line
B-102 : 23 (-9) KA Naik (+1.5%) 
B-214 : 16 (-5) Gross Turun (-5) 
B-169 : 21 (-3) KA Naik (+0.8%) 
B-196 : 106 (-3) KA Naik (+5.3%) 
B-227 : 5 (-2) Gross Turun (-8) 
B-147 : 13 (-2) KA Naik (+0.1%) 
B-173 : 29 (-1) Gross Turun (-27)

*Sumur Gain*
B-234 : 74 (+7) Gross Naik (+58) 
BN-039 : 45 (+4) Gross Naik (+165) 
B-125 : 24 (+3) KA Turun (-0.4%) 
BN-022 : 19 (+3) KA Turun (-0.9%) 
BN-026 : 10 (+2) KA Turun (-3.7%) 
B-232 : 26 (+2) Gross Naik (+21) 
B-233 : 2 (+2) Gross Naik (+4) Jam 19.30 buka sumur, eks Imbangi tekanan jaringan
BN-038 : 13 (+2) KA Turun (-0.3%) 
B-220 : 8 (+1) Gross Naik (+60)",6941.76615210035,4456.613869648425,6271.62086382018,4026.3805945725553,8691.6028,4812.0,5988.0,126.0,1302.0,4960.625,7312.3125,1907.0,4258.6875,1333.0,2112.0,1381.0,2160.0,2517.0,2907.0,766.0,1156.0,13622.625,18319.3125,4180.0,8876.6875,3.0,17.0,0.0,395.0,16280.788099999998,4.0,25.0,0.0,298.625,11570.3254,27851.1135,19402.6607,163.15,401.642,80.0,1318.4441,572.1667,321.2,0.0,251.9,3108.5027999999998,369.0,98.4,4700.200000000001,394.5,5562.1,21.0,0.0,0.0,21.0,0.0,7216.652240108462,1104.7399333408655,370.2106265506722,0.7268,1.5247,2.4487,0.369,0.3,1.8817,28.0,675.0,4.0,0,"BN-41 Pkl. 10.00 Tutup, kebocoran Flowline"
2026-03-07,2086.8521981677704,1982.3389268659282,2224.08,2224.078,38062.543,1918.4946666666665,49.0,0.0,0.0,0.0,0.0,256.58333333333337,0.0,10006.5,438.3333333333333,13506.0,776.0,7861.354166666667,627.0833333333334,9857.0,311.0,73.0,41230.85416666667,2225.4166666666665,39078.43750000001,39263.552,39226.0,9.0,39.0,15.0,28.0,63.0,"*Sumur Gain*
B-239 : 203 (+203) Gross Naik (+255) Pkl. 07.00 Start sumur,ex. WO Pkl. 21.33 Tutp gas injeksi, sumur jadi SA lanjut Bean down ke SA 33
B-217 : 40 (+40) Gross Naik (+526) Prod. 24 jam, ex Penyisipan FL
B-233 : 11 (+10) Gross Naik (+52) Prod. 24 jam, ex. Imbangi tekanan jaringan
B-169 : 24 (+3) Gross Naik (+75) 
B-102 : 25 (+2) KA Turun (-0.3%) 
B-198 : 66 (+2) KA Turun (-1%) 
BN-014 : 12 (+1) KA Turun (-0.2%) 

*Sumur Low*
B-225 : 19 (-11) KA Naik (+1%) 
B-196 : 98 (-8) Gross Turun (-19) 
 B-096 : 29 (-4) Gross Turun (-180) 
B-216 : 21 (-3) KA Naik (+0.3%) 
BN-017 : 8 (-3) Gross Turun (-41) 
BN-018 : 112 (-2) KA Naik (+0.1%) ",6941.76615210035,4456.613869648425,6271.62086382018,4026.3805945725553,8907.835299999999,4812.0,5954.75,126.0,1268.75,5725.0,8129.0,1907.0,4311.0,1799.7916666666667,2616.0625,1381.0,2197.270833333333,2517.0,2907.0,766.0,1156.0,14853.791666666668,19606.8125,4180.0,8933.020833333332,3.0,17.0,0.0,393.0,16618.4522,4.0,25.0,0.0,288.6666666666667,11598.8096,28217.2618,19553.0265,163.6,394.052,80.0,1304.5083,570.875,290.4,0.0,207.3,3010.7353000000003,384.40000000000003,94.2,5010.299999999999,382.2,5871.099999999999,26.0,0.0,0.0,26.0,0.0,7490.571561759858,1086.1997706554537,331.063967584687,0.8717,1.6128,2.5258,0.3844,0.3,1.8919,28.0,675.0,4.0,0,"BN-41 Pkl. 21.00 Start injeksi,ex. Clam Flowline "
2026-03-08,2086.8521981677704,1982.3389268659282,2272.065,2272.056,113617.042,1914.056,49.0,0.0,0.0,0.0,0.0,309.0,0.0,9716.0,435.0,13527.0,753.0,7727.0,684.5,9868.0,326.53125,74.0,40838.0,2273.03125,38638.96875,39280.65933334327,39212.33333334327,9.0,40.0,15.0,28.0,64.0,"*Sumur Gain*
B-239 : 255 (+52) KA Turun (-19.5%) Prod. 24 jam, After WO (Jam 11.20 BD dari SA33 ke SA23)
B-144 : 7 (+7) Gross Naik (+551) Buka sumur jam 09:45, ex imbangi tekanan jaringan
B-206 : 21 (+5) KA Turun (-4.3%) 
B-199 : 120 (+5) KA Turun (-1.1%) 
B-227 : 8 (+3) Gross Naik (+8) 
B-173 : 32 (+3) KA Turun (-8.7%) Prod. 24 jam, ex. ESP Off, Troubleshoot engine (gas pressure low)
B-160 : 64 (+3) KA Turun (-0.2%) 
B-191 : 63 (+2) Gross Naik (+19) 
BN-015 : 74 (+2) KA Turun (-2.9%) 
BN-022 : 21 (+2) Gross Naik (+29) 
B-132 : 35 (+1) Gross Naik (+28) 

*Sumur Low*
B-237 : 13 (-12) Gross Turun (-84) 
B-212 : 20 (-9) Gross Turun (-9) 
B-208 : 21 (-6) Gross Turun (-123) 
BN-024 : 19 (-5) Gross Turun (-147) 
B-233 : 8 (-3) KA Naik (+8%) 
BN-026 : 8 (-2) Gross Turun (-11) 
B-243 : 53 (-1) KA Naik (+0.1%) ",6941.76615210035,4456.613869648425,6271.62086382018,4026.3805945725553,8732.0488,4812.0,5948.0,126.0,1262.0,5725.0,8122.0,1942.0,4339.0,1333.0,2136.0,2041.0,2844.0,2756.875,3176.875,766.0,1186.0,14626.875,19382.875,4875.0,9631.0,3.0,17.0,0.0,392.0,16679.394500000002,4.0,25.0,0.0,269.5,11666.769,28346.163500000002,19857.639700000003,163.525,398.872,80.0,1316.1851,570.1667,300.59999999999997,0.0,251.1,3080.4488,374.09999999999997,92.3,4775.9,387.40000000000003,5629.699999999999,21.9,0.0,0.0,21.9,0.0,6855.261237337764,1577.589545426228,299.1980172360088,0.6428,1.752,2.3811,0.3741,0.3,1.8188,28.0,675.0,4.0,0,
2026-03-09,2086.8521981677704,1982.3389268659282,2310.068,2310.079,0.0,2003.5790000000002,40.0,0.0,0.0,0.0,0.0,266.5,0.0,9677.0,456.0,13481.0,772.0,7676.5,653.5,10114.755244755244,350.96153846153845,80.0,40949.255244755244,2312.4615384615386,38716.793706293705,38903.79833332836,38800.833333328366,9.0,40.0,15.0,28.0,64.0,"*Sumur Gain*
B-206 : 32 (+11) KA Turun (-4.1%) Jam 16.30 upfreq dari 55 Hz ke 57 Hz
B-140 : 35 (+9) KA Turun (-0.3%) 
B-173 : 40 (+8) Gross Naik (+13) 
B-220 : 16 (+8) KA Turun (-2.6%) 
B-179 : 149 (+7) KA Turun (-0.3%) 
B-216 : 27 (+6) KA Turun (-1.3%) 
BN-039 : 51 (+6) KA Turun (-0.3%) 
B-237 : 19 (+6) KA Turun (-1.8%) 
B-219 : 43 (+5) KA Turun (-0.9%) 
B-159 : 21 (+5) KA Turun (-6.8%) 
B-144 : 11 (+4) Gross Naik (+374) Prod. 24 jam, ex. Imbangi tekanan jaringan
B-196 : 101 (+3) Gross Naik (+21) 
BN-017 : 11 (+3) Gross Naik (+71) 
B-169 : 27 (+3) KA Turun (-0.9%) 
B-236 : 27 (+1) KA Turun (-0.3%) 

*Sumur Low*
B-239 : 213 (-43) Gross Turun (-43) Prod. 24 jam, ex. Bean Down ke SA23
B-238 : 29 (-8) KA Naik (+0.3%) 
B-147 : 11 (-2) KA Naik (+0.5%) 
BN-014 : 11 (-1) Gross Turun (-48) ",6941.76615210035,4456.613869648425,6271.62086382018,4026.3805945725553,8533.6427,4806.0,5992.0,126.0,1312.0,7373.666666666666,10381.333333333332,1942.0,4949.666666666666,1333.0,2109.0,2026.5,2802.5,2756.875,3184.875,766.0,1194.0,16269.541666666666,21667.208333333332,4860.5,10258.166666666666,3.0,17.0,0.0,388.0,16484.9038,4.0,25.0,0.0,281.1666666666667,11642.525399999999,28127.4292,19836.961499999998,163.175,402.754,80.0,1301.3304,552.5833,368.20000000000005,0.0,306.7,3174.7427,370.0,92.1,4506.9,376.40000000000003,5345.4,13.5,0.0,0.0,13.5,0.0,6816.210538228079,1435.422230630879,282.00993114104205,0.2561,1.7855,2.4653,0.37,0.3,1.7653,28.0,677.0,4.0,0,
2026-03-10,2086.8521981677704,1982.3389268659282,2314.036,2314.027,0.0,1995.027,43.0,0.0,0.0,0.0,0.0,276.0,0.0,9775.0,451.0,13364.5,770.5,7695.0,653.0,10451.377622377622,364.9807692307692,76.0,41285.87762237762,2315.480769230769,39046.396853146856,39209.556,39272.75,9.0,40.0,15.0,28.0,64.0,"*Sumur Gain*
B-239 : 218 (+6) Gross Naik (+6) 
B-211 : 54 (+5) Gross Naik (+85) 
B-198 : 71 (+5) KA Turun (-0.7%) 
B-125 : 28 (+4) KA Turun (-0.4%) 
B-102 : 29 (+4) KA Turun (-0.4%) 
B-144 : 15 (+4) KA Turun (-0.4%) 
B-238 : 32 (+3) Gross Naik (+324) Jam 12.13 upfreq dari 70 Hz ke 76 Hz
BN-022 : 23 (+2) Gross Naik (+28) 
BN-017 : 13 (+2) Gross Naik (+27) 
B-227 : 9 (+1) KA Turun (-10.6%) 
B-225 : 20 (+1) KA Turun (-0.2%) 
B-231 : 20 (+1) KA Turun (-0.2%) 

*Sumur Low*
B-234 : 64 (-10) KA Naik (+1.6%) 
B-185 : 11 (-6) Gross Turun (-240) 
BN-024 : 13 (-6) KA Naik (+0.7%) 
B-081 : 46 (-5) KA Naik (+0.5%) 
B-199 : 118 (-2) KA Naik (+0.8%) ",6941.76615210035,4456.613869648425,6271.62086382018,4026.3805945725553,8391.4941,4806.0,5992.0,126.0,1312.0,5649.0,8102.0,1942.0,4395.0,1333.0,2109.0,2026.5,2802.5,2756.875,3184.875,766.0,1194.0,14544.875,19387.875,4860.5,9703.5,3.0,17.0,0.0,390.0,16099.6702,4.0,25.0,0.0,274.2916666666667,11555.933400000002,27655.603600000002,19507.9095,163.8,402.644,80.0,1285.4834,573.1667,354.3,0.0,332.2,3191.5941000000003,270.5,93.7,4408.4,410.5,5183.099999999999,16.8,0.0,0.0,16.8,0.0,6725.522701570958,1475.751615814999,190.21978261404365,0.2887,1.6887,2.431,0.2705,0.4,1.6334,28.0,663.2,4.0,0,
2026-03-11,2086.8521981677704,1982.3389268659282,2321.064,2321.075,0.0,1996.0749999999998,45.0,0.0,0.0,0.0,0.0,280.0,0.0,9716.5,458.75,13451.0,757.5,7659.5,663.0,10903.377622377622,369.9807692307692,73.0,41730.37762237762,2322.230769230769,39481.146853146856,39697.70166667163,39643.166666671634,9.0,40.0,15.0,28.0,64.0,"*Sumur Gain*
BN-026 : 19 (+9) Gross Naik (+48) 
BN-017 : 17 (+5) KA Turun (-2.6%) 
B-239 : 222 (+4) Gross Naik (+4) 
B-224 : 13 (+4) KA Turun (-0.3%) 
BN-015 : 77 (+3) KA Turun (-1.7%) 
B-229 : 19 (+3) Gross Naik (+40) 
B-234 : 67 (+3) KA Turun (-1.2%) 
B-147 : 13 (+2) KA Turun (-0.3%) 
BN-014 : 13 (+2) KA Turun (-0.5%) 

*Sumur Low*
B-213 : 48 (-9) Gross Turun (-28) 
B-181 : 27 (-5) KA Naik (+0.5%) 
BN-038 : 8 (-5) KA Naik (+1.1%) 
B-203 : 24 (-3) KA Naik (+0.6%) 
B-169 : 24 (-3) KA Naik (+0.7%) ",6941.76615210035,4456.613869648425,6271.62086382018,4026.3805945725553,8295.612799999999,4806.0,5512.0,126.0,832.0,5691.0,7962.5,1822.0,4093.5,1333.0,1963.0,1930.0,2560.0,2921.0,3344.0,606.8125,1029.8125,14751.0,18781.5,4484.8125,8515.3125,3.0,16.8,0.0,393.0,16567.4849,4.0,24.833333333333332,0.0,271.7916666666667,11269.711499999998,27837.196399999997,19785.758599999997,164.175,398.382,80.0,1381.5391,573.4167,333.6,0.0,249.9,3181.0128,284.2,93.7,4337.0,391.0,5105.9,8.7,0.0,0.0,8.7,0.0,6619.108589462949,1497.2380756405626,179.26613489648764,0.1327,1.7855,2.4188,0.2842,0.4,1.7034,28.0,667.4,4.0,0,"HPS 1 sd 4 Pkl. 09.00 - 10.00 Stop, pengambilan sample lansung dari Dishcharge dan Suction"
2026-03-12,2086.8521981677704,1982.3389268659282,2307.049,2307.036,0.0,1995.036,37.0,0.0,0.0,0.0,0.0,275.0,0.0,9707.5,465.25,13354.4375,756.3333333333334,7643.0,645.0,10623.377622377622,362.9807692307692,77.0,41328.31512237762,2306.5641025641025,39098.75101981352,39206.612,39204.5,8.0,40.0,15.0,28.0,63.0,"*Sumur Low*
B-196 : 82 (-19) Gross Turun (-37) 
B-213 : 38 (-10) Gross Turun (-51) Jam 10.55 - 16.00 off, low intake pressure
B-238 : 24 (-8) KA Naik (+0.2%) 
B-237 : 11 (-8) Gross Turun (-91) 
B-199 : 112 (-6) KA Naik (+0.5%) 
B-239 : 217 (-5) Gross Turun (-6) 
B-186 : 1 (-4) Gross Turun (-11) Jam 20.30 tutup sumur, program SBHP
BN-039 : 48 (-3) KA Naik (+0.1%) 
B-198 : 69 (-2) KA Naik (+0.4%) 
B-173 : 38 (-2) KA Naik (+18.3%)

*Sumur Gain*
B-169 : 32 (+8) KA Turun (-2.3%) 
B-217 : 48 (+8) KA Turun (-1.1%) 
BN-022 : 29 (+7) KA Turun (-0.9%) 
B-195 : 14 (+7) KA Turun (-3.5%) 
B-243 : 59 (+6) KA Turun (-0.2%) 
B-160 : 67 (+3) KA Turun (-0.1%) 
B-214 : 19 (+3) Gross Naik (+2) 
BN-024 : 16 (+3) KA Turun (-0.3%) 
B-216 : 29 (+2) KA Turun (-0.7%) 
B-231 : 21 (+1) KA Turun (-0.1%)
",6941.76615210035,4456.613869648425,6271.62086382018,4026.3805945725553,8131.099099999999,4806.0,5464.0,126.0,784.0,5453.520833333333,7374.541666666666,1822.0,3743.020833333333,1333.0,1997.0,1889.0,2553.0,2921.0,3349.0,483.0,911.0,14513.520833333332,18184.541666666664,4320.0,7991.020833333333,3.0,16.9,0.0,391.0,16741.2125,4.0,25.0,0.0,295.7083333333333,11372.2432,28113.455700000002,20226.3316,163.975,391.145,80.0,1302.7708,575.2083,330.40000000000003,0.0,373.9,3217.3991000000005,282.3,93.2,4131.0,391.5,4898.0,15.7,0.0,0.0,15.7,0.0,6306.668781224498,1623.977015485611,200.45330328989056,0.2636,1.5963,2.2711,0.2823,0.4,1.64,28.0,663.2,4.0,0,
2026-03-13,2086.8521981677704,1982.3389268659282,2234.102,2234.115,0.0,1955.1149999999998,40.0,0.0,0.0,0.0,0.0,239.0,0.0,9883.0,475.0,13121.833333333332,736.6666666666667,7340.5,569.0,10526.0,376.0,79.0,40871.33333333333,2235.666666666667,38714.666666666664,38882.765666671636,38870.541666671634,8.0,40.0,15.0,28.0,63.0,"*Sumur Low*
B-196 : 43 (-39) Gross Turun (-75) 
B-239 : 181 (-36) Gross Turun (-33) 
B-213 : 24 (-14) KA Naik (+7.2%) Prod. 24 jam, ex. Off, low intake pressure
B-203 : 11 (-13) Gross Turun (-189) Jam 11.00 tutup sumur, kebocoran FL
B-191 : 56 (-7) Gross Turun (-46) 
BN-026 : 15 (-4) Gross Turun (-59) 
B-140 : 32 (-3) Gross Turun (-208) 
BN-022 : 27 (-2) KA Naik (+0.2%)

*Sumur Gain*
B-144 : 24 (+9) KA Turun (-1%) 
BN-017 : 24 (+7) KA Turun (-7.8%) 
B-236 : 32 (+5) KA Turun (-1%) 
B-179 : 154 (+5) KA Turun (-0.4%) 
B-227 : 13 (+4) KA Turun (-13.3%) 
BN-038 : 11 (+3) KA Turun (-0.6%) 
B-233 : 11 (+3) Gross Naik (+16) 
BN-014 : 16 (+3) KA Turun (-0.5%) 
BN-024 : 19 (+3) Gross Naik (+155) 
B-234 : 69 (+2) KA Turun (-1.9%) 
B-186 : 2 (+1) Gross Naik (+2) Jam 15.55 buka sumur setelah SBHP",6941.76615210035,4456.613869648425,6271.62086382018,4026.3805945725553,7394.775299999999,4812.0,5458.0,126.0,772.0,5350.5,7544.416666666666,1822.0,4015.916666666666,1289.0,1962.0,2399.0,3072.0,2921.0,3438.0,483.0,1000.0,14372.5,18402.416666666664,4830.0,8859.916666666666,3.0,16.8,0.0,393.0,15897.096099999999,4.0,24.958333333333332,0.0,303.5833333333333,11169.8072,27066.903299999998,19915.827999999998,163.7,388.916,80.0,1247.1093,576.75,275.9,0.0,524.1,3256.4753,282.7,95.2,3328.0,385.2,4091.1,47.199999999999996,0.0,0.0,47.199999999999996,0.0,5887.428820992485,1367.1282018905365,140.2182771169781,0.8339,1.0763,1.4178,0.2827,0.4,1.6444,28.0,655.8,4.0,0,"B-77 Tutup sumur, dirawat & Sumur B-46"
2026-03-14,2086.8521981677704,1982.3389268659282,2181.061,2181.064,0.0,1925.0639999999999,40.0,0.0,0.0,0.0,0.0,216.0,0.0,10006.0,483.0,13418.0,729.0,7144.5,506.5,10596.0,379.0,83.0,41164.5,2180.5,39067.0,39358.787000000004,39226.875,8.0,40.0,15.0,26.0,63.0,"*Sumur Low*
B-196 : 2 (-42) Gross Turun (-101) 
B-239 : 160 (-21) Gross Turun (-14) 
B-203 : 0 (-11) Gross Turun (-160) Shut in 24 jam, kebocoran Flowline
B-207 : 16 (-3) KA Naik (+50.5%) 
BN-038 : 8 (-3) KA Naik (+0.5%) 
 B-096 : 27 (-2) KA Naik (+0.2%) 
B-231 : 19 (-2) KA Naik (+0.3%)

*Sumur Gain*
B-173 : 43 (+5) KA Turun (-8.7%) 
B-213 : 28 (+4) Gross Naik (+120) 
B-136 : 35 (+4) KA Turun (-0.2%) 
BN-018 : 115 (+3) Gross Naik (+93) 
B-208 : 24 (+3) Gross Naik (+99) 
B-216 : 32 (+3) KA Turun (-0.6%) 
B-195 : 16 (+2) KA Turun (-3.4%)",6941.76615210035,4456.613869648425,6271.62086382018,4026.3805945725553,8481.4453,4812.0,5448.0,126.0,762.0,5477.0,7502.0,1881.0,3906.0,1289.0,1942.0,1959.0,2612.0,2921.0,3426.0,480.0,985.0,14499.0,18318.0,4446.0,8265.0,3.0,16.7,0.0,395.0,16281.2799,4.0,25.0,0.0,279.5,11481.510699999999,27762.7906,19525.2703,163.925,393.817,80.0,1299.7116,574.2917,311.59999999999997,0.0,399.1,3222.4453,280.4,93.60000000000001,4481.299999999999,380.7,5235.999999999999,23.0,0.0,0.0,23.0,0.0,6559.394840604959,1726.048517192982,196.00194220205682,0.8872,1.6945,1.8996,0.2804,0.4,1.6528,28.0,660.6,4.0,0,
2026-03-15,2086.8521981677704,1982.3389268659282,2154.058,2154.087,0.0,1943.087,45.0,0.0,0.0,0.0,0.0,166.0,0.0,9876.0,496.0,13526.520833333332,733.4583333333333,7110.5,463.5,10566.895833333332,371.6041666666667,89.0,41079.916666666664,2153.5625,39015.354166666664,39163.029000014896,39091.7500000149,8.0,40.0,15.0,26.0,63.0,"*Sumur Low*
B-239 : 121 (-39) Gross Turun (-24) 
B-234 : 59 (-10) KA Naik (+2.6%) 
B-102 : 21 (-8) KA Naik (+0.9%) 
B-206 : 27 (-5) KA Naik (+1.3%) 
BN-017 : 19 (-5) Gross Turun (-32) 
B-232 : 22 (-4) Gross Turun (-122) 
 B-096 : 24 (-3) KA Naik (+0.4%) 
B-229 : 16 (-3) Gross Turun (-72) Jam 06.40 - 10.00 tutup sumur, perbaikan k-2 GCS Bunyu
B-214 : 16 (-3) Gross Turun (-2) 
B-227 : 11 (-2) Gross Turun (-3) Jam 07.05 - 10.00 tutup sumur, perbaikan k-2 GCS Bunyu
B-237 : 10 (-1) Gross Turun (-14) Jam 07.20 - 10.10 tutup sumur, perbaikan k-2 GCS Bunyu
B-223 : 7 (-1) Gross Turun (-2) Jam 07.10 - 10.15 tutup sumur, perbaikan k-2 GCS Bunyu
B-233 : 10 (-1) Gross Turun (-11) Jam 07.10 - 10.10 tutup sumur, perbaikan k-2 GCS Bunyu

*Sumur Gain*
B-211 : 65 (+12) Gross Naik (+71) 
B-125 : 37 (+9) KA Turun (-1%) 
BN-024 : 27 (+8) KA Turun (-0.7%) 
B-219 : 48 (+5) KA Turun (-0.5%) 
BN-014 : 21 (+5) Gross Naik (+101) 
B-243 : 63 (+4) Gross Naik (+139) 
BN-038 : 11 (+3) KA Turun (-0.7%) 
B-220 : 19 (+3) Gross Naik (+88) 
BN-022 : 29 (+2) KA Turun (-1.1%) 
B-132 : 37 (+2) KA Turun (-1.1%)",6941.76615210035,4456.613869648425,6271.62086382018,4026.3805945725553,8393.2637,4812.0,5465.0,126.0,779.0,5277.520833333333,7278.020833333333,1865.0,3865.499999999999,1289.0,1937.0,1794.5,2442.5,2815.5,3307.0,480.0,971.5,14194.020833333332,17987.020833333332,4265.5,8058.499999999999,3.0,16.9,0.0,398.0,16528.6469,4.0,25.0,16.18,291.8333333333333,11478.476799999999,28007.123699999996,19857.559999999998,163.7,394.39,80.0,1328.4737,575.5,324.7,0.0,360.1,3226.8636999999994,281.7,94.7,4385.6,391.29999999999995,5153.3,13.100000000000001,0.0,0.0,13.100000000000001,0.0,6629.412849847986,1566.9994709499283,196.85137920208476,0.3759,1.8015,2.2082,0.2817,0.4,1.5765,28.0,660.6,4.0,0,
2026-03-16,2086.8521981677704,1982.3389268659282,2200.035,2200.038,0.0,1979.4407777777778,48.0,0.0,0.0,0.0,0.0,172.59722222222223,0.0,9607.25,506.0,13978.638888888889,771.0972222222222,7154.0,455.5,10795.0,381.0,86.0,41534.88888888889,2199.597222222222,39421.29166666667,39542.82833332837,39502.083333328366,8.0,41.0,15.0,26.0,64.0,"*Sumur Gain*
B-203 : 16 (+16) Gross Naik (+96) Prod. 24 jam, ex. perbaikan Flowline
B-179 : 163 (+9) KA Turun (-0.4%) 
B-225 : 27 (+7) KA Turun (-0.6%) 
BN-026 : 21 (+6) Gross Naik (+43) 
B-239 : 126 (+5) KA Turun (-2.5%) 
B-229 : 21 (+5) Gross Naik (+110) Prod. 24 jam, ex. perbaikan K-2 GCS Bunyu
B-199 : 115 (+3) KA Turun (-0.6%) 
B-147 : 16 (+3) KA Turun (-0.2%) 
BN-018 : 118 (+3) KA Turun (-0.4%) 
B-208 : 27 (+3) KA Turun (-1%) 
BN-014 : 24 (+3) KA Turun (-0.4%) 
B-197 : 2 (+2) Gross Naik (+219) Jam 01.00 start sumur setelah di rawat. Jam 04.40 tutup GI sumur jadi SA, BD ke SA.28. Jam 17.00 BD ke SA.18
B-227 : 13 (+2) KA Turun (-6.5%) Prod. 24 jam, ex. perbaikan K-2 GCS Bunyu
B-237 : 11 (+1) Gross Naik (+14) Prod. 24 jam, ex. perbaikan K-2 GCS Bunyu
B-233 : 11 (+1) Gross Naik (+11) Prod. 24 jam, ex. perbaikan K-2 GCS Bunyu

*Sumur Low*
B-173 : 37 (-6) Gross Turun (-22) 
B-214 : 11 (-5) Gross Turun (-6) 
BN-015 : 72 (-5) KA Naik (+1.8%) 
B-160 : 64 (-3) KA Naik (+0.2%) 
B-169 : 30 (-2) Gross Turun (-25) Shut in Jam 22.30, kebocoran flowline",6941.76615210035,4456.613869648425,6271.62086382018,4026.3805945725553,8852.5599,4780.125,5530.125,126.0,876.0,5761.0,8066.0,2953.666666666667,5258.666666666668,1289.0,2043.0,1746.0,2500.0,2921.0,3437.0,480.0,996.0,14751.125,19076.125,5305.666666666667,9630.666666666668,3.0,17.0,0.0,398.0,16527.6525,4.0,24.958333333333332,0.0,289.25,11660.523799999999,28188.1763,19579.541400000002,163.925,393.116,80.0,1385.8606,575.9583,320.5,0.0,205.0,3124.3599,283.3,92.2,4962.4,375.8,5713.7,14.5,0.0,0.0,14.5,0.0,6338.839789948774,2339.0711019174887,174.64900813373941,0.8211,1.7299,2.4114,0.2833,0.4,1.5891,28.0,670.0,4.0,0,"BN-49 Pkl. 14.30 - 16.00 Tutup, kebocoran Flowline"
2026-03-17,2086.8521981677704,1982.3389268659282,2178.048,2178.053,0.0,1976.3863333333331,48.0,0.0,0.0,0.0,0.0,153.66666666666666,0.0,9863.0,506.0,13554.166666666668,782.1666666666667,7055.5,419.0,10739.0,386.0,85.0,41211.66666666667,2178.166666666667,39118.50000000001,39131.97666665673,39166.91666665673,8.0,41.0,15.0,26.0,64.0,"*Sumur Low*
B-239 : 104 (-22) KA Naik (+9.2%) 
B-140 : 24 (-8) KA Naik (+0.3%) 
B-081 : 38 (-8) Gross Turun (-350) 
BN-058 : 48 (-5) KA Naik (+1.4%) 
BN-022 : 24 (-5) KA Naik (+1.6%) 
B-144 : 21 (-3) Gross Turun (-88) 
BN-038 : 8 (-3) KA Naik (+0.7%) 
BN-024 : 24 (-3) Gross Turun (-102) 
B-196 : 0 (-2) Gross Turun (-14) 

*Sumur Gain*
B-213 : 34 (+6) KA Turun (-5.7%) 
B-233 : 17 (+6) KA Turun (-33%) 
B-169 : 35 (+5) Gross Naik (+300) Jam 00.00 buka sumur, selesai perbaikan FL
B-206 : 32 (+5) Gross Naik (+96) 
B-217 : 52 (+4) KA Turun (-2.5%) 
B-173 : 40 (+3) Gross Naik (+16) 
B-096 : 27 (+3) KA Turun (-0.4%) 
BN-039 : 51 (+3) KA Turun (-0.2%) 
B-237 : 14 (+3) Gross Naik (+136)",6941.76615210035,4456.613869648425,6271.62086382018,4026.3805945725553,8721.669399999999,4812.0,5576.0,126.0,890.0,5761.0,8016.0,3001.0,5256.0,1289.0,2167.0,1739.0,2617.0,3401.0,3916.0,0.0,515.0,15263.0,19675.0,4866.0,9278.0,3.0,17.1,0.0,399.0,16896.3795,4.0,24.958333333333332,0.0,292.4166666666667,11218.292300000001,28114.6718,28114.6718,163.6,381.908,80.0,1393.0031,574.9583,315.5,0.0,225.9,3134.8694,302.3,96.5,4799.5,381.7,5580.0,6.8,0.0,0.0,6.8,0.0,6113.064896335416,2429.9973484587194,178.6071552058633,0.1551,1.8187,2.8257,0.3023,0.4,1.6142,28.0,667.0,4.0,0,
2026-03-18,2086.8521981677704,1982.3389268659282,2157.073,2157.053,0.0,1963.0529999999999,48.0,0.0,0.0,0.0,0.0,146.0,0.0,9586.0,507.0,13212.0,790.0,6842.0,394.0,10638.0,381.0,85.0,40278.0,2157.0,38206.0,38539.96233332837,38311.708333328366,7.0,42.0,15.0,26.0,64.0,"*Sumur Low*
B-239 : 93 (-11) Gross Turun (-20) Jam 10.58 cek sumur tekanan cenderung turun buka GI (crack open), GI masuk sumur jadi SB (SB.23)
B-125 : 29 (-8) KA Naik (+0.8%) 
B-234 : 53 (-6) Gross Turun (-162) 
B-229 : 16 (-5) KA Naik (+0.8%) 
BN-024 : 19 (-5) Gross Turun (-168) 
B-169 : 32 (-3) Gross Turun (-107) 
B-191 : 53 (-3) KA Naik (+0.9%) 
B-224 : 11 (-2) Gross Turun (-130) 
B-132 : 35 (-2) Gross Turun (-24)

*Sumur Gain*
B-236 : 37 (+5) KA Turun (-1.2%) 
B-185 : 15 (+4) KA Turun (-0.8%) 
B-197 : 5 (+3) KA Turun (-16.5%) 
B-199 : 118 (+3) Gross Naik (+43) 
BN-026 : 24 (+3) Gross Naik (+5) 
BN-022 : 27 (+3) KA Turun (-0.7%) 
B-220 : 21 (+2) KA Turun (-0.6%)",6941.76615210035,4456.613869648425,6271.62086382018,4026.3805945725553,9031.946600000001,4812.0,5576.0,126.0,890.0,5761.0,8177.0,2974.0,5390.0,1351.5,2569.5,1366.0,2584.0,3409.0,3926.0,0.0,517.0,15333.5,20248.5,4466.0,9381.0,3.0,17.0,0.0,394.0,16798.0623,4.0,25.0,29.483999999999998,283.4166666666667,11353.140599999999,28151.2029,19363.1563,163.9,389.08,80.0,1392.3416,573.625,308.5,0.0,254.6,3162.0466,353.4,104.6,5019.3,380.3,5857.6,12.3,0.0,0.0,12.3,0.0,6437.223640081016,2411.7925842660707,182.93037565291553,0.3161,1.8458,2.8574,0.3534,0.4,1.5054,26.0,642.8,4.0,0,"BN-33 Pkl. 10.30 Tutup, kebocoran Flowline"
2026-03-19,2086.8521981677704,1982.3389268659282,2180.066,2180.091,0.0,1955.341,48.0,0.0,0.0,0.0,0.0,176.75,0.0,9708.0,517.0,13158.0,768.0,6900.0,432.75,10357.0625,384.0,78.0,40123.0625,2179.75,38021.3125,38208.439,38256.5,7.0,42.0,15.0,26.0,64.0,"*Sumur Gain*
B-239 : 126 (+33) Gross Naik (+40) Jam 00.00 BU dari SB.23 ke SB.33
B-169 : 40 (+8) KA Turun (-3.1%) 
B-214 : 16 (+5) Gross Naik (+6) 
BN-018 : 123 (+5) Gross Naik (+294) 
B-198 : 72 (+3) KA Turun (-2.7%) 
B-181 : 30 (+3) Gross Naik (+73) 
B-216 : 35 (+3) KA Turun (-1.2%) 
BN-058 : 51 (+3) KA Turun (-1%) 
B-231 : 21 (+2) KA Turun (-0.6%) 

*Sumur Low*
B-219 : 39 (-9) KA Naik (+1.2%) 
B-207 : 8 (-8) Gross Turun (-27) 
B-211 : 59 (-6) Gross Turun (-77) 
B-144 : 16 (-5) KA Naik (+0.7%) 
BN-022 : 24 (-3) Gross Turun (-62) 
B-234 : 51 (-2) KA Naik (+2.6%) 
B-102 : 19 (-2) KA Naik (+0.2%) ",6941.76615210035,4456.613869648425,6271.62086382018,4026.3805945725553,8949.868400000003,4812.0,5397.0,126.0,711.0,5761.0,8199.0,3008.0,5446.0,1350.875,2626.125,1366.0,2641.25,3215.833333333333,3734.833333333333,0.0,519.0,15139.708333333332,19956.958333333332,4500.0,9317.25,3.0,17.0,0.0,395.0,16816.6014,4.0,25.0,0.0,263.25,11686.3076,28502.909,19796.440599999998,163.4,376.908,80.0,1389.2437,572.9167,307.3,0.0,274.7,3164.4683999999997,519.9,144.1,4702.6,409.0,5775.6,9.799999999999999,0.0,0.0,9.799999999999999,0.0,6258.351991531838,2509.9687278113183,181.54768065684624,0.2305,1.7147,2.7574,0.5199,0.4,1.4531,26.0,640.0,4.0,0,BN-33 Pkl. 10.30 Start injeksi. Ex. Clam kebocoran Flowline
2026-03-20,2086.8521981677704,1982.3389268659282,2153.081,2153.065,0.0,1910.065,48.0,0.0,0.0,0.0,0.0,195.0,0.0,9719.0,516.0,13012.0,750.0,7064.0,440.0,9970.0,362.0,85.0,39765.0,2153.0,37697.0,37530.674999999996,37875.0,7.0,42.0,15.0,26.0,64.0,"*Sumur Low*
B-243 : 54 (-9) KA Naik (+0.3%) 
BN-026 : 15 (-9) Gross Turun (-37) 
B-229 : 8 (-8) KA Naik (+1.4%) 
BN-015 : 64 (-8) KA Naik (+1.3%) 
B-237 : 8 (-6) KA Naik (+1.5%) 
B-159 : 15 (-6) Gross Turun (-24) 
B-220 : 16 (-5) KA Naik (+0.8%) 
B-217 : 48 (-4) KA Naik (+1.3%) 
B-214 : 13 (-3) Gross Turun (-3) 
BN-024 : 16 (-3) KA Naik (+0.2%) 
B-206 : 29 (-3) KA Naik (+1.7%) 
B-225 : 24 (-3) Gross Turun (-61)

*Sumur Gain*
B-239 : 144 (+18) Gross Naik (+21) 
B-195 : 20 (+4) Gross Naik (+56) 
B-169 : 43 (+3) Gross Naik (+19) 
B-173 : 43 (+3) KA Turun (-7.9%) 
BN-038 : 11 (+3) KA Turun (-0.6%) 
BN-039 : 53 (+2) Gross Naik (+93)",6941.76615210035,4456.613869648425,6271.62086382018,4026.3805945725553,8625.0858,4812.0,5408.0,126.0,722.0,5761.0,8242.0,3008.0,5489.0,1414.0,2847.0,1366.0,2799.0,2921.0,3447.0,0.0,526.0,14908.0,19944.0,4500.0,9536.0,3.0,17.0,0.0,395.0,16661.9601,4.0,24.75,19.792,286.9166666666667,11734.9887,28396.9488,20015.688000000002,163.825,387.92,80.0,1370.1241,574.9167,318.6,0.0,264.2,3159.5857999999994,738.5,176.0,4131.4,402.9,5448.799999999999,16.7,0.0,0.0,16.7,0.0,5957.785252160235,2496.3545310402683,170.94601679949668,0.2202,1.845,2.0662,0.7385,0.4,1.3848,26.0,640.0,4.0,0,
2026-03-21,2086.8521981677704,1982.3389268659282,2157.064,2157.051,0.0,1922.051,48.0,0.0,0.0,0.0,0.0,187.0,0.0,9579.0,522.0,13069.0,733.0,6978.0,448.0,10225.0,369.0,85.0,39851.0,2157.0,37779.0,37849.469,37839.0,7.0,42.0,15.0,26.0,64.0,"*Sumur Gain*
B-196 : 24 (+24) KA Turun (-53.3%) 
B-233 : 24 (+7) Gross Naik (+11) 
B-199 : 123 (+5) Gross Naik (+32) 
B-144 : 21 (+5) KA Turun (-0.7%) 
BN-024 : 21 (+5) KA Turun (-1.1%) 
BN-026 : 19 (+4) Gross Naik (+18) 
B-231 : 24 (+3) KA Turun (-1.7%) 
B-216 : 37 (+2) KA Turun (-0.3%) 
B-234 : 53 (+2) Gross Naik (+59) 

*Sumur Low*
B-239 : 136 (-8) Gross Turun (-21) 
BN-058 : 43 (-8) KA Naik (+2.3%) 
B-203 : 8 (-8) KA Naik (+13.9%) 
B-081 : 32 (-6) KA Naik (+0.4%) 
B-169 : 38 (-5) Gross Turun (-102) 
B-213 : 29 (-5) Gross Turun (-43) 
B-236 : 32 (-5) Gross Turun (-56) 
B-132 : 32 (-3) Gross Turun (-13) 
BN-022 : 21 (-3) KA Naik (+0.8%) 
B-125 : 27 (-2) KA Naik (+0.2%) ",6941.76615210035,4456.613869648425,6271.62086382018,4026.3805945725553,8207.1327,4812.0,5453.0,126.0,767.0,5761.0,8340.0,3008.0,5587.0,1414.0,2720.0,1368.0,2674.0,3388.0,3922.0,0.0,534.0,15375.0,20435.0,4502.0,9562.0,3.0,17.0,0.0,396.0,16681.5913,4.0,25.0,19.772,269.125,11727.8988,28409.490100000003,20446.382400000002,164.025,395.116,80.0,1386.5417,575.25,321.1,0.0,171.2,3093.2326999999996,258.29999999999995,102.3,4364.7,382.7,5108.0,5.8999999999999995,0.0,0.0,5.8999999999999995,0.0,5756.665866858399,2281.380330119222,169.0865030223803,0.3201,1.7521,2.2925,0.2583,0.4,1.4461,26.0,640.0,4.0,0,
2026-03-22,2086.8521981677704,1982.3389268659282,2114.043,2114.053,0.0,1892.3863333333331,51.0,0.0,0.0,0.0,0.0,170.66666666666669,0.0,9229.0,524.0,13106.0,740.0,7004.833333333333,406.6666666666667,10290.0,348.0,95.0,39629.83333333333,2113.666666666667,37611.166666666664,37790.33733334327,37729.95833334327,7.0,42.0,15.0,28.0,64.0,"*Sumur Low*
BN-015 : 43 (-21) KA Naik (+4.4%) 
B-239 : 120 (-16) KA Naik (+10.8%) 
B-227 : 0 (-13) Gross Turun (-19) 
BN-018 : 118 (-5) Gross Turun (-187) 
B-140 : 20 (-4) KA Naik (+0.2%) 
B-217 : 44 (-4) KA Naik (+0.5%) 
BN-038 : 8 (-3) Gross Turun (-223) 
B-198 : 69 (-3) Gross Turun (-16) 
B-223 : 5 (-3) Gross Turun (-5) 
B-147 : 13 (-3) KA Naik (+0.3%) 
B-216 : 35 (-2) KA Naik (+0.8%)) 

*Sumur Gain*
B-185 : 21 (+6) KA Turun (-1%) 
B-179 : 168 (+5) Gross Naik (+34) 
BN-017 : 22 (+3) KA Turun (-1%) 
B-212 : 23 (+3) Gross Naik (+6) 
BN-014 : 27 (+3) KA Turun (-0.7%) 
B-173 : 45 (+2) KA Turun (-2.8%) 
B-169 : 40 (+2) Gross Naik (+70)",6941.76615210035,4456.613869648425,6271.62086382018,4026.3805945725553,8647.860499999999,4812.0,5472.0,128.0,788.0,5761.0,8244.0,2914.0,5397.0,1414.0,2541.0,1368.0,2495.0,3388.0,3935.0,0.0,547.0,15375.0,20192.0,4410.0,9227.0,3.0,16.9,0.0,396.0,16551.7984,4.0,25.0,24.193999999999996,284.4166666666667,11538.7597,28090.558100000002,19686.9976,164.3,388.38,80.0,1388.2388,576.0417,303.59999999999997,0.0,131.9,3032.4605,248.20000000000002,98.7,4870.9,378.0,5595.799999999999,19.599999999999998,0.0,0.0,19.599999999999998,0.0,6185.746103825727,2269.981373252411,192.1330229218597,0.7653,1.799,2.3066,0.2482,0.4,1.3375,28.0,640.0,4.0,0,"B-77 Pkl. 17.00 Start injeksi,ex. Perbaikan Flowline yg bocor"
2026-03-23,2086.8521981677704,1982.3389268659282,2052.052,2052.046,0.0,1916.5459999999998,51.0,0.0,0.0,0.0,0.0,84.5,0.0,9430.0,533.0,12979.5,743.0,6803.5,319.5,10358.0,361.0,95.0,39571.0,2051.5,37614.5,37681.56933331346,37710.958333313465,7.0,42.0,15.0,27.0,64.0,"*Sumur Low*
B-239 : 34 (-86) Gross Turun (-113) Pkl 17.30 aliran gas. Pkl 18.00 bean up ke SB OF 
B-207 : 0 (-8) Gross Turun (-13) 
B-196 : 19 (-5) Gross Turun (-90) 
B-231 : 21 (-3) KA Naik (+1.2%) 
B-232 : 19 (-3) KA Naik (+2.2%) 
B-208 : 24 (-3) Gross Turun (-83) 
B-173 : 43 (-2) KA Naik (+23.6%) 
BN-039 : 51 (-2) KA Naik (+0.1%) 
B-214 : 11 (-2) Gross Turun (-3) 
B-206 : 27 (-2) Gross Turun (-56)

*Sumur Gain*
BN-026 : 32 (+13) Gross Naik (+43) 
B-227 : 13 (+13) Gross Naik (+16) 
B-243 : 62 (+8) KA Turun (-0.5%) 
B-234 : 59 (+6) KA Turun (-1.7%) 
B-132 : 37 (+5) Gross Naik (+184) 
B-191 : 56 (+3) Gross Naik (+18) 
B-186 : 5 (+3) Gross Naik (+3) 
BN-022 : 24 (+3) Gross Naik (+67)",6941.76615210035,4456.613869648425,6271.62086382018,4026.3805945725553,8942.004400000002,4812.0,5491.0,128.0,807.0,5761.0,8295.0,2914.0,5448.0,1414.0,2788.0,1368.0,2742.0,3388.0,3831.0,0.0,443.0,15375.0,20405.0,4410.0,9440.0,3.0,16.6,0.0,393.0,16555.2516,4.0,24.833333333333332,153.21000000000004,283.3333333333333,11470.1465,28025.3981,19327.5687,164.175,390.358,80.0,1388.4131,575.9583,308.59999999999997,0.0,158.6,3066.1044,233.9,90.2,5157.1,377.90000000000003,5859.1,16.8,0.0,0.0,16.8,0.0,6400.403551121529,2345.01845106573,196.5823978127442,0.9002,1.926,2.3309,0.2339,0.4,1.3705,27.0,640.0,4.0,0,B-137 Tutup untuk akses perawatan B-146
2026-03-24,2086.8521981677704,1982.3389268659282,2022.047,2022.05,0.0,1920.05,51.0,0.0,0.0,0.0,0.0,51.0,0.0,9631.625,539.0,12629.708333333334,741.2083333333333,6820.5,298.0,10214.333333333332,351.2083333333333,93.0,39296.16666666667,2022.4166666666665,37366.75000000001,37489.5210000149,37586.1250000149,7.0,43.0,15.0,27.0,65.0,"*Sumur Low*
B-239 : 0 (-34) Gross Turun (-48) Pkl 00.00 coba optimasi GI, aliran tetap gas. Pkl 16.30 tutup sumur Program SBHP
B-181 : 25 (-5) KA Naik (+0.3%) 
B-220 : 11 (-5) KA Naik (+1.3%) 
B-208 : 19 (-5) Gross Turun (-230) 
B-216 : 31 (-4) Gross Turun (-55) 
B-224 : 8 (-3) Gross Turun (-184) Pkl 08.10 - 15.10 tutup sumur/GI, imbangi tekanan jaringan perbaikan K#2 SKG Bunyu
B-160 : 61 (-3) Gross Turun (-71) 
B-236 : 29 (-3) KA Naik (+2.5%) 
B-144 : 19 (-2) KA Naik (+0.3%) 
B-237 : 6 (-2) Gross Turun (-56) Pkl 08.10 - 15.10 tutup sumur/GI, imbangi tekanan jaringan perbaikan K#2 SKG Bunyu
B-203 : 6 (-2) Gross Turun (-85) Pkl 08.05 - 15.05 tutup sumur/GI, imbangi tekanan jaringan perbaikan K#2 SKG Bunyu
B-186 : 4 (-1) Gross Turun (-2) Pkl 08.00 - 15.00 tutup sumur/GI, imbangi tekanan jaringan perbaikan K#2 SKG Bunyu
B-223 : 4 (-1) Gross Turun (-2) Pkl 08.05 - 15.05 tutup sumur/GI, imbangi tekanan jaringan perbaikan K#2 SKG Bunyu

*Sumur Gain*
B-125 : 37 (+10) KA Turun (-0.7%) 
BN-038 : 16 (+8) Gross Naik (+223) 
B-211 : 65 (+6) KA Turun (-17.7%) 
B-219 : 45 (+6) KA Turun (-0.5%) 
B-191 : 61 (+5) KA Turun (-4.6%) 
BN-058 : 48 (+5) KA Turun (-1.4%) 
BN-026 : 35 (+3) KA Turun (-14.1%) 
B-229 : 9 (+1) KA Turun (-0.8%) Pkl 08.15 - 15.10 tutup sumur/GI, imbangi tekanan jaringan perbaikan K#2 SKG Bunyu",6941.76615210035,4456.613869648425,6271.62086382018,4026.3805945725553,6937.820599999999,5046.416666666667,5621.770833333333,128.0,703.3541666666661,5114.375000000001,7637.958333333334,2826.0,5349.583333333333,1374.9375,2557.625,1794.0,2976.6875,3260.25,3718.25,0.0,458.0,14795.979166666668,19535.604166666668,4748.0,9487.624999999998,3.0,16.7,0.0,388.0,14975.1165,4.0,23.5,82.473,256.5,11127.8035,26102.92,19408.6494,163.55,386.2,80.0,1241.3206,573.75,317.40000000000003,0.0,214.7,2976.9206,215.0,86.4,3245.8,393.29999999999995,3940.5,20.400000000000002,0.0,0.0,20.400000000000002,0.0,4989.0103366455405,1804.754120937364,144.05614241709597,0.203,1.4814,1.5614,0.215,0.4,1.3045,27.0,640.0,4.0,0,
2026-03-25,2086.8521981677704,1982.3389268659282,2012.092,2012.102,0.0,1914.102,51.0,0.0,0.0,0.0,0.0,47.0,0.0,10230.0,537.0,12871.5,723.0,6301.5,306.0,10357.5,356.0,90.0,39760.5,2012.0,37838.5,37922.49,37785.0,8.0,42.0,15.0,27.0,65.0,"*Sumur Low*
B-213 : 10 (-19) Gross Turun (-140) Pkl 11.45 ESP running with Pi Mode
BN-022 : 19 (-5) Gross Turun (-70) 
B-173 : 38 (-5) Gross Turun (-29) 
B-211 : 61 (-4) KA Naik (+22.6%) 
B-223 : 0 (-4) KA Naik (+62.5%) Prod. 24 jam, ex. imbangi tekanan jaringan perbaikan K#2 SKG Bunyu
 B-096 : 24 (-3) Gross Turun (-93) 
B-231 : 19 (-2) Gross Turun (-91) 
B-197 : 4 (-1) Gross Turun (-24)

*Sumur Gain*
B-229 : 16 (+7) Gross Naik (+301) Prod. 24 jam, ex. imbangi tekanan jaringan perbaikan K#2 SKG Bunyu
BN-018 : 123 (+5) KA Turun (-0.3%) 
BN-058 : 51 (+3) KA Turun (-3%) 
BN-024 : 24 (+3) Gross Naik (+104) 
B-198 : 72 (+3) Gross Naik (+24) 
BN-015 : 46 (+3) KA Turun (-1.9%) 
B-224 : 11 (+3) Gross Naik (+184) Prod. 24 jam, ex. imbangi tekanan jaringan perbaikan K#2 SKG Bunyu
B-214 : 13 (+2) Gross Naik (+6) 
B-237 : 8 (+2) Gross Naik (+56) Prod. 24 jam, ex. imbangi tekanan jaringan perbaikan K#2 SKG Bunyu
B-203 : 8 (+2) Gross Naik (+85) Prod. 24 jam, ex. imbangi tekanan jaringan perbaikan K#2 SKG Bunyu
B-140 : 21 (+1) KA Turun (-0.3%) 
B-186 : 5 (+1) Gross Naik (+2) Prod. 24 jam, ex. imbangi tekanan jaringan perbaikan K#2 SKG Bunyu",6941.76615210035,4456.613869648425,6271.62086382018,4026.3805945725553,8504.3522,4726.625,5296.625,442.0,1012.0,5761.0,8486.0,2930.0,5655.0,1330.6666666666665,2196.333333333333,1494.0,2359.6666666666665,3388.0,3797.0,0.0,409.0,15206.291666666666,19775.958333333332,4866.0,9435.666666666666,3.0,17.0,0.0,397.0,16913.665800000002,4.0,24.791666666666668,226.38899999999995,292.2083333333333,11218.0033,28131.669100000003,19870.766900000002,163.45,378.45,80.0,1397.5939,577.9583,328.40000000000003,0.0,252.4,3178.2522,221.6,85.4,4615.6,385.79999999999995,5308.400000000001,17.7,0.0,0.0,17.7,0.0,5815.628562246085,2490.437968060906,198.2856696930087,0.8243,1.7725,2.0188,0.2216,0.4,1.3589,27.0,640.0,4.0,0,
2026-03-26,2086.8521981677704,1982.3389268659282,1958.058,1958.046,0.0,1860.046,51.0,0.0,0.0,0.0,0.0,47.0,0.0,10368.5,520.5,12796.5,703.0,6319.0,282.0,10782.5,356.5,96.0,40266.5,1958.0,38404.5,38406.032666671636,38211.666666671634,8.0,41.0,15.0,27.0,64.0,"*Sumur Low*
B-234 : 45 (-14) KA Naik (+4.6%) 
B-233 : 16 (-8) Gross Turun (-21) Pkl 16.26 ukur GI 478 Mscfd
B-203 : 0 (-8) KA Naik (+2.7%) 
BN-026 : 30 (-6) Gross Turun (-10) 
B-196 : 13 (-6) Gross Turun (-8) 
B-125 : 33 (-4) KA Naik (+0.3%) 
B-169 : 36 (-4) KA Naik (+0.8%) 
B-199 : 119 (-4) KA Naik (+0.3%) 
BN-038 : 13 (-3) KA Naik (+0.4%) 
B-225 : 21 (-3) Gross Turun (-64) 
BN-015 : 43 (-3) KA Naik (+0.8%) 
B-206 : 26 (-2) Gross Turun (-29) 
B-217 : 43 (-1) KA Naik (+0.2%)

*Sumur Gain*
BN-058 : 53 (+3) Gross Naik (+70) 
B-136 : 37 (+2) Gross Naik (+61)",6941.76615210035,4456.613869648425,6271.62086382018,4026.3805945725553,8719.307899999998,4812.0,5251.0,703.0,1142.0,5841.0,8107.0,2930.0,5196.0,1289.0,2286.0,1492.0,2489.0,3388.0,3797.0,0.0,409.0,15330.0,19441.0,5125.0,9236.0,3.0,17.0,0.0,395.0,16820.2029,4.0,24.75,41.628,265.5416666666667,11583.8879,28404.090799999998,19928.2829,163.5,388.434,80.0,1382.7739,575.5,322.5,0.0,117.4,3030.1079,253.5,88.5,5162.9,164.8,5669.7,19.5,0.0,0.0,19.5,0.0,5976.823117680814,2534.792303107405,207.69247921177995,0.6592,1.7905,2.7132,0.2535,0.4,1.3395,27.0,640.0,4.0,0,
2026-03-27,2086.8521981677704,1982.3389268659282,1934.025,1934.053,0.0,1837.053,53.0,0.0,0.0,0.0,0.0,44.0,0.0,9905.5,517.5,12873.0,703.5,6374.0,272.0,10843.0,347.5,93.0,39995.5,1933.5,38155.0,38333.21566665674,38347.66666665673,8.0,41.0,15.0,27.0,64.0,"*Sumur Low*
B-234 : 35 (-10) KA Naik (+5%) Pkl 06.35 optimasi GI 270 Mscfd
B-179 : 158 (-10) KA Naik (+1%) 
B-185 : 13 (-8) KA Naik (+1.4%) 
B-216 : 27 (-4) KA Naik (+0.9%) 
 B-096 : 21 (-3) KA Naik (+0.5%) 
B-231 : 16 (-3) KA Naik (+1.2%) 
BN-024 : 21 (-3) Gross Turun (-161) 
BN-038 : 11 (-2) Gross Turun (-69) 
B-147 : 11 (-2) KA Naik (+0.2%)

*Sumur Gain*
B-213 : 18 (+8) Gross Naik (+49) 
B-237 : 14 (+6) KA Turun (-6.4%) 
B-212 : 28 (+5) KA Turun (-19.9%) 
B-220 : 14 (+3) KA Turun (-0.4%) 
BN-014 : 29 (+2) Gross Naik (+24)",6941.76615210035,4456.613869648425,6271.62086382018,4026.3805945725553,8746.7249,4812.0,5207.0,474.0,869.0,5841.0,7891.0,2805.0,4855.0,1219.0,2088.0,1769.0,2638.0,3388.0,3797.0,0.0,409.0,15260.0,18983.0,5048.0,8771.0,3.0,17.0,0.0,394.0,16795.300600000002,4.0,24.333333333333332,55.63,239.41666666666666,11504.9199,28300.220500000003,19796.870600000006,163.375,398.314,80.0,1389.4859,573.25,317.3,0.0,99.8,3021.5249000000003,269.1,92.3,5026.6,319.5,5707.5,17.7,0.0,0.0,17.7,0.0,6246.663410511913,2324.5485967278523,175.51289276023252,0.3471,1.8604,2.8191,0.2691,0.4,1.3088,27.0,640.0,4.0,0,"B-77, B-49 Pkl. 15.00 - 18.05 Tutup Sumur Kebocoran Flowline (Salome) "
2026-03-28,2086.8521981677704,1982.3389268659282,1908.059,1908.053,0.0,1791.053,73.0,0.0,0.0,0.0,0.0,44.0,0.0,9820.25,504.75,12869.125,702.5,5589.5,248.0,10880.5,362.0,91.0,39159.375,1908.25,37342.125,37548.038,37502.0,8.0,41.0,15.0,26.0,64.0,"*Sumur Low*
B-140 : 5 (-16) KA Naik (+0.7%) 
BN-015 : 35 (-8) KA Naik (+3.4%) 
BN-058 : 45 (-8) KA Naik (+1.9%) 
BN-026 : 23 (-7) Gross Turun (-10) 
B-233 : 11 (-5) Gross Turun (-11) 
B-132 : 33 (-4) KA Naik (+4%) 
BN-038 : 8 (-3) KA Naik (+1.3%) 
B-173 : 35 (-3) KA Naik (+5%) 
B-243 : 59 (-3) KA Naik (+0.2%) 
B-206 : 24 (-2) KA Naik (+1.1%)

*Sumur Gain*
B-151 : 20 (+20) KA Turun (-13%) 
B-234 : 40 (+5) KA Turun (-4.8%) 
B-212 : 33 (+5) Gross Naik (+14) 
B-214 : 16 (+3) KA Turun (-7.8%) 
B-191 : 63 (+2) Gross Naik (+19)",6941.76615210035,4456.613869648425,6271.62086382018,4026.3805945725553,8443.1181,4718.875,5057.666666666667,442.0,780.791666666667,5720.791666666666,7765.458333333334,2779.0,4823.666666666668,1221.0,2031.0,1769.0,2579.0,3388.0,3798.0,0.0,410.0,15048.666666666666,18652.125,4990.0,8593.458333333336,3.0,17.0,0.0,391.0,16989.9542,4.0,24.166666666666668,0.0,249.83333333333334,10633.1542,27623.1084,19422.6403,162.65,397.186,80.0,1393.4154,575.6667,318.0,0.0,45.9,2972.8181,240.0,88.1,4809.6,314.5,5452.200000000001,18.1,0.0,0.0,18.1,0.0,6036.962693777241,2233.234478703278,172.92092751947948,0.229,1.7489,2.8317,0.24,0.4,1.2106,27.0,634.4,4.0,0,
2026-03-29,2086.8521981677704,1982.3389268659282,1905.077,1905.101,0.0,1790.101,71.0,0.0,0.0,0.0,0.0,44.0,0.0,9937.291666666666,500.2916666666667,12896.0,702.5,5444.0,251.0,10872.5,359.0,92.0,1834.101,1904.7916666666667,37337.0,37718.67999999999,37717.125,8.0,38.0,15.0,26.0,61.0,"*Sumur Low*
B-196 : 8 (-5) Gross Turun (-16) 
B-206 : 21 (-3) Gross Turun (-61) 
B-125 : 30 (-3) KA Naik (+0.2%) 
BN-022 : 16 (-3) Gross Turun (-102) 
BN-014 : 27 (-2) KA Naik (+0.5%) 
B-173 : 34 (-1) Gross Turun (-9) Pkl 17.54 - 18.56 Automatic stop due unbalance power supply, Manual Restart at 35Hz and program up freq to 59Hz in 4 hours
BN-017 : 21 (-1) KA Naik (+0.4%)

*Sumur Gain*
B-234 : 45 (+5) KA Turun (-4.9%) 
BN-058 : 48 (+3) KA Turun (-3.3%) 
B-214 : 19 (+3) KA Turun (-14.3%) Pkl 07.10 update GI 210 Mscfd
B-208 : 21 (+2) Gross Naik (+155) 
B-199 : 120 (+1) KA Turun (-0.9%)",6941.76615210035,4456.613869648425,6271.62086382018,4026.3805945725553,7969.695699999999,4365.0,4643.375,442.0,720.375,5329.0,7195.0,2702.0,4568.0,1257.0,1856.0,1691.0,2290.0,3388.0,3782.0,0.0,394.0,14339.0,17476.375,4835.0,7972.375,3.0,17.0,0.0,390.0,16881.1718,4.0,25.0,42.575,248.875,8891.8625,25773.0343,18046.7386,163.4,392.976,80.0,1406.9364,575.0833,326.6,0.0,32.3,2977.2957,219.79999999999998,87.4,4350.9,319.7,4977.799999999999,14.6,0.0,0.0,14.6,0.0,5526.517062417097,2267.2377864312703,175.94085115163293,0.214,1.7059,2.431,0.2198,0.4,1.251,26.0,630.2,4.0,0,
2026-03-30,2086.8521981677704,1982.3389268659282,1900.049,1900.03,0.0,1783.03,73.0,0.0,0.0,0.0,0.0,44.0,0.0,9744.083333333334,470.95833333333337,13005.5,701.5,5482.75,254.0,11374.5,377.0,97.0,39606.833333333336,1900.4583333333335,37803.375,37866.628333328365,37967.583333328366,8.0,41.0,15.0,27.0,64.0,"*Sumur Low*
BN-014 : 19 (-8) KA Naik (+1.3%) 
BN-017 : 13 (-8) KA Naik (+6.1%) 
B-217 : 37 (-6) KA Naik (+1.3%) 
BN-018 : 118 (-5) KA Naik (+0.6%) Pkl 17.10 Program Upfreq from 98 Hz to 100 Hz in 1 hour
B-225 : 17 (-4) Gross Turun (-170) 
BN-015 : 32 (-3) KA Naik (+1.7%) Pkl 16.35 Program Upfreq from 86 Hz to 89 Hz in 1 hour
BN-024 : 18 (-3) Gross Turun (-107) Pkl 14.00 - 17.30 tutup sumur/GI program penyisipan flowline 
B-173 : 31 (-2) Gross Turun (-6) Prod. 24 jam, ex. Automatic stop due unbalance power supply, ex. Manual Restart 
B-169 : 34 (-2) KA Naik (+0.6%) 
B-211 : 59 (-2) Gross Turun (-19) 
B-159 : 13 (-2) Gross Turun (-3) 
BN-038 : 7 (-1) Gross Turun (-36)

*Sumur Gain*
B-151 : 30 (+10) Gross Naik (+136) 
B-223 : 5 (+5) Gross Naik (+27) Pkl 00.00 buka sumur/GI ex imbangi tekanan jaringan, perbaikan KN-4 SKG Nibung. Pkl 10.22 ukur GI 350 Mscfd
B-229 : 21 (+5) KA Turun (-0.4%) 
B-216 : 30 (+3) Gross Naik (+55) 
B-203 : 3 (+3) Gross Naik (+272) Pkl 00.00 buka sumur/GI ex imbangi tekanan jaringan, perbaikan KN-4 SKG Nibung. Pkl 17.48 ukur GI 350 Mscfd
B-160 : 64 (+3) KA Turun (-0.1%) 
B-212 : 36 (+3) KA Turun (-9%) 
B-234 : 48 (+3) Gross Naik (+11) 
B-147 : 13 (+2) Gross Naik (+120",6941.76615210035,4456.613869648425,6271.62086382018,4026.3805945725553,8222.019600000001,4584.0,4910.625,371.0,697.625,6029.0,8083.0,2895.0,4949.0,1230.0,1869.0,1691.0,2330.0,3388.0,3966.0,0.0,578.0,15231.0,18828.625,4957.0,8554.625,3.0,17.0,0.0,397.0,16749.772599999997,4.0,24.833333333333332,283.696,260.875,11704.5706,28454.343199999996,20586.463599999995,163.65,398.678,80.0,1394.9349,572.6667,333.6,0.0,7.6,2951.1295999999998,211.4,85.5,4528.6,311.0,5136.5,23.89999999999999,110.49,0.0,134.39,0.0,5674.090969627541,2201.9254968628084,346.0031335096512,0.458,1.5501,2.5205,0.2114,0.4,1.1831,27.0,633.6,4.0,0,
2026-03-31,2086.8521981677704,1982.3389268659282,1900.098,1900.118,0.0,1766.118,90.0,0.0,0.0,0.0,0.0,44.0,0.0,9648.375,463.875,12940.0,707.5,5019.625,248.5,11550.75,382.4166666666667,98.0,39158.75,1900.2916666666667,37356.458333333336,37439.832,37500.75,8.0,41.0,15.0,27.0,64.0,"*Sumur Gain*
B-151 : 45 (+15) Gross Naik (+176) 
BN-017 : 16 (+3) KA Turun (-3.6%) 
BN-022 : 19 (+3) KA Turun (-0.7%) 
B-185 : 16 (+3) KA Turun (-0.4%) 
B-207 : 3 (+3) Gross Naik (+4) 
B-237 : 17 (+3) KA Turun (-4.7%) 
BN-014 : 21 (+2) KA Turun (-0.2%) 
B-214 : 21 (+2) Gross Naik (+3) 
BN-024 : 19 (+1) Gross Naik (+212) Prod. 24 jam, ex. Tutup sumur/gas injeksi, program penyisipan flowline 

*Sumur Low*
B-227 : 5 (-8) Gross Turun (-16) Pkl 07.00 - 21.00 tutup sumur/GI, dampak Program penyisipan Ringline 
BN-018 : 112 (-6) Gross Turun (-257) 
B-173 : 26 (-5) Gross Turun (-46) 
BN-026 : 18 (-5) Gross Turun (-9) 
BN-015 : 29 (-4) Gross Turun (-69) 
BN-058 : 44 (-4) KA Naik (+2.7%) 
B-232 : 16 (-3) KA Naik (+1.2%) 
B-132 : 32 (-1) Gross Turun (-59) 
B-220 : 13 (-1) KA Naik (+0.5%) ",6941.76615210035,4456.613869648425,6271.62086382018,4026.3805945725553,8798.987,4635.375,4976.0,371.0,711.625,6029.0,8113.0,2895.0,4979.0,1226.0,1908.0,1691.0,2373.0,3193.75,3744.75,0.0,551.0,15084.125,18741.75,4957.0,8614.625,3.0,17.0,0.0,392.0,17006.1291,4.0,25.0,0.0,256.0833333333333,11641.973000000002,28648.1021,20093.4651,164.35,404.116,80.0,1386.1877,572.3333,330.29999999999995,0.0,-23.6,2913.6870000000004,219.0,87.5,5234.6,321.79999999999995,5862.900000000001,22.4,0.0,0.0,22.4,0.0,6102.488234238286,2340.029800136396,356.4689656253173,0.6592,1.9858,2.5896,0.219,0.4194,1.3126,27.0,628.8,4.0,0,
2026-04-01,2072.806210456543,2077.432096364146,1855.038,1855.037,0.0,1766.037,45.0,0.0,0.0,0.0,0.0,44.0,0.0,9430.5,458.0,12952.5,703.0,4955.3125,251.16666666666669,12100.5,344.5,98.0,39438.8125,1854.6666666666667,37682.145833333336,37792.638,37916.75,8.0,41.0,15.0,27.0,64.0,"*Sumur Low*
B-151 : 0 (-45) KA Naik (+9.7%) 
B-219 : 37 (-8) KA Naik (+0.9%) 
BN-026 : 13 (-5) Gross Turun (-12) 
B-196 : 3 (-5) KA Naik (+34.6%) Pkl 09.30 kosongkan sumur, Program WS
B-125 : 27 (-3) KA Naik (+0.3%) 
B-243 : 56 (-3) KA Naik (+0.2%) 
B-231 : 14 (-3) KA Naik (+0.7%) 
B-198 : 69 (-3) KA Naik (+2.5%) 
BN-038 : 5 (-2) Gross Turun (-170) 
B-199 : 118 (-2) Gross Turun (-16)

*Sumur Gain*
B-227 : 13 (+8) Gross Naik (+16) Prod. 24 jam, ex. Tutup sumur/gas injeksi, dampak Program penyisipan Ringline 
BN-015 : 35 (+7) Gross Naik (+81) 
B-144 : 24 (+5) KA Turun (-0.6%) 
B-195 : 24 (+4) KA Turun (-3%) 
B-173 : 29 (+3) Gross Naik (+16) 
B-213 : 20 (+3) Gross Naik (+28) 
B-214 : 24 (+3) Gross Naik (+3) 
BN-058 : 45 (+1) KA Turun (-7.4%)",5515.83829772921,3541.1681871421533,6883.077705643732,4418.935887023276,8601.4001,4803.0,5183.0,371.0,751.0,6029.0,8137.0,2895.0,5003.0,1043.9583333333333,1618.6666666666665,1764.0,2338.708333333333,3388.0,3799.0,0.0,411.0,15263.958333333332,18737.666666666664,5030.0,8503.708333333332,3.0,17.0,0.0,389.0,16908.9536,4.0,25.0,0.0,238.33333333333334,11624.5767,28533.5303,20038.5552,26.425,385.658,80.0,1406.3171,571.0,337.1,0.0,-54.9,2751.6000999999997,329.40000000000003,87.5,5089.2,329.5,5835.599999999999,14.200000000000001,0.0,0.0,14.200000000000001,0.0,6098.978448967363,2317.3193219546383,185.1023290780004,0.4027,1.9147,2.7718,0.3294,0.3,1.3577,27.0,636.0,4.0,0,
2026-04-02,2072.806210456543,2077.432096364146,1830.047,1830.043,0.0,1741.043,45.0,0.0,0.0,0.0,0.0,44.0,0.0,9189.5,453.0,12838.0,713.0,4643.0,218.0,11848.5,346.5,98.0,38519.0,1828.5,36788.5,37031.503,36877.0,8.0,40.0,15.0,27.0,63.0,"*Sumur Low*
B-234 : 37 (-11) KA Naik (+9.8%) 
B-214 : 16 (-8) Gross Turun (-8) 
BN-015 : 27 (-8) KA Naik (+2.2%) 
BN-026 : 10 (-3) Gross Turun (-10) 
B-196 : 0 (-3) Gross Turun (-8) Shut in 24 jam, Program WS
B-160 : 61 (-3) KA Naik (+0.1%) 
B-173 : 27 (-2) KA Naik (+15.7%) 
B-225 : 16 (-1) Gross Turun (-149)

*Sumur Gain*
B-223 : 11 (+6) KA Turun (-27.3%) 
B-081 : 35 (+3) Gross Naik (+45) 
B-191 : 65 (+2) KA Turun (-0.7%) 
B-216 : 32 (+2) KA Turun (-0.4%)",5515.83829772921,3541.1681871421533,6883.077705643732,4418.935887023276,8569.559599999999,4803.0,5118.0,371.0,686.0,6157.0,8265.0,2895.0,5003.0,964.0,1520.0,1764.0,2320.0,3388.0,3779.0,0.0,391.0,15312.0,18682.0,5030.0,8400.0,3.0,17.0,0.0,393.0,16909.304900000003,4.0,25.0,15.563,240.79166666666666,11623.1918,28532.496700000003,20069.3371,26.4,395.703,80.0,1401.4233,571.8333,301.9,0.0,-35.1,2742.1596,336.3,86.3,5110.9,275.2,5808.7,18.700000000000003,0.0,0.0,18.700000000000003,0.0,6066.023973999998,2337.2453623333327,166.29026366666662,0.4646,1.7743,2.872,0.3363,0.3,1.2946,27.0,620.0,4.0,0,
2026-04-03,2072.806210456543,2077.432096364146,1830.067,1830.06,0.0,1740.06,48.0,0.0,0.0,0.0,0.0,42.0,0.0,9236.25,446.5,12681.5,714.0,4678.5,217.0,12237.666666666668,355.5,97.0,38833.91666666667,1830.0,37100.91666666667,37179.53,37237.0,8.0,41.0,15.0,27.0,64.0,"*Sumur Gain*
B-215 : 8 (+8) Gross Naik (+771) Pkl 00.00 buka sumur/GI ex imbangi tekanan jaringan. Pkl 07.56 ukur GI 363 Mscfd
BN-014 : 24 (+4) KA Turun (-0.5%) Prod. 24 jam, ex. tutup sumur program penggantian valve header produksi
B-173 : 30 (+3) Gross Naik (+35) 
B-224 : 14 (+3) KA Turun (-0.6%) 
B-144 : 27 (+3) KA Turun (-0.5%) 
B-125 : 29 (+2) KA Turun (-0.2%) 
B-186 : 7 (+2) Gross Naik (+7) 
B-185 : 18 (+2) KA Turun (-0.2%) 

*Sumur Low*
B-169 : 29 (-5) KA Naik (+0.7%) 
B-223 : 7 (-4) Gross Turun (-8) 
B-214 : 13 (-3) Gross Turun (-3) 
B-199 : 115 (-3) KA Naik (+0.5%) 
BN-017 : 14 (-3) Gross Turun (-24) 
BN-015 : 29 (-2) KA Naik (+0.8%) 
BN-018 : 110 (-2) KA Naik (+0.1%) 
B-181 : 23 (-2) KA Naik (+0.1%) 
B-229 : 19 (-2) Gross Turun (-85) 
BN-058 : 43 (-2) KA Naik (+9.4%) 
",5515.83829772921,3541.1681871421533,6883.077705643732,4418.935887023276,8494.182999999999,4803.0,5090.0,371.0,658.0,6029.0,8442.0,2895.0,5308.0,964.0,1535.0,1701.0,2272.0,3624.520833333333,4015.520833333333,0.0,391.0,15420.520833333332,19082.520833333332,4967.0,8629.0,3.0,16.8,0.0,393.0,16743.0447,4.0,24.833333333333332,0.0,232.29166666666666,11630.7021,28373.7468,19985.763799999997,26.2,387.544,80.0,1389.5723,569.6667,292.5,0.0,-44.7,2700.7830000000004,343.6,88.3,5018.299999999999,311.09999999999997,5761.299999999999,32.099999999999994,0.0,0.0,32.099999999999994,0.0,6106.08612226214,2255.2060786881443,132.89079904971607,0.3635,1.8432,2.8116,0.3436,0.3,1.1099,27.0,620.0,4.0,0,
2026-04-04,2072.806210456543,2077.432096364146,1820.051,1820.051,0.0,1730.051,48.0,0.0,0.0,0.0,0.0,42.0,0.0,9243.5,446.0,12540.5,711.5,4453.0,218.5,11467.0,352.0,92.0,37704.0,1820.0,35976.0,36089.459,36203.125,8.0,41.0,15.0,27.0,64.0,"*Sumur Low*
B-195 : 19 (-5) KA Naik (+1.2%) 
B-198 : 66 (-3) Gross Turun (-9) 
B-211 : 56 (-3) Gross Turun (-72) 
B-169 : 27 (-2) Gross Turun (-48) 
B-214 : 11 (-2) Gross Turun (-3) 
 B-096 : 19 (-2) KA Naik (+0.5%)

*Sumur Gain*
B-237 : 20 (+3) KA Turun (-5.7%) 
B-213 : 23 (+3) Gross Naik (+24) 
BN-058 : 45 (+2) KA Turun (-4.9%) 
B-234 : 39 (+2) Gross Naik (+14) 
BN-038 : 7 (+2) Gross Naik (+104) 
B-147 : 15 (+2) KA Turun (-0.1%)",5515.83829772921,3541.1681871421533,6883.077705643732,4418.935887023276,8557.8955,4803.0,5100.0,371.0,668.0,6029.0,8449.0,2951.0,5371.0,964.0,1484.0,1589.0,2109.0,3284.0,3669.0,0.0,385.0,15080.0,18702.0,4911.0,8533.0,3.0,16.8,0.0,394.0,16506.117000000002,4.0,25.0,0.0,263.9583333333333,11573.3767,28079.493700000003,19628.0982,26.5,386.97,80.0,1375.7922,573.8333,299.59999999999997,0.0,-24.7,2717.9955000000004,350.5,89.1,5056.7,325.1,5821.400000000001,18.5,0.0,0.0,18.5,0.0,6127.8262633306,2297.6841193601313,132.3851173092699,0.7292,1.8338,2.4937,0.3505,0.3,1.3029,27.0,619.0,4.0,0,
2026-04-05,2072.806210456543,2077.432096364146,1820.046,1820.064,0.0,1727.064,48.0,0.0,0.0,0.0,0.0,45.0,0.0,9505.458333333332,440.8333333333333,12589.5,714.5,4531.25,218.25,11252.5,352.5,94.0,37878.70833333333,1820.0833333333333,36152.62499999999,36292.202333328365,36311.958333328366,7.0,42.0,15.0,27.0,64.0,"*Sumur Gain*
BN-058 : 48 (+3) Gross Naik (+16) 
B-219 : 40 (+3) KA Turun (-0.3%) 
B-102 : 22 (+3) Gross Naik (+80) Pkl 06.40 ukur GI 340 Mscfd
B-207 : 5 (+2) Gross Naik (+7) 
B-214 : 13 (+2) Gross Naik (+3) 
B-231 : 14 (+1) KA Turun (-1.2%) 
B-173 : 31 (+1) KA Turun (-1.1%) Pkl 16.50 - 17.10 manual off switch frome genset to power plane, manual restart at 30 Hz and up freq to 59 Hz in 2 Hours

*Sumur Low*
B-232 : 11 (-5) KA Naik (+1.5%) 
BN-039 : 47 (-4) KA Naik (+0.2%) 
B-234 : 35 (-3) KA Naik (+1.1%) 
BN-017 : 11 (-3) KA Naik (+6.5%) 
BN-015 : 27 (-2) KA Naik (+1.3%) ",5515.83829772921,3541.1681871421533,6883.077705643732,4418.935887023276,8286.789599999998,5183.0,5575.6875,131.0,523.6875,6161.895833333333,8531.895833333334,2947.0,5317.000000000001,964.0,1493.0,1589.0,2118.0,3284.0,3667.0,0.0,383.0,15592.895833333332,19267.583333333336,4667.0,8341.6875,4.0,16.6,0.0,396.0,17775.4431,4.0,25.0,0.0,273.0833333333333,11735.969799999999,29511.4129,21331.1233,26.5,378.366,80.0,1507.8153,572.2083,290.9,0.0,-34.7,2821.0896000000002,350.9,88.8,4732.0,274.8,5446.5,19.2,0.0,0.0,19.2,0.0,6038.682743347794,2173.6004429319605,74.50641372024543,0.5753,1.942,2.2147,0.3509,0.3,1.2561,27.0,484.0,4.0,0,
2026-04-06,2072.806210456543,2077.432096364146,1800.069,1800.092,0.0,1710.092,45.0,0.0,0.0,0.0,0.0,45.0,0.0,9667.0,430.5,12790.5,717.5,5209.0,202.0,11693.0,352.5,97.0,39359.5,1799.5,37657.0,37783.165333298566,37866.083333298564,7.0,45.0,15.0,27.0,67.0,"*Sumur Low*
B-125 : 16 (-13) KA Naik (+1.4%) 
B-173 : 21 (-10) Gross Turun (-39) Prod. 24 jam, ex. Manual off switch from genset to power plane, ex. manual restart  
BN-058 : 45 (-3) KA Naik (+3.6%) 
BN-018 : 107 (-3) KA Naik (+0.3%) 
B-238 : 21 (-3) KA Naik (+0.1%) 
B-215 : 5 (-3) Gross Turun (-308)

*Sumur Gain*
B-220 : 16 (+3) Gross Naik (+66) 
B-236 : 32 (+3) KA Turun (-1.4%) 
B-198 : 69 (+3) KA Turun (-3.8%) 
BN-038 : 8 (+2) Gross Naik (+106) 
BN-045 : 2 (+2) KA Turun (-0.4%) Pkl 10.00 bean up ke SB OF",5515.83829772921,3541.1681871421533,6883.077705643732,4418.935887023276,9078.376300000002,5428.0,6067.5,131.0,770.5,6377.0,8736.0,3004.0,5363.0,1137.3333333333333,1724.75,1586.0,2173.416666666667,3605.0625,3990.0625,0.0,385.0,16547.395833333332,20518.3125,4721.0,8691.916666666668,4.0,15.6,0.0,393.0,19943.8059,4.0,24.916666666666668,154.65599999999998,277.3333333333333,11592.091900000001,31535.8978,22563.9215,26.4,393.05,80.0,1752.718,575.2083,312.40000000000003,0.0,-24.5,3115.2763,336.1,89.5,5208.3,308.7,5942.6,20.5,0.0,0.0,20.5,0.0,6566.44529113161,2431.507438106286,80.42357076210655,0.6879,1.9051,2.6153,0.3361,0.3,1.2503,27.0,633.0,4.0,0,
2026-04-07,2072.806210456543,2077.432096364146,1795.071,1795.076,0.0,1705.076,45.0,0.0,0.0,0.0,0.0,45.0,0.0,9880.0,434.0,12678.0,709.5,5966.0,216.0,11830.5,338.0,97.0,40354.5,1794.5,38657.0,38792.694,38872.0,7.0,45.0,15.0,27.0,67.0,"*Sumur Low*
B-216 : 19 (-14) KA Naik (+3.4%) Pkl 06.00 optimasi GI 326 Mscfd
B-191 : 61 (-4) KA Naik (+1.4%) 
B-081 : 31 (-4) KA Naik (+0.4%) 
B-144 : 24 (-3) KA Naik (+0.3%) 
BN-045 : 0 (-2) KA Naik (+0.4%) Prod. 24 jam, ex. Bean up

*Sumur Gain*
B-140 : 11 (+6) Gross Naik (+627) Pkl 10.40 update GI 256 Mscfd
BN-024 : 24 (+5) Gross Naik (+117) 
B-234 : 40 (+5) KA Turun (-11.6%) 
B-214 : 16 (+3) Gross Naik (+3) 
B-231 : 16 (+2) Gross Naik (+34)",5515.83829772921,3541.1681871421533,6883.077705643732,4418.935887023276,9493.584300000002,5603.0,6553.0,131.0,1081.0,6377.0,8686.0,3004.0,5313.0,1372.0,2022.0,1586.0,2236.0,3658.75,4043.75,0.0,385.0,17010.75,21304.75,4721.0,9015.0,4.0,17.0,0.0,394.0,21859.2898,4.0,25.0,0.0,281.4583333333333,11662.490000000002,33521.779800000004,24134.770500000002,26.575,403.26,80.0,1836.4243,576.625,320.2,0.0,-15.4,3227.6842999999994,352.8,90.1,5499.700000000001,305.5,6248.1,17.8,0.0,0.0,17.8,0.0,6893.5111289850265,2518.9854293510816,81.08774166389352,0.6143,1.9325,2.9529,0.3528,0.3,1.3057,27.0,640.0,4.0,0,
2026-04-08,2072.806210456543,2077.432096364146,1800.065,1800.081,0.0,1710.081,45.0,0.0,0.0,0.0,0.0,45.0,0.0,9591.0,427.0,12354.5,709.5,6073.0,219.0,10920.5,348.5,96.0,38939.0,1800.0,37235.0,37294.088,37387.25,7.0,44.0,15.0,27.0,66.0,"*Sumur Gain*
B-216 : 32 (+14) Gross Naik (+173) 
B-224 : 19 (+5) KA Turun (-2%) Pkl 07.05 update GI 320 Mscfd
B-234 : 43 (+3) Gross Naik (+91) 
BN-058 : 48 (+3) Gross Naik (+32) 
BN-015 : 29 (+2) KA Turun (-3.8%) 
B-181 : 24 (+1) KA Turun (-0.1%) 

*Sumur Low*
B-214 : 11 (-5) Gross Turun (-6) 
B-223 : 3 (-4) KA Naik (+16.5%) 
B-229 : 16 (-3) Gross Turun (-165) 
BN-022 : 16 (-3) KA Naik (+0.4%) 
BN-026 : 8 (-2) KA Naik (+24.8%) 
B-186 : 5 (-2) Gross Turun (-7) 
BN-039 : 45 (-2) Gross Turun (-222) ",5515.83829772921,3541.1681871421533,6883.077705643732,4418.935887023276,9386.036,5603.0,6750.0,131.0,1278.0,6279.0,8505.0,3004.0,5230.0,1478.0,2290.0,1586.0,2398.0,3284.0,3669.0,0.0,385.0,16644.0,21214.0,4721.0,9291.0,4.0,16.9,0.0,399.0,21851.493899999994,4.0,24.666666666666668,0.0,304.875,11613.737799999999,33465.23169999999,24185.47069999999,26.275,399.366,80.0,1844.4617,576.3333,328.0,0.0,9.9,3264.336,343.3,83.5,5373.6,303.09999999999997,6103.500000000001,18.2,0.0,0.0,18.2,0.0,6891.7810345495645,2416.4673460337963,77.78761941663977,0.6801,1.786,2.9075,0.3433,0.3,1.2796,27.0,623.2,4.0,0,
2026-04-09,2072.806210456543,2077.432096364146,1802.08,1802.071,0.0,1712.071,45.0,0.0,0.0,0.0,0.0,45.0,0.0,9647.5,430.0,13031.5,710.25,6084.0,219.0,10891.5,343.5,99.0,39654.5,1801.75,37951.75,38087.89966665673,38041.54166665673,7.0,44.0,15.0,27.0,66.0,"*Sumur Gain*
B-198 : 65 (-4) Gross Turun (-15) 
BN-058 : 44 (-4) KA Naik (+0.8%) 
BN-024 : 23 (-2) KA Naik (+0.2%) 
B-169 : 26 (-2) KA Naik (+1.5%) 
B-213 : 22 (-1) KA Naik (+0.4%) 
B-159 : 12 (-1) KA Naik (+16.4%) 
B-179 : 158 (-1) Gross Turun (-18) 

*Sumur Low*
B-208 : 24 (+3) Gross Naik (+150) 
BN-017 : 14 (+3) Gross Naik (+54) 
B-214 : 13 (+2) Gross Naik (+3) 
B-140 : 13 (+2) KA Turun (-0.3%) 
B-212 : 38 (+2) Gross Naik (+31) Jam 08:00 BU SA 23 ke SA 28",5515.83829772921,3541.1681871421533,6883.077705643732,4418.935887023276,9442.043699999998,5603.0,6783.0,131.0,1311.0,6279.0,8539.0,3119.0,5379.0,1272.0,2079.0,1586.0,2393.0,3284.0,3669.0,0.0,385.0,16438.0,21070.0,4836.0,9468.0,4.0,16.9,0.0,398.0,21189.670299999998,4.0,25.0,210.54800000000003,300.5416666666667,11793.3305,32983.000799999994,23647.4571,26.5,401.017,80.0,1828.885,574.0417,316.0,0.0,-105.4,3121.0436999999997,352.0,81.3,5570.0,302.8,6306.1,14.9,0.0,0.0,14.9,0.0,6850.1687975602,2515.0859961343463,76.7889063054499,1.1241,1.847,2.5989,0.352,0.3,1.3119,27.0,642.0,4.0,0,
2026-04-10,2072.806210456543,2077.432096364146,1808.063,1808.07,0.0,1716.07,47.0,0.0,0.0,0.0,0.0,45.0,0.0,9923.5,436.5,13039.583333333332,727.25,6066.0,209.0,10413.75,341.25,95.0,39442.83333333333,1809.0,37728.83333333333,37894.93866668653,37811.041666686535,7.0,44.0,15.0,27.0,66.0,"*Sumur Gain*
B-212 : 46 (+8) Gross Naik (+438) Jam 10:30 Bean Up SA 28 ke SA 33
B-232 : 19 (+8) KA Turun (-2.7%) 
B-125 : 21 (+5) KA Turun (-0.5%) 
B-243 : 61 (+5) KA Turun (-0.3%) 
BN-038 : 13 (+5) KA Turun (-1.1%) 
B-219 : 44 (+4) KA Turun (-0.3%) 
B-173 : 24 (+3) Gross Naik (+10) 
B-199 : 118 (+3) Gross Naik (+24) 
B-216 : 35 (+3) KA Turun (-1.1%) 
B-238 : 23 (+2) KA Turun (-0.2%) Jam 08:25 Down Freq 76 Hz ke 74 Hz
B-206 : 23 (+2) Gross Naik (+13) 
BN-024 : 24 (+2) Gross Naik (+222) 

*Sumur Low*
B-236 : 24 (-8) KA Naik (+1.8%) 
BN-015 : 21 (-8) KA Naik (+7.6%) 
B-234 : 37 (-6) Gross Turun (-94) 
B-132 : 27 (-5) Gross Turun (-29) 
BN-017 : 11 (-3) Gross Turun (-46) 
BN-022 : 13 (-3) KA Naik (+0.9%) 
B-144 : 21 (-3) KA Naik (+0.6%) 
B-215 : 4 (-1) Gross Turun (-102) Tutup sumur jam 18:00, Program WO
BN-058 : 43 (-1) Gross Turun (-11) ",5515.83829772921,3541.1681871421533,6883.077705643732,4418.935887023276,9738.856200000002,5603.0,6798.0,131.0,1326.0,6106.916666666667,8408.5,3269.0,5570.583333333333,1272.0,1990.0,1571.0,2289.0,3193.25,3578.25,0.0,385.0,16175.166666666668,20774.75,4971.0,9570.583333333332,4.0,17.0,0.0,390.0,22140.378900000003,4.0,25.0,0.0,277.125,11709.9323,33850.311200000004,24217.955000000005,26.5,403.527,80.0,1857.4959,573.3333,387.6,0.0,-251.4,3077.0562,347.1,79.0,5908.6,305.9,6640.6,21.2,0.0,0.0,21.2,0.0,6955.17502001794,2705.327342887492,78.35383709456934,1.126,1.9322,2.8504,0.3471,0.3,1.2659,27.0,640.0,4.0,0,
2026-04-11,2072.806210456543,2077.432096364146,1810.083,1810.076,0.0,1715.076,47.0,0.0,0.0,0.0,0.0,48.0,0.0,10164.5,448.5,12780.75,724.5,5523.166666666667,204.5,10194.833333333332,339.0,94.0,38663.25,1810.5,36946.75,37190.64366665673,37177.54166665673,7.0,43.0,15.0,27.0,65.0,"*Sumur Gain*
BN-039 : 51 (+6) Gross Naik (+211) 
B-169 : 29 (+4) Gross Naik (+109) 
B-140 : 16 (+3) KA Turun (-0.4%) 
B-102 : 25 (+3) KA Turun (-0.2%) 
B-225 : 19 (+3) KA Turun (-0.5%) 
B-173 : 27 (+3) KA Turun (-5.2%) 
BN-038 : 16 (+3) KA Turun (-0.6%) 
B-207 : 7 (+2) Gross Naik (+69) 
B-217 : 39 (+2) Gross Naik (+25) 
B-220 : 18 (+2) KA Turun (-0.3%) 
B-198 : 66 (+1) Gross Naik (+65) 

*Sumur Low*
B-232 : 14 (-5) Gross Turun (-73) Tutup sumur jam 07.20-13.20, Imbangi tek. jaringan (Perawatan Pasca GOH K-4 SKG Bunyu)
B-234 : 33 (-4) Gross Turun (-19) 
B-215 : 0 (-4) Gross Turun (-305) Shut in 24 jam, program WO 
B-233 : 8 (-3) Gross Turun (-4) Tutup sumur jam 07.20-13.20, Imbangi tek. jaringan (Perawatan Pasca GOH K-4 SKG Bunyu)
B-185 : 16 (-3) KA Naik (+0.5%) 
BN-022 : 11 (-2) Gross Turun (-83) 
BN-058 : 42 (-2) KA Naik (+0.3%) 
B-208 : 23 (-2) KA Naik (+0.2%) 
B-214 : 11 (-2) Gross Turun (-3) 
B-229 : 15 (-2) Gross Turun (-31) 
B-223 : 2 (-1) Gross Turun (-3) Tutup sumur jam 07.20-13.20, Imbangi tek. jaringan (Perawatan Pasca GOH K-4 SKG Bunyu)
B-186 : 4 (-1) Gross Turun (-3) Tutup sumur jam 07.00-13.00, Imbangi tek. jaringan (Perawatan Pasca GOH K-4 SKG Bunyu)
B-203 : 2 (-1) Gross Turun (-60) Tutup sumur jam 06.45-12.45, Imbangi tek. jaringan (Perawatan Pasca GOH K-4 SKG Bunyu)",5515.83829772921,3541.1681871421533,6883.077705643732,4418.935887023276,9216.3493,5603.0,6805.0,131.0,1333.0,5525.0,7678.25,3269.0,5422.25,1058.6666666666665,1762.0,1526.0,2229.3333333333335,2992.0416666666665,3414.041666666667,0.0,422.00000000000045,15178.708333333332,19659.291666666668,4926.0,9406.583333333334,4.0,16.3,0.0,394.0,19690.2871,4.0,24.875,46.462,276.2916666666667,11712.910600000001,31403.197700000004,22293.023400000002,26.175,398.968,80.0,1715.6813,573.625,322.79999999999995,0.0,198.5,3315.7493000000004,339.4,79.0,5112.6,343.3,5874.3,26.3,0.0,0.0,26.3,0.0,6545.478559635537,2595.4279498259207,75.44279053854129,0.7589,1.5726,2.7811,0.3394,0.3,1.2497,27.0,620.0,4.0,0,
2026-04-12,2072.806210456543,2077.432096364146,2176.051,2176.051,0.0,1720.551,47.0,0.0,0.0,0.0,0.0,408.5,0.0,10380.5,465.5,13119.5,718.25,5238.0,198.5,10711.0,705.5,90.0,39449.0,2177.75,37361.25,37429.082,37520.0,7.0,43.0,15.0,27.0,65.0,"*Sumur Gain*
B-148 : 361 (+361) KA Turun (-77.4%) Prod. 24 jam, after WO (Jam 12.00 Bean down SB OF ke SB 33)
BN-017 : 19 (+8) KA Turun (-8.8%) 
B-232 : 19 (+5) Gross Naik (+73) Prod. 24 jam, ex. Tutup sumur (Perawatan Pasca GOH K-4 SKG Bunyu)
BN-024 : 29 (+5) Gross Naik (+149) 
B-233 : 11 (+3) Gross Naik (+4) Prod. 24 jam, ex. Tutup sumur (Perawatan Pasca GOH K-4 SKG Bunyu)
B-160 : 64 (+3) KA Turun (-0.1%) 
B-227 : 16 (+3) KA Turun (-22%) 
B-206 : 26 (+3) Gross Naik (+53) 
B-125 : 24 (+3) KA Turun (-0.4%) 
BN-022 : 13 (+2) KA Turun (-0.4%) 
BN-026 : 10 (+2) Gross Naik (+8) 
B-223 : 3 (+1) KA Turun (-10.2%) Prod. 24 jam, ex. Tutup sumur (Perawatan Pasca GOH K-4 SKG Bunyu)
B-186 : 5 (+1) Gross Naik (+3) Prod. 24 jam, ex. Tutup sumur (Perawatan Pasca GOH K-4 SKG Bunyu)
B-203 : 3 (+1) Gross Naik (+60) Prod. 24 jam, ex. Tutup sumur (Perawatan Pasca GOH K-4 SKG Bunyu)

*Sumur Low*
BN-015 : 13 (-8) KA Naik (+2.2%) 
B-195 : 13 (-6) KA Naik (+4.1%) 
B-211 : 52 (-5) Gross Turun (-25) 
B-234 : 29 (-4) KA Naik (+1.2%) 
B-237 : 16 (-4) KA Naik (+5.4%) 
B-081 : 29 (-2) KA Naik (+0.7%) ",5515.83829772921,3541.1681871421533,6883.077705643732,4418.935887023276,9544.889,5603.0,6791.0,131.0,1319.0,5994.0,8305.0,3264.0,5575.0,1019.3333333333333,1685.6666666666665,1596.0,2262.333333333333,3231.0,3680.0,0.0,449.0,15847.333333333332,20461.666666666664,4991.0,9605.333333333332,4.0,17.0,0.0,399.0,21228.2266,4.0,25.0,0.0,302.1666666666667,11668.900300000001,32897.1269,23458.637900000005,26.4,409.064,80.0,1829.3667,575.9583,322.90000000000003,0.0,178.2,3421.8889999999997,329.2,78.89999999999999,5313.2,381.79999999999995,6103.1,19.900000000000002,0.0,0.0,19.900000000000002,0.0,6804.906982787344,2663.4665619447505,76.51545526790675,1.0334,1.4618,2.818,0.3292,0.3,1.2624,27.0,620.0,4.0,0,
2026-04-13,2072.806210456543,2077.432096364146,1982.089,1982.101,0.0,1757.6635,46.4375,0.0,0.0,0.0,0.0,178.0,0.0,10831.625,466.75,13360.958333333332,730.8333333333334,5512.375,206.125,9949.166666666668,483.0,95.0,39654.125,1981.7083333333335,37767.416666666664,37892.017333313466,37876.833333313465,7.0,44.0,15.0,27.0,66.0,"*Sumur Low*
B-148 : 125 (-236) Gross Turun (-291) Jam 09.30 BD ke SB 23, Jam 16.40 BU ke SB OF (Aliran liquid mengecil)
BN-014 : 20 (-4) KA Naik (+0.7%) 
B-234 : 27 (-3) KA Naik (+3%) 
B-199 : 115 (-3) KA Naik (+0.3%) 
B-233 : 9 (-2) Gross Turun (-2) Tutup sumur jam 13.30-17.30, Imbangi tek. jaringan (TA K-2 SKG Bunyu)
BN-017 : 18 (-2) KA Naik (+2.1%) 
B-214 : 10 (-1) Gross Turun (-2) Tutup sumur jam 14.00-17.10, Imbangi tek. jaringan (TA K-2 SKG Bunyu)
B-213 : 21 (-1) KA Naik (+2.4%) 
B-223 : 3 (-1) Gross Turun (-1) Tutup sumur jam 13.30-17.30, Imbangi tek. jaringan (TA K-2 SKG Bunyu)
B-186 : 4 (-1) Gross Turun (-2) Tutup sumur jam 13.30-17.30, Imbangi tek. jaringan (TA K-2 SKG Bunyu)
B-203 : 3 (-1) Gross Turun (-40) Tutup sumur jam 13.30-17.30, Imbangi tek. jaringan (TA K-2 SKG Bunyu)
BN-026 : 9 (-1) Gross Turun (-4) Tutup sumur jam 14.30-17.20, Imbangi tek. jaringan (TA K-2 SKG Bunyu)

*Sumur Gain*
B-224 : 27 (+8) KA Turun (-1.2%) 
BN-058 : 48 (+7) Gross Naik (+110) 
B-173 : 33 (+6) Gross Naik (+51) 
 B-096 : 24 (+5) KA Turun (-0.4%) 
B-140 : 21 (+5) KA Turun (-0.3%) 
BN-039 : 56 (+5) Gross Naik (+174) 
B-232 : 24 (+5) Gross Naik (+65) 
B-238 : 27 (+4) KA Turun (-0.4%) Jam 10.23 ESP downfreq 74 ke 72 Hz
B-198 : 70 (+4) Gross Naik (+25) 
B-181 : 27 (+3) Gross Naik (+98) 
B-219 : 45 (+1) Gross Naik (+20)",5515.83829772921,3541.1681871421533,6883.077705643732,4418.935887023276,9230.557200000001,5551.75,6739.75,131.0,1319.0,5773.708333333333,7976.041666666667,3264.0,5466.333333333335,1127.75,1799.625,1596.0,2267.875,3184.333333333333,3644.666666666667,0.0,460.33333333333394,15637.541666666666,20160.083333333336,4991.0,9513.541666666668,4.0,16.5,0.0,399.0,20617.1846,4.0,25.0,132.51000000000002,314.2083333333333,11420.879299999999,32038.0639,22913.8567,26.35,399.766,80.0,1756.5829,574.4583,323.40000000000003,0.0,352.8,3513.357200000001,353.2,81.9,4881.0,378.8,5694.900000000001,22.3,0.0,0.0,22.3,0.0,6524.678936514182,2630.1984076732715,75.67985581254797,0.5666,1.3025,3.0119,0.3532,0.3,1.2495,27.0,620.0,4.0,0,
2026-04-14,2072.806210456543,2077.432096364146,2193.032,2193.052,0.0,1695.7811666666669,46.4375,0.0,0.0,0.0,0.0,450.8333333333333,0.0,10733.270833333332,465.9583333333333,13348.15625,698.2395833333334,5442.604166666667,199.64583333333334,10074.479166666666,737.1875,93.0,39598.510416666664,2194.03125,37497.479166666664,37672.918,37611.0,7.0,44.0,15.0,27.0,66.0,"*Sumur Gain*
B-148 : 394 (+269) Gross Naik (+314) Jam 17.45 bean down dari SB OF ke SB 38
B-212 : 54 (+8) KA Turun (-1.2%) 
BN-017 : 25 (+8) Gross Naik (+66) 
B-236 : 32 (+8) Gross Naik (+86) 
B-196 : 4 (+4) KA Turun (-21.2%) 
BN-022 : 16 (+3) Gross Naik (+64) 
BN-024 : 32 (+3) Gross Naik (+64) 
BN-026 : 11 (+3) Gross Naik (+7) Tutup sumur jam 07.50-10.50, TA K-4 SKG Bunyu
B-125 : 25 (+1) Gross Naik (+67) 

*Sumur Low*
B-179 : 128 (-30) Gross Turun (-333) ESP Off jam 10.45-15.16, Black out PLTG
B-191 : 48 (-13) Gross Turun (-58) ESP Off jam 10.39-15.34, Black out PLTG
B-173 : 26 (-7) Gross Turun (-79) ESP Off jam 10.38-12.53, Black out PLTG
B-198 : 64 (-6) KA Naik (+2.4%) 
BN-039 : 51 (-5) Gross Turun (-191) ESP Off jam 10.48-12.38, Black out PLTG
B-214 : 4 (-5) Gross Turun (-6) Tutup sumur jam 09.40, Program WS
B-213 : 17 (-4) Gross Turun (-36) ESP Off jam 10.40-15.37, Black out PLTG, Off jam 18.21-19.21, due to low pressure intake & waiting auto restart
B-216 : 31 (-4) KA Naik (+1%) 
B-234 : 24 (-3) KA Naik (+2.3%) 
BN-038 : 13 (-3) KA Naik (+0.8%) 
B-160 : 61 (-3) Gross Turun (-107) ESP Off jam 10.38-11.21, Black out PLTG
B-195 : 11 (-2) Gross Turun (-44) ESP Off jam 10.49-15.27, Black out PLTG
BN-018 : 105 (-2) Gross Turun (-53) ESP Off jam 10.41-11.11, Black out PLTG
B-136 : 35 (-2) Gross Turun (-147) ESP Off jam 10.38-12.06, Black out PLTG
B-220 : 17 (-1) Gross Turun (-29) ESP Off jam 10.38-12.15, Black out PLTG
B-206 : 25 (-1) Gross Turun (-7) ESP Off jam 10.38-11.17, Black out PLTG
B-238 : 26 (-1) Gross Turun (-42) ESP Off jam 10.38-12.16, Black out PLTG
BN-015 : 12 (-1) Gross Turun (-10) ESP Off jam 10.38-11.16, Black out PLTG
B-147 : 14 (-1) Gross Turun (-37) ESP Off jam 10.38-11.17, Black out PLTG",5515.83829772921,3541.1681871421533,6883.077705643732,4418.935887023276,9209.1001,5315.5,6413.833333333333,131.0,1229.333333333333,6138.590277777778,8147.447916666666,3239.0,5247.857638888888,1027.125,1634.3541666666667,1531.0,2138.229166666667,3118.333333333333,3735.4166666666665,0.0,617.0833333333335,15599.548611111111,19931.052083333332,4901.0,9232.503472222223,4.0,16.9,0.0,400.0,20655.661,4.0,25.0,205.89600000000002,291.25,11435.6049,32091.2659,22988.6158,26.45,380.062,80.0,1775.2631,574.625,327.90000000000003,0.0,455.3,3619.6001,324.5,81.19999999999999,4766.9,394.6,5567.2,22.3,0.0,0.0,22.3,0.0,6192.89028771332,2940.028414440076,76.1813978466025,0.4286,1.3154,3.0229,0.3245,0.3,1.2822,27.0,620.0,4.0,0,
2026-04-15,2072.806210456543,2077.432096364146,2057.09,2057.075,0.0,1780.5749999999998,45.0,0.0,0.0,0.0,0.0,231.5,0.0,10810.5,477.0,13857.0,762.0,5797.8125,206.16666666666669,9964.0,517.5,94.0,40429.3125,2056.666666666667,38466.645833333336,38593.173,38586.0,6.0,44.0,15.0,27.0,65.0,"*Sumur Low*
B-148 : 166 (-228) Gross Turun (-249) Ex. Bean down dari SB OF ke SB 38
B-214 : 0 (-4) Gross Turun (-5) Shut in 24 jam, Program WS
B-160 : 59 (-2) KA Naik (+0.1%) Prod. 24 jam, ex. ESP OFF, Blackout PLTG
BN-014 : 18 (-2) KA Naik (+0.3%) 
BN-022 : 15 (-2) KA Naik (+0.2%) 
B-217 : 38 (-1) Gross Turun (-8) 
B-196 : 3 (-1) KA Naik (+2.5%)

*Sumur Gain*
B-179 : 160 (+32) Gross Naik (+228) Prod. 24 jam, ex. ESP OFF, Blackout PLTG
B-191 : 61 (+13) Gross Naik (+58) Prod. 24 jam, ex. ESP OFF, Blackout PLTG
B-202 : 10 (+10) KA Turun (-2%) 
BN-015 : 21 (+9) KA Turun (-3%) Prod. 24 jam, ex. ESP OFF, Blackout PLTG
B-234 : 29 (+5) KA Turun (-4.5%) 
BN-018 : 110 (+5) KA Turun (-0.2%) Prod. 24 jam, ex. ESP OFF, Blackout PLTG
BN-026 : 16 (+5) Gross Naik (+18) Prod. 24 jam ,ex. pekerjaan TA kompresor K-4 SKG Bunyu
B-213 : 21 (+4) Gross Naik (+36) Prod. 24 jam, ex. ESP OFF, Blackout PLTG
B-173 : 29 (+3) Gross Naik (+14) Prod. 24 jam, ex. ESP OFF, Blackout PLTG
BN-039 : 53 (+2) Gross Naik (+65) Prod. 24 jam, ex. ESP OFF, Blackout PLTG
B-195 : 13 (+2) Gross Naik (+44) Prod. 24 jam, ex. ESP OFF, Blackout PLTG
B-136 : 37 (+2) Gross Naik (+147) Prod. 24 jam, ex. ESP OFF, Blackout PLTG
B-220 : 19 (+2) KA Turun (-0.3%) Prod. 24 jam, ex. ESP OFF, Blackout PLTG
B-206 : 27 (+2) KA Turun (-4.1%) Prod. 24 jam, ex. ESP OFF, Blackout PLTG
B-233 : 11 (+2) Gross Naik (+2) Prod. 24 jam ,ex. pekerjaan TA kompresor K-4 SKG Bunyu
B-238 : 27 (+1) Gross Naik (+42) Prod. 24 jam, ex. ESP OFF, Blackout PLTG
B-185 : 16 (+1) Gross Naik (+22) 
B-186 : 5 (+1) Gross Naik (+2) Prod. 24 jam ,ex. pekerjaan TA kompresor K-4 SKG Bunyu",5515.83829772921,3541.1681871421533,6883.077705643732,4418.935887023276,9261.3209,5183.0,6220.0,131.0,1168.0,6319.13194444444,8723.46875,3239.0,5643.33680555556,944.0,1530.0,1531.0,2117.0,3033.0,3766.0,0.0,733.0,15479.13194444444,20239.46875,4901.0,9661.33680555556,4.0,16.4,0.0,398.0,20283.5254,4.0,25.0,0.0,316.7083333333333,11052.8127,31336.3381,22181.4422,26.425,409.812,80.0,1787.2589,574.125,336.4,0.0,516.6,3730.6209,339.9,80.8,4688.799999999999,402.4,5511.899999999999,18.8,0.0,0.0,18.8,0.0,6106.101456162685,3080.448939016015,74.7705048213005,0.6816,1.0392,2.968,0.3399,0.3,1.3144,27.0,639.2,4.0,0,
2026-04-16,2072.806210456543,2077.432096364146,2064.038,2064.059,0.0,1776.5590000000002,43.0,0.0,0.0,0.0,0.0,244.5,0.0,10777.5,481.0,13865.5,767.5,5752.02083333333,206.166666666667,10102.3125,519.0,91.0,40497.33333333333,2064.666666666667,38523.666666666664,38686.694,38638.5,6.0,43.0,16.0,27.0,65.0,"*Sumur Gain*
B-148 : 173 (+7) Gross Naik (+22) 
B-173 : 35 (+6) Gross Naik (+30) 
B-243 : 66 (+5) KA Turun (-0.2%) 
BN-026 : 21 (+5) Gross Naik (+21) 
B-202 : 15 (+5) KA Turun (-1.8%) 
BN-058 : 51 (+3) KA Turun (-0.7%) 
B-229 : 16 (+2) Gross Naik (+28) 
B-132 : 29 (+2) Gross Naik (+42) 
B-196 : 4 (+1) Gross Naik (+19) 
B-216 : 32 (+1) Gross Naik (+56) 

*Sumur Low*
B-227 : 9 (-7) Gross Turun (-9) Tutup sumur jam 13:30, Program stimulasi paralax
B-140 : 17 (-4) KA Naik (+0.4%) 
B-191 : 57 (-4) Gross Turun (-12) 
B-199 : 113 (-3) Gross Turun (-28) 
B-144 : 18 (-3) KA Naik (+0.3%) 
BN-024 : 30 (-3) KA Naik (+0.2%) 
BN-014 : 16 (-2) Gross Turun (-54) ",5515.83829772921,3541.1681871421533,6883.077705643732,4418.935887023276,9246.8116,5183.0,6181.0,131.0,1129.0,6446.63194444444,9313.96875,3279.5,6146.83680555556,944.0,1750.0,1531.0,2337.0,2887.3125,3622.3125,0.0,735.0,15460.94444444444,20867.28125,4941.5,10347.83680555556,4.0,16.3,0.0,395.0,19390.7882,4.0,25.0,0.0,316.583333333333,11263.2563,30654.044499999996,21513.5829,26.35,403.628,80.0,1687.7586,573.875,316.8,0.0,823.5,3911.9116,347.1,80.4,4497.0,394.4,5318.9,16.0,0.0,0.0,16.0,0.0,5803.77652278734,3205.78467155474,237.250405657919,0.6195,1.2411,2.6364,0.3471,0.3,1.3284,27.0,640.0,4.0,0,
2026-04-17,2072.806210456543,2077.432096364146,2081.052,2081.044,0.0,1764.0439999999999,43.0,0.0,0.0,0.0,0.0,274.0,0.0,10814.75,466.5,13906.333333333334,777.5625,5802.02083333333,217.16666666666669,10200.25,528.0,93.0,40723.354166666664,2082.229166666667,38734.125,38864.367,38881.0,6.0,42.0,16.0,27.0,64.0,"*Sumur Gain*
B-148 : 191 (+18) Gross Naik (+45) 
B-225 : 27 (+8) KA Turun (-1.2%) 
B-125 : 32 (+7) KA Turun (-0.6%) 
B-102 : 31 (+6) KA Turun (-0.4%) 
B-196 : 8 (+4) KA Turun (-18.2%) 
B-231 : 19 (+3) Gross Naik (+45) 
B-198 : 66 (+2) Gross Naik (+15) 
B-202 : 16 (+2) KA Turun (-0.7%) 

*Sumur Low*
B-227 : 0 (-9) Gross Turun (-12) Shut in 24 jam, Program stimulasi paralax
BN-017 : 21 (-5) KA Naik (+3.4%) 
BN-024 : 25 (-4) KA Naik (+0.4%) 
B-211 : 47 (-4) Gross Turun (-13) 
B-159 : 9 (-4) KA Naik (+10.9%) 
B-173 : 32 (-3) Gross Turun (-30) 
BN-022 : 13 (-2) KA Naik (+0.4%) 
B-220 : 18 (-2) KA Naik (+0.4%) 
BN-038 : 12 (-1) KA Naik (+0.3%) 
B-223 : 2 (-1) Gross Turun (-3) Tutup sumur jam 14.30, Program WI",5515.83829772921,3541.1681871421533,6883.077705643732,4418.935887023276,8539.3324,5183.0,6021.0,131.0,969.0,6348.017216435184,9263.356119791668,2637.0,5552.338903356484,944.0,1669.0,1536.0,2261.0,2700.0,3377.0,0.0,677.0,15175.017216435184,20330.356119791668,4304.0,9459.338903356484,4.0,16.2,0.0,393.0,18299.7835,4.0,25.0,0.0,293.9166666666667,10934.3697,29234.1532,20801.2708,26.45,399.788,80.0,1570.4361,575.9583,329.90000000000003,0.0,484.9,3467.4323999999997,324.0,80.9,4272.4,374.5,5051.799999999999,20.1,0.0,0.0,20.1,0.0,4998.78247204296,3303.1290633337085,237.42086462333023,0.5582,1.2489,2.4653,0.324,0.3,1.2428,27.0,640.0,4.0,0,
2026-04-18,2072.806210456543,2077.432096364146,2112.077,2112.079,0.0,1771.0790000000002,43.0,0.0,0.0,0.0,0.0,298.0,0.0,10025.0,473.25,13962.0,794.75,5648.9375,233.0,10185.25,523.0,89.0,39821.1875,2113.0,37797.1875,38165.9589999702,38065.7499999702,6.0,40.0,16.0,27.0,62.0,"*Sumur Gain*
B-202 : 30 (+14) KA Turun (-3.3%) 
B-196 : 21 (+13) KA Turun (-36%) 
B-208 : 29 (+7) KA Turun (-0.7%) 
B-169 : 35 (+6) KA Turun (-0.9%) 
B-213 : 27 (+6) Gross Naik (+42) 
B-160 : 64 (+5) KA Turun (-0.1%) 
 B-096 : 29 (+5) KA Turun (-0.5%) 
B-219 : 48 (+3) KA Turun (-0.4%) 
B-206 : 29 (+2) Gross Naik (+34) 
BN-058 : 53 (+2) KA Turun (-0.6%) 

*Sumur Low*
B-148 : 183 (-8) Gross Turun (-25) 
BN-017 : 17 (-4) Gross Turun (-40) 
B-234 : 25 (-4) KA Naik (+2.2%) 
B-144 : 16 (-3) KA Naik (+0.3%) 
B-081 : 27 (-3) KA Naik (+0.2%) 
B-223 : 0 (-2) Gross Turun (-5) Shut in 24 jam, Program WI
BN-039 : 51 (-2) Gross Turun (-80) 
B-147 : 15 (-2) Gross Turun (-49) 
B-224 : 26 (-2) KA Naik (+0.3%) ",5515.83829772921,3541.1681871421533,6883.077705643732,4418.935887023276,8364.022799999999,4542.25,4992.166666666667,131.0,580.916666666667,6197.5,8872.0,2637.0,5311.5,944.0,1532.2916666666665,1322.0,1910.2916666666665,2700.0,3368.0,0.0,668.0,14383.75,18764.458333333332,4090.0,8470.708333333332,4.0,16.4,0.0,402.0,20642.554600000003,3.0,25.0,390.6049999999999,322.5416666666667,8608.6806,29251.235200000003,20993.587400000004,26.375,396.1,80.0,1813.9561,581.7917,312.40000000000003,0.0,191.9,3402.5228000000006,360.8,82.10000000000001,4100.7,392.5,4936.099999999999,25.4,0.0,0.0,25.4,0.0,5005.5691819594,3214.991847804934,143.4617702356653,0.588,1.0736,2.4391,0.3608,0.3,1.1104,27.0,657.8,4.0,0,
2026-04-19,2072.806210456543,2077.432096364146,2105.039,2105.042,0.0,1774.542,43.0,0.0,0.0,0.0,0.0,287.5,0.0,10215.75,477.75,13786.0,805.25,5758.0,222.5,10145.5,506.75,93.0,39905.25,2105.25,37893.0,38099.451999970195,38044.1249999702,6.0,39.0,16.0,27.0,61.0,"*Sumur Low*
B-196 : 7 (-15) Gross Turun (-24) 
B-148 : 171 (-12) Gross Turun (-14) 
B-195 : 5 (-8) KA Naik (+2.5%) 
B-233 : 8 (-4) Gross Turun (-3) 
B-181 : 24 (-3) KA Naik (+0.2%) 
B-173 : 31 (-2) Gross Turun (-6) 
B-140 : 15 (-2) KA Naik (+0.2%) 
B-229 : 15 (-2) KA Naik (+0.4%) 
B-231 : 18 (-2) KA Naik (+0.4%) 
B-220 : 16 (-1) Gross Turun (-21) 
BN-026 : 20 (-1) Gross Turun (-4)

*Sumur Gain*
B-202 : 46 (+16) KA Turun (-7.5%) 
B-207 : 16 (+9) KA Turun (-12.6%) 
BN-015 : 27 (+6) KA Turun (-1.9%) 
BN-024 : 29 (+4) Gross Naik (+104) 
BN-018 : 112 (+2) Gross Naik (+69) 
BN-038 : 13 (+1) Gross Naik (+39)",5515.83829772921,3541.1681871421533,6883.077705643732,4418.935887023276,8698.9579,4356.0,4746.0,127.0,517.0,6197.5,8944.0,2637.0,5383.5,944.0,1603.5,1322.0,1981.5,2700.0,3387.0,0.0,687.0,14197.5,18680.5,4086.0,8569.0,4.0,16.5,0.0,401.0,18890.0266,3.0,25.0,175.59,314.75,8383.5082,27273.5348,18680.876900000003,26.3,396.169,80.0,1657.9639,574.125,376.40000000000003,0.0,298.1,3409.0579,313.59999999999997,85.0,4475.6,389.7,5263.900000000001,26.0,0.0,0.0,26.0,0.0,4993.094226998483,3465.2693186661218,240.594354335395,0.861,1.2021,2.4125,0.3136,0.3,1.1251,27.0,659.4,4.0,0,
2026-04-20,2072.806210456543,2077.432096364146,2107.076,2107.085,0.0,1785.085,43.0,0.0,0.0,0.0,0.0,279.0,0.0,10057.5,476.0,13677.5,816.25,5908.083333333333,237.0,10056.5,489.25,89.0,39699.58333333333,2107.5,37681.08333333333,37874.512,37901.625,6.0,40.0,16.0,27.0,62.0,"*Sumur Gain*
B-202 : 58 (+12) KA Turun (-10.4%) 
B-234 : 35 (+10) Gross Naik (+178) Jam 15.30 Bean up  SB38 ke SBOF
BN-058 : 59 (+6) KA Turun (-2.6%) 
B-125 : 37 (+5) KA Turun (-0.4%) 
B-203 : 7 (+4) KA Turun (-1.8%) 
BN-038 : 16 (+3) KA Turun (-1%) 
BN-022 : 16 (+3) KA Turun (-0.5%) 
B-199 : 115 (+3) KA Turun (-0.3%) 
B-186 : 8 (+3) Gross Naik (+16) 
B-132 : 32 (+3) KA Turun (-1%) 
B-198 : 69 (+3) Gross Naik (+24) 

*Sumur Low*
B-148 : 157 (-14) Gross Turun (-59) 
B-206 : 21 (-8) KA Naik (+2.3%) 
B-196 : 0 (-7) Gross Turun (-8) Tutup sumur jam 16.00, Sumur tidak keluar cairan (Lanjut Program SBHP)
B-169 : 29 (-6) Gross Turun (-59) 
B-185 : 11 (-5) KA Naik (+0.9%) 
B-173 : 27 (-4) Gross Turun (-11) 
B-236 : 29 (-3) Gross Turun (-64) 
B-147 : 13 (-2) KA Naik (+0.1%) 
BN-017 : 16 (-1) Gross Turun (-22) ",5515.83829772921,3541.1681871421533,6883.077705643732,4418.935887023276,8810.1945,4356.0,4746.0,127.0,517.0,6197.5,9048.0,2637.0,5487.5,885.4166666666666,1661.4166666666665,1310.0,2086.0,2700.0,3367.0,0.0,667.0,14138.916666666666,18822.416666666664,4074.0,8757.5,4.0,16.3,0.0,399.0,18618.0978,3.0,24.666666666666668,63.035,276.9166666666667,8561.8772,27179.975,18476.055500000002,26.275,406.254,80.0,1656.4488,577.9167,322.0,0.0,356.7,3425.5944999999992,324.90000000000003,82.9,4561.0,393.5,5362.3,22.3,0.0,0.0,22.3,0.0,5121.129900342563,3450.638553811019,238.42604584641734,0.861,1.2883,2.4117,0.3249,0.3,1.1239,27.0,659.0,4.0,0,
2026-04-21,2072.806210456543,2077.432096364146,2087.096,2087.096,0.0,1783.096,43.0,0.0,0.0,0.0,0.0,261.0,0.0,10090.0,463.5,13749.5,810.75,6683.729166666667,255.875,9817.0,469.875,87.0,40340.22916666667,2087.0,38340.22916666667,38457.225666686536,38485.916666686535,6.0,41.0,16.0,27.0,63.0,"*Sumur Low*
B-148 : 141 (-16) KA Naik (+5.7%) 
B-229 : 5 (-10) KA Naik (+1.5%) 
B-208 : 21 (-8) KA Naik (+1.2%) 
B-179 : 153 (-7) KA Naik (+0.9%) 
BN-017 : 11 (-5) KA Naik (+4.9%) 
 B-096 : 24 (-5) KA Naik (+0.5%) 
B-232 : 21 (-3) Gross Turun (-68) 
B-169 : 27 (-2) KA Naik (+0.2%) 
B-191 : 56 (-1) KA Naik (+1.8%) 
BN-026 : 19 (-1) Gross Turun (-6) 
B-140 : 14 (-1) Gross Turun (-35) Tutup sumur jam 17.00-18.00, Pekerjaan reposisi X-Mastree

*Sumur Gain*
B-227 : 11 (+11) Gross Naik (+15) Start produksi jam 15.00, ex Program WI Stimulation
B-214 : 10 (+10) KA Turun (-3.3%) Prod. 24 jam, ex. Program WS
B-234 : 45 (+10) Gross Naik (+133) 
B-202 : 61 (+3) KA Turun (-2.5%) 
BN-024 : 31 (+2) Gross Naik (+59) 
B-237 : 18 (+2) Gross Naik (+28) 
B-173 : 28 (+1) Gross Naik (+7) 
BN-039 : 52 (+1) KA Turun (-0.1%)",5515.83829772921,3541.1681871421533,6883.077705643732,4418.935887023276,8983.614800000001,4356.0,4772.0,127.0,543.0,6197.5,9052.0,2637.0,5491.5,1147.5,2200.666666666667,1310.0,2363.166666666667,2824.875,3493.875,0.0,669.0,14525.875,19518.541666666668,4074.0,9066.666666666668,4.0,16.4,0.0,402.0,19755.9953,3.0,24.833333333333332,85.881,270.625,8525.4758,28281.4711,19404.0813,26.225,407.998,80.0,1756.2918,579.0,319.79999999999995,0.0,361.0,3530.3148,364.70000000000005,85.7,4611.1,370.0,5431.5,21.8,0.0,0.0,21.8,0.0,5254.093538176472,3497.664732794117,231.85652902941172,0.9331,1.2064,2.4716,0.3647,0.3,1.1061,27.0,673.0,4.0,0,
2026-04-22,2072.806210456543,2077.432096364146,2051.066,2051.093,0.0,1783.0929999999998,46.0,0.0,0.0,0.0,0.0,222.0,0.0,10070.0,472.5,13582.5,808.25,6428.5,244.0,9788.0,436.5,90.0,39869.0,2051.25,37907.75,38074.809,38067.625,6.0,41.0,16.0,27.0,63.0,"*Sumur Low*
B-148 : 112 (-29) KA Naik (+15.7%) 
B-227 : 0 (-11) KA Naik (+72.5%) Prod. 24 jam, ex. Program WI Stimulation
B-202 : 51 (-10) Gross Turun (-37) 
B-214 : 0 (-10) Gross Turun (-289) 
B-234 : 40 (-5) Gross Turun (-37) 
BN-018 : 110 (-3) KA Naik (+0.2%) 
B-219 : 47 (-2) Gross Turun (-27) 
BN-038 : 15 (-2) KA Naik (+0.2%) 
B-147 : 12 (-1) KA Naik (+0.2%)

*Sumur Gain*
B-213 : 35 (+8) KA Turun (-10.1%) 
B-206 : 27 (+6) KA Turun (-2.9%) 
B-208 : 24 (+3) KA Turun (-0.5%) 
BN-014 : 19 (+3) KA Turun (-0.4%) 
BN-022 : 19 (+3) KA Turun (-1%) 
BN-017 : 13 (+2) KA Turun (-3.2%) 
B-231 : 19 (+2) KA Turun (-1.5%) 
BN-058 : 61 (+2) Gross Naik (+43) 
B-173 : 30 (+2) Gross Naik (+21) 
B-140 : 15 (+1) Gross Naik (+35) Prod. 24 jam, ex. Pekerjaan reposisi X-Mastree
B-243 : 67 (+1) KA Turun (-0.1%)",5515.83829772921,3541.1681871421533,6883.077705643732,4418.935887023276,8904.0277,4356.0,4772.0,127.0,543.0,6317.0,9194.0,2637.0,5514.0,1154.0,2270.0,1310.0,2426.0,3033.0,3765.0,0.0,732.0,14860.0,20001.0,4074.0,9215.0,4.0,16.8,0.0,403.0,21248.049399999996,3.0,25.0,0.0,272.9166666666667,8504.6512,29752.700599999996,20954.847899999993,26.175,426.29,80.0,1807.9127,577.75,320.1,0.0,327.7,3565.9276999999997,342.3,84.1,4506.9,381.90000000000003,5315.199999999999,22.9,0.0,0.0,22.9,0.0,5257.386295789474,3418.6055347368424,228.03586947368422,0.8921,1.1563,2.4585,0.3423,0.3,1.1134,27.0,663.0,4.0,0,
2026-04-23,2072.806210456543,2077.432096364146,2040.055,2040.055,0.0,1788.055,46.0,0.0,0.0,0.0,0.0,206.0,0.0,10324.5,481.5,13688.5,802.5,6509.0,240.0,9317.0,425.5,90.0,39839.0,2039.5,37889.5,38025.8290000298,38000.6250000298,6.0,41.0,16.0,27.0,63.0,"*Sumur Low*
 B-096 : 6 (-18) Gross Turun (-495) 
B-211 : 35 (-12) Gross Turun (-41) 
B-199 : 107 (-8) KA Naik (+1.1%) 
B-140 : 11 (-4) KA Naik (+0.4%) 
B-132 : 29 (-3) KA Naik (+2.1%) 
B-081 : 26 (-1) KA Naik (+0.1%)

*Sumur Gain*
B-173 : 38 (+8) KA Turun (-10.9%) 
BN-038 : 21 (+7) KA Turun (-1.3%) 
B-212 : 59 (+5) KA Turun (-0.6%) 
B-227 : 5 (+5) KA Turun (-20.8%) 
B-229 : 8 (+3) KA Turun (-0.8%) 
BN-024 : 32 (+2) Gross Naik (+119) 
B-217 : 40 (+2) Gross Naik (+51) 
B-148 : 114 (+2) Gross Naik (+14) Jam 10.40 update Gi di 126 mscfd
BN-017 : 14 (+1) Gross Naik (+36)",5515.83829772921,3541.1681871421533,6883.077705643732,4418.935887023276,9007.59,4356.0,4782.0,127.0,553.0,6317.0,9276.0,2622.0,5581.0,1154.0,2273.0,1310.0,2429.0,3047.0,3710.0,0.0,663.0,14874.0,20041.0,4059.0,9226.0,4.0,16.8,0.0,400.0,21787.952,3.0,25.0,0.0,278.7083333333333,8175.999399999999,29963.951399999998,21062.6864,26.325,436.898,80.0,1866.8087,577.4583,328.6,0.0,200.9,3516.99,334.5,82.69999999999999,4663.3,387.29999999999995,5467.8,22.8,0.0,0.0,22.8,0.0,5338.5543160633,3438.6225861695207,230.4130977671797,0.9389,1.2525,2.4719,0.3345,0.3,1.0801,27.0,664.2,4.0,0,
2026-04-24,2072.806210456543,2077.432096364146,2010.053,2010.077,0.0,1767.077,51.0,0.0,0.0,0.0,0.0,192.0,0.0,10500.0,477.5,13912.541666666668,797.1458333333333,6524.5,228.5,9565.5,421.5,85.0,40502.54166666667,2009.6458333333333,38577.895833333336,38711.952,38748.125,6.0,41.0,16.0,27.0,63.0,"*Sumur Low*
B-199 : 99 (-8) KA Naik (+1%) 
B-202 : 44 (-7) KA Naik (+6.3%) 
B-234 : 34 (-7) KA Naik (+1.4%) 
B-102 : 26 (-5) KA Naik (+0.6%) 
BN-058 : 56 (-5) Gross Turun (-27) 
B-216 : 27 (-5) KA Naik (+1.2%) 
BN-039 : 48 (-4) Gross Turun (-85) 
BN-026 : 16 (-3) KA Naik (+7.7%) 
BN-038 : 19 (-2) KA Naik (+0.6%) 
B-148 : 112 (-2) Gross Turun (-37) Jam 10.40 update Gi di 126 mscfd
B-195 : 4 (-1) Gross Turun (-45) Jam 17.40 tutup sumur, program well testing pressure build up

*Sumur Gain*
BN-017 : 19 (+5) KA Turun (-3.1%) 
B-207 : 21 (+5) KA Turun (-4%) 
BN-014 : 24 (+5) Gross Naik (+120) 
B-208 : 27 (+3) Gross Naik (+48) 
B-191 : 59 (+3) Gross Naik (+64) 
B-231 : 21 (+2) Gross Naik (+32) 
B-147 : 13 (+1) Gross Naik (+52)",5515.83829772921,3541.1681871421533,6883.077705643732,4418.935887023276,8674.4663,4356.0,4876.0,127.0,647.0,6317.0,9335.166666666666,2622.0,5640.166666666666,1154.0,2353.0,1336.0,2535.0,3287.0,3977.0,0.0,690.0,15114.0,20541.166666666664,4085.0,9512.166666666666,4.0,16.8,0.0,402.0,21652.1298,3.0,25.0,0.0,305.2916666666667,8497.1954,30149.3252,21581.1839,26.325,433.84,80.0,1864.5596,578.5417,323.7,0.0,131.5,3438.4663,342.2,81.1,4379.1,404.4,5206.8,29.2,0.0,0.0,29.2,0.0,5147.106359390607,3313.9674312757343,213.39250933366037,0.8259,1.2033,2.3499,0.3422,0.3,1.0684,27.0,668.8,4.0,0,
2026-04-25,2072.806210456543,2077.432096364146,1989.059,1989.051,0.0,1752.051,48.0,0.0,0.0,0.0,0.0,189.0,0.0,10564.0,476.5,14186.0,805.5,6220.25,208.75,9674.75,418.5,80.0,40645.0,1989.25,38735.75,38662.626000000004,38764.375,5.0,42.0,16.0,27.0,63.0,"*Sumur Low*
B-125 : 29 (-8) KA Naik (+0.5%) 
BN-058 : 48 (-8) KA Naik (+1.7%) 
B-206 : 21 (-6) KA Naik (+2.8%) 
B-234 : 29 (-5) Gross Turun (-130) 
BN-014 : 21 (-3) KA Naik (+0.5%) 
BN-024 : 29 (-3) KA Naik (+0.3%) 
B-181 : 21 (-3) KA Naik (+0.6%) 
B-148 : 109 (-3) KA Naik (+25.8%) 
BN-026 : 13 (-3) KA Naik (+5.6%)

*Sumur Gain*
B-173 : 46 (+8) Gross Naik (+11) 
B-203 : 14 (+7) KA Turun (-3.1%) 
B-195 : 8 (+4) Gross Naik (+69) Pkl. 00.00 Restart sumur
B-144 : 19 (+3) KA Turun (-0.6%) 
B-227 : 8 (+3) Gross Naik (+37) 
BN-015 : 28 (+1) KA Turun (-1.2%) Jam 15.15 upfreq dari 89 Hz ke 91 Hz",5515.83829772921,3541.1681871421533,6883.077705643732,4418.935887023276,8771.1421,4356.0,4944.0,127.0,715.0,6317.0,9394.0,2622.0,5699.0,1075.25,2291.75,1450.0,2666.5,3033.0,3721.0,0.0,688.0,14781.25,20350.75,4199.0,9768.5,4.0,16.5,0.0,402.0,21470.2537,3.0,24.875,0.0,289.5,8531.8506,30002.1043,21337.537200000006,26.575,420.208,80.0,1852.3258,577.8333,335.5,0.0,87.9,3380.3421000000003,334.3,80.7,4542.6,396.9,5354.5,36.3,0.0,0.0,36.3,0.0,5249.575911107129,3262.9708134718735,258.59537542099605,0.6072,1.2607,2.6747,0.3343,0.3,0.9804,27.0,670.4,4.0,0,
2026-04-26,2072.806210456543,2077.432096364146,2008.071,2008.084,0.0,1729.084,48.0,0.0,0.0,0.0,0.0,231.0,0.0,11246.0,465.0,14178.5,800.0,6578.0,210.0,9819.0,453.0,80.0,41821.5,2008.0,39893.5,40011.959,40075.875,5.0,42.0,16.0,28.0,63.0,"*Sumur Gain*
B-148 : 151 (+42) Gross Naik (+59) Jam 10.00 BU dari SB.38 ke SB.OF
B-140 : 16 (+5) KA Turun (-0.5%) 
BN-039 : 51 (+3) Gross Naik (+142) 
B-211 : 37 (+2) Gross Naik (+11) Jam 13.30 ukur GI di 158 mscfd
B-219 : 48 (+2) KA Turun (-0.3%) 
BN-015 : 29 (+1) Gross Naik (+21) 
BN-026 : 14 (+1) Gross Naik (+125) 

*Sumur Low*
B-179 : 146 (-7) Gross Turun (-62) 
B-199 : 92 (-7) KA Naik (+1.2%) 
BN-038 : 13 (-6) KA Naik (+1%) 
B-234 : 24 (-5) KA Naik (+4.3%) 
BN-018 : 107 (-3) KA Naik (+0.4%) 
B-231 : 19 (-2) KA Naik (+1.2%) 
B-237 : 16 (-2) KA Naik (+4.9%) 
B-132 : 27 (-2) KA Naik (+0.9%) 
B-136 : 35 (-2) KA Naik (+0.1%) 
B-159 : 7 (-2) Gross Turun (-9) ",5515.83829772921,3541.1681871421533,6883.077705643732,4418.935887023276,8234.7558,4356.0,4968.0,127.0,739.0,6475.0,9887.0,2085.0,5497.0,1154.0,2174.0,1450.0,2470.0,3075.0,3614.0,0.0,539.0,15060.0,20643.0,3662.0,9245.0,4.0,16.5,0.0,401.0,21289.6115,3.0,25.0,0.0,293.7083333333333,8541.6826,29831.2941,21703.038299999997,26.5,403.312,80.0,1832.1438,578.0,335.6,0.0,66.4,3321.9558,325.6,80.9,4069.1,401.2,4876.8,36.0,0.0,0.0,36.0,0.0,4846.436593596538,3131.790307495944,256.5288989075175,0.414,0.8959,2.7592,0.3256,0.3,1.492,28.0,673.6,4.0,0,
2026-04-27,2072.806210456543,2077.432096364146,2019.05,2019.052,56291.225,1715.3853333333332,48.0,0.0,0.0,0.0,0.0,255.66666666666666,0.0,10905.0,455.0,14186.5,806.5,6100.0,207.0,10361.333333333332,475.66666666666663,75.0,41552.83333333333,2019.1666666666665,39608.666666666664,39710.092,39716.5,5.0,42.0,16.0,28.0,63.0,"
*Sumur Gain*
B-148 : 166 (+15) KA Turun (-3.3%) Prod. 24 jam, ex. Bean up Open Flow
 B-096 : 16 (+10) Gross Naik (+529) 
B-186 : 16 (+8) Gross Naik (+40) 
B-160 : 69 (+5) KA Turun (-0.3%) 
B-233 : 11 (+4) KA Turun (-16.4%) 
B-227 : 11 (+3) KA Turun (-2.8%) Jam 11.13 atur GI di 448 mscfd
B-081 : 29 (+3) KA Turun (-0.2%) 
B-199 : 94 (+2) Gross Naik (+24) 
BN-026 : 16 (+2) KA Turun (-6.6%) 

*Sumur Low*
BN-015 : 21 (-8) KA Naik (+1.5%) 
BN-022 : 13 (-6) KA Naik (+1.6%) 
B-217 : 35 (-5) KA Naik (+0.5%) 
B-198 : 64 (-5) KA Naik (+0.8%) 
BN-024 : 24 (-5) KA Naik (+0.3%) 
B-173 : 43 (-3) Gross Turun (-8) 
B-232 : 18 (-3) KA Naik (+1%) ",5515.83829772921,3541.1681871421533,6883.077705643732,4418.935887023276,8087.924300000001,4356.0,5066.0,127.0,837.0,6475.0,9802.0,2085.0,5412.0,1088.375,2105.9375,1450.0,2467.5625,3190.0,3733.0,0.0,543.0,15109.375,20706.9375,3662.0,9259.5625,4.0,16.5,0.0,404.0,21360.2408,3.0,24.833333333333332,96.62200000000001,301.1666666666667,8507.6127,29867.853499999997,21886.2792,26.35,411.621,80.0,1838.8033,577.75,338.9,0.0,19.5,3292.9243,308.8,77.3,3998.1000000000004,410.8,4795.000000000001,0.0,0.0,0.0,0.0,0.0,4981.0014043340325,2855.3643367815707,251.5585588843965,0.0,1.0643,2.9338,0.3088,0.3462,1.9401,28.0,646.4,4.0,0,
2026-04-28,2072.806210456543,2077.432096364146,2017.069,2017.062,46928.563,1724.062,43.0,0.0,0.0,0.0,0.0,250.0,0.0,10940.0,455.0,14084.5,799.5,6081.0,205.0,10213.0,481.0,76.3,41318.5,2016.8,39378.0,39600.56166665673,39573.66666665673,5.0,41.0,16.0,28.0,62.0,"*Sumur Low*
B-207 : 12 (-9) Gross Turun (-38) 
B-202 : 35 (-9) KA Naik (+4.3%) 
BN-015 : 13 (-8) KA Naik (+3.3%) 
BN-014 : 16 (-5) KA Naik (+0.7%) 
B-220 : 13 (-3) Gross Turun (-96) 
B-173 : 40 (-3) Gross Turun (-14)

*Sumur Gain*
B-169 : 32 (+5) Gross Naik (+142) `
B-185 : 16 (+5) KA Turun (-0.7%) 
B-225 : 31 (+4) KA Turun (-0.4%) 
B-148 : 169 (+3) Gross Naik (+10) 
B-234 : 27 (+3) Gross Naik (+34) 
B-206 : 24 (+3) Gross Naik (+18) 
BN-058 : 51 (+3) KA Turun (-0.7%) 
BN-022 : 16 (+3) KA Turun (-0.6%) 
B-144 : 21 (+2) KA Turun (-0.4%) 
B-243 : 69 (+2) KA Turun (-0.3%)",5515.83829772921,3541.1681871421533,6883.077705643732,4418.935887023276,7944.584,4356.0,5290.0,127.0,1061.0,6475.0,9707.0,2085.0,5317.0,995.0,2219.0,1450.0,2674.0,3190.0,3726.0,0.0,536.0,15016.0,20942.0,3662.0,9588.0,4.0,16.5,0.0,403.0,20195.4858,3.0,24.75,0.0,285.9583333333333,8509.921300000002,28705.4071,20867.1231,26.3,410.404,80.0,1778.68,578.5,348.4,0.0,54.0,3276.284,176.0,77.5,4014.9,399.9,4668.299999999999,0.0,0.0,0.0,0.0,0.0,4956.6647359199,2698.739057989153,289.18020609094697,0.0,1.0844,2.9305,0.176,0.4471,1.9029,28.0,645.0,4.0,0,
2026-04-29,2072.806210456543,2077.432096364146,2001.078,2001.081,0.0,1727.081,43.0,0.0,0.0,0.0,0.0,231.0,0.0,10805.0,464.0,14327.5,797.5,6174.0,204.0,10180.0,467.0,68.0,41486.5,2000.5,39554.0,39783.958,39739.0,6.0,41.0,16.0,28.0,63.0,"*Sumur Low*
B-148 : 146 (-23) KA Naik (+4%) 
B-219 : 42 (-6) KA Naik (+0.9%) 
BN-058 : 45 (-6) Gross Turun (-32) 
BN-018 : 102 (-5) KA Naik (+0.1%) 
BN-022 : 11 (-5) KA Naik (+1.8%)  

*Sumur Gain*
B-173 : 46 (+6) Gross Naik (+19) 
BN-024 : 29 (+5) KA Turun (-0.5%) 
B-102 : 30 (+4) Gross Naik (+183) 
BN-026 : 19 (+3) KA Turun (-3.3%) 
B-132 : 30 (+3) KA Turun (-3.8%) 
BN-017 : 22 (+3) Gross Naik (+49) 
B-147 : 16 (+3) KA Turun (-0.5%) 
B-229 : 11 (+3) Gross Naik (+114) 
B-125 : 32 (+3) KA Turun (-0.5%) 
B-199 : 96 (+2) KA Turun (-1.5%) 
B-234 : 29 (+2) Gross Naik (+24)",5515.83829772921,3541.1681871421533,6883.077705643732,4418.935887023276,8153.8964,4356.0,5281.0,127.0,1052.0,6475.0,9691.0,2085.0,5301.0,995.0,2237.0,1277.0,2519.0,3190.0,3758.0,0.0,568.0,15016.0,20967.0,3489.0,9440.0,4.0,16.5,0.0,403.0,21043.707300000002,3.0,24.791666666666668,0.0,276.4583333333333,8391.9475,29435.654800000004,21388.2334,26.475,416.514,80.0,1826.9991,577.2083,294.20000000000005,0.0,51.0,3272.3963999999996,332.5,78.39999999999999,4051.4,418.5,4880.8,0.7,0.0,0.0,0.7,0.0,4975.258820338982,2877.1852657203385,301.4523139406779,0.0153,1.1587,2.8774,0.3325,0.3,1.915,28.0,645.0,4.0,0,
2026-04-30,2072.806210456543,2077.432096364146,2000.069,2000.091,0.0,1713.091,56.0,0.0,0.0,0.0,0.0,231.0,0.0,10601.5,462.5,14217.5,787.5,5758.5,214.0,10102.166666666668,463.5,72.0,40679.66666666667,1999.5,38752.16666666667,38898.395000000004,38897.5,6.0,42.0,16.0,28.0,64.0,"*Sumur Low*
B-211 : 29 (-8) Gross Turun (-13) 
BN-017 : 17 (-6) Gross Turun (-51) 
BN-058 : 40 (-5) KA Naik (+1.3%) 
B-227 : 8 (-3) Gross Turun (-29) 
B-144 : 19 (-3) KA Naik (+0.2%) 
BN-026 : 16 (-3) Gross Turun (-16) 
B-181 : 20 (-1) KA Naik (+0.1%) 
B-219 : 41 (-1) Gross Turun (-19) 
B-234 : 28 (-1) Gross Turun (-19)

*Sumur Gain*
B-146 : 13 (+13) KA Turun (-2%) 
BN-022 : 16 (+5) KA Turun (-2.1%) 
B-140 : 19 (+3) KA Turun (-1.7%) 
B-173 : 48 (+2) Gross Naik (+16) 
B-231 : 21 (+2) KA Turun (-1.7%)",5515.83829772921,3541.1681871421533,6883.077705643732,4418.935887023276,8094.2753,4356.0,5118.0,127.0,889.0,6475.0,9333.0,2085.0,4943.0,1047.0,2257.0,1277.0,2487.0,3260.833333333333,3829.8333333333335,283.0,852.0000000000009,15138.833333333332,20537.833333333336,3772.0,9171.0,4.0,16.5,0.0,404.0,21335.710100000004,3.0,25.0,0.0,313.4166666666667,8212.4434,29548.153500000004,21781.0402,26.4,412.06,80.0,1854.8283,578.125,319.1,0.0,79.9,3350.4133,307.8,78.39999999999999,3803.8999999999996,413.0,4603.099999999999,0.0,60.762,80.0,140.762,0.0,4838.3837307381955,2964.635343223203,291.2562260385999,0.0,1.2024,2.6015,0.3078,0.3364,1.8877,28.0,659.2,4.0,0,
2026-05-01,2160.07241441754,2124.687424200215,1975.057,1975.073,0.0,1703.073,59.0,0.0,0.0,0.0,0.0,213.0,0.0,10387.5,466.0,13934.0,761.5,5761.5,216.0,10404.0,458.5,73.0,40487.0,1975.0,38585.0,38717.296999970196,38789.4999999702,6.0,42.0,16.0,28.0,64.0,"*Sumur Low*
B-211 : 8 (-21) Gross Turun (-28) Pkl 07.40 optimasi GI 201 Mscfd
B-202 : 21 (-14) Gross Turun (-83) 
B-148 : 141 (-5) KA Naik (+0.9%) 
B-140 : 16 (-3) KA Naik (+0.8%) 
B-160 : 67 (-3) KA Naik (+0.1%) 
BN-039 : 48 (-3) KA Naik (+0.2%) 
B-169 : 29 (-3) Gross Turun (-201) `
B-179 : 144 (-2) KA Naik (+0.4%)

*Sumur Gain*
B-213 : 39 (+4) KA Turun (-52.4%) 
B-146 : 16 (+3) KA Turun (-0.6%) 
B-173 : 51 (+3) Gross Naik (+8) 
B-199 : 99 (+3) Gross Naik (+56) 
BN-015 : 16 (+3) KA Turun (-1.3%) 
B-186 : 19 (+3) KA Turun (-8%) 
B-212 : 62 (+3) KA Turun (-4%) 
B-208 : 29 (+2) KA Turun (-0.5%) 
BN-038 : 15 (+2) KA Turun (-0.4%) 
BN-058 : 42 (+2) KA Turun (-0.5%) 
B-197 : 5 (+1) Gross Naik (+12)",6966.617352895149,4472.568340558686,7107.156409951203,4562.794415188672,7925.0325,4356.0,4967.0,37.333333333333336,648.333333333333,6518.0,9219.0,1747.0,4448.0,1047.0,2087.0,1277.0,2317.0,3530.0,3972.0,291.0,733.0,15451.0,20245.0,3352.3333333333335,8146.333333333333,4.0,16.4,0.0,403.0,21438.357,3.0,25.0,66.633,252.20833333333334,7497.0507,28935.4077,21356.9002,26.525,410.932,80.0,1853.7422,577.3333,242.79999999999998,0.0,20.0,3211.3325000000004,223.39999999999998,79.2,3887.4,403.7,4593.7,0.0,0.0,120.0,120.0,0.0,4904.38199312574,2700.5880216048126,320.06248526944654,0.0,1.0434,2.844,0.2234,0.3982,1.815,28.0,658.0,4.0,0,
2026-05-02,2160.07241441754,2124.687424200215,1950.045,1950.059,0.0,1697.3923333333332,39.666666666666664,0.0,0.0,0.0,0.0,213.0,0.0,9461.208333333332,450.84375,14122.5,760.0,5645.583333333333,199.45833333333334,10143.0,459.5,80.0,39372.291666666664,1949.8020833333333,37502.48958333333,37575.915,37697.5,5.0,42.0,16.0,28.0,63.0,"*Sumur Low*
B-146 : 3 (-13) KA Naik (+2.1%) 
B-213 : 33 (-6) KA Naik (+36.6%) 
BN-038 : 9 (-6) Gross Turun (-168) Pkl 11.40 - 21.10 tutup sumur, imbangi gross GS-4 (Perbaikan pompa No.1 dan No.2)
BN-022 : 10 (-6) Gross Turun (-133) Pkl 11.50 - 21.20 tutup sumur, imbangi gross GS-4 (Perbaikan pompa No.1 dan No.2)
BN-014 : 10 (-6) Gross Turun (-230) Pkl 11.30 - 21.00 tutup sumur, imbangi gross GS-4 (Perbaikan pompa No.1 dan No.2)
BN-024 : 24 (-5) Gross Turun (-177) 
BN-015 : 12 (-4) KA Naik (+1%) Pkl 17.26 manual stop (reverse 30 min). Pkl 18.45 manual start direct 
B-125 : 30 (-3) KA Naik (+0.3%) 
B-233 : 8 (-3) KA Naik (+23.1%) 
BN-017 : 14 (-3) Gross Turun (-45) 
B-081 : 27 (-2) KA Naik (+0.1%) 
B-232 : 16 (-2) KA Naik (+1.7%) 
B-220 : 12 (-1) KA Naik (+0.4%) 
B-234 : 27 (-1) Gross Turun (-40)

*Sumur Gain*
B-224 : 32 (+7) Gross Naik (+233) 
B-217 : 40 (+5) KA Turun (-3%) 
BN-018 : 107 (+5) KA Turun (-0.5%) 
BN-058 : 45 (+4) KA Turun (-4%) 
B-173 : 54 (+3) KA Turun (-4.7%) 
BN-026 : 19 (+3) Gross Naik (+32) 
B-136 : 37 (+2) KA Turun (-0.3%)",6966.617352895149,4472.568340558686,7107.156409951203,4562.794415188672,7905.0862,3791.1458333333335,4258.291666666666,0.0,467.1458333333326,6518.0,9227.0,1747.0,4456.0,1047.0,2097.0,1218.0,2268.0,3530.0,3951.0,291.0,712.0,14886.145833333334,19533.291666666664,3256.0,7903.145833333332,4.0,16.7,0.0,404.0,21427.657000000003,3.0,24.583333333333332,385.759,304.5,7464.3794,28892.036400000005,28892.036400000005,26.375,405.092,80.0,1859.3049,578.375,238.9,0.0,49.6,3237.6469,239.4,79.0,3804.3999999999996,404.5,4527.299999999999,0.0,60.1393,80.0,140.1393,0.0,4833.582274782456,2776.6815587084266,294.822366509117,0.0,1.1727,2.6317,0.2394,0.3881,1.8178,28.0,644.8,4.0,0,
2026-05-03,2160.07241441754,2124.687424200215,1962.037,1962.035,0.0,1698.035,51.0,0.0,0.0,0.0,0.0,213.0,0.0,10102.25,464.75,14132.5,763.0,5443.0,198.0,10242.0,460.5,76.0,39919.75,1962.25,38033.5,38129.806,38206.0,5.0,42.0,16.0,28.0,63.0,"*Sumur Gain*
BN-038 : 16 (+7) Gross Naik (+243) Prod. 24 jam, ex. imbangi gross GS-4 (Perbaikan pompa No.1 dan No.2)
BN-022 : 16 (+6) Gross Naik (+168) Prod. 24 jam, ex. imbangi gross GS-4 (Perbaikan pompa No.1 dan No.2)
BN-014 : 16 (+6) Gross Naik (+225) Prod. 24 jam, ex. imbangi gross GS-4 (Perbaikan pompa No.1 dan No.2)
BN-058 : 51 (+6) Gross Naik (+35) Pkl 15.40 Update GI 324 Mscfd
B-146 : 8 (+5) KA Turun (-0.8%) 
B-206 : 27 (+3) KA Turun (-0.8%) 
B-211 : 11 (+3) Gross Naik (+4) 
B-216 : 29 (+2) Gross Naik (+48) 

*Sumur Low*
BN-015 : 0 (-12) Gross Turun (-240) Pkl 12.17 Manual stop change tapping travo. Pkl 18.30 - 19.05 start fill up casing, pkl 21.30 PBU Test
B-173 : 48 (-6) KA Naik (+6.2%) 
B-227 : 5 (-3) Gross Turun (-29) 
B-220 : 11 (-1) Gross Turun (-15) ",6966.617352895149,4472.568340558686,7107.156409951203,4562.794415188672,8070.7864,4356.0,4848.0,0.0,492.0,6518.0,9145.0,1747.0,4374.0,1030.0,2086.5,1272.0,2328.5,3541.0,3968.0,291.0,718.0,15445.0,20047.5,3310.0,7912.5,4.0,16.8,0.0,402.0,21276.6982,3.0,24.958333333333332,0.0,278.7916666666667,8342.3858,29619.084,29619.084,83.575,403.998,80.0,1852.3384,577.375,313.40000000000003,0.0,29.8,3340.4864000000002,234.6,79.2,4009.7000000000003,406.8,4730.3,0.0,0.0,0.0,0.0,0.0,4990.372507045813,2831.5327704770925,248.88112247709321,0.0,1.1583,2.8514,0.2346,0.3857,1.8801,28.0,640.0,4.0,0,
2026-05-04,2160.07241441754,2124.687424200215,1965.038,1965.064,0.0,1695.064,54.0,0.0,0.0,0.0,0.0,216.0,0.0,9912.5,455.5,14060.0,762.0,5255.75,202.33333333333334,9916.0,465.5,80.0,39144.25,1965.3333333333333,37258.916666666664,37395.72266665673,37458.91666665673,5.0,42.0,16.0,28.0,63.0,"*Sumur Gain*
B-203 : 19 (+5) KA Turun (-6.4%) 
B-102 : 33 (+3) KA Turun (-0.1%) 
B-147 : 19 (+3) KA Turun (-0.3%) 
B-159 : 10 (+3) Gross Naik (+3) 
B-146 : 11 (+3) KA Turun (-0.7%) 
BN-015 : 2 (+2) Gross Naik (+11) Pkl 11.40 manual start at 70 Hz. Pkl 11.45 manually upfreq to 125 Hz. Pkl 22.13 Manual off ESP (MDHF)
B-234 : 29 (+2) KA Turun (-4.8%) 
B-229 : 13 (+2) KA Turun (-0.4%) 

*Sumur Low*
B-219 : 34 (-7) KA Naik (+0.9%) 
BN-039 : 44 (-4) KA Naik (+0.2%) 
BN-017 : 11 (-3) Gross Turun (-26) 
B-132 : 27 (-3) Gross Turun (-18) 
B-160 : 64 (-3) KA Naik (+0.1%) 
B-169 : 27 (-3) Gross Turun (-48) `
B-236 : 27 (-2) Gross Turun (-22) ",6966.617352895149,4472.568340558686,7107.156409951203,4562.794415188672,7738.713899999999,4356.0,4863.0,0.0,507.0,6262.0,8950.0,1747.0,4435.0,1030.0,2087.666666666667,1426.0,2483.666666666667,3552.0,3986.0,291.0,725.0,15200.0,19886.666666666668,3464.0,8150.666666666667,4.0,16.7,0.0,399.0,21120.2921,4.0,24.833333333333332,0.0,266.0833333333333,8260.2275,29380.5196,21748.1557,26.35,409.911,80.0,1846.1862,578.6667,319.29999999999995,0.0,79.7,3340.1139000000003,77.7,79.2,3830.2,411.5,4398.6,0.0,0.0,0.0,0.0,0.0,4833.37308526092,2675.5720313512174,229.76878338786182,0.0,1.2586,2.5716,0.0777,0.5479,1.9226,28.0,636.8,4.0,0,
2026-05-05,2160.07241441754,2124.687424200215,1953.07,1953.055,0.0,1697.055,56.0,0.0,0.0,0.0,0.0,200.0,0.0,10036.0,450.0,13948.0,752.5,6250.5,214.75,9680.833333333332,451.0,85.0,39915.33333333333,1953.25,38047.08333333333,37296.50166665674,37267.79166665673,5.0,42.0,15.0,28.0,62.0,"*Sumur Low*
B-148 : 125 (-16) Gross Turun (-140) Pkl 10.48 cek aliran hilang, optimasi GI 250 Mscfd. Pkl 17.24 cek aliran kecil, optimasi GI 220 Mscfd 
B-191 : 52 (-7) Gross Turun (-31) 
BN-058 : 47 (-4) KA Naik (+1%) 
BN-017 : 8 (-3) KA Naik (+2.4%) 
B-232 : 14 (-3) KA Naik (+0.4%) 
B-199 : 97 (-3) Gross Turun (-31) 
B-237 : 13 (-3) Gross Turun (-50) Pkl 00.15 update GI 320 Mscfd
BN-022 : 13 (-3) KA Naik (+0.8%) 
BN-014 : 13 (-3) KA Naik (+0.5%) 
B-198 : 63 (-2) Gross Turun (-131) 
BN-015 : 0 (-2) Gross Turun (-11) Shut off 24 jam, manual off ESP (MDHF)
B-125 : 29 (-1) KA Naik (+0.1%)

*Sumur Gain*
B-140 : 27 (+11) Gross Naik (+1143) Pkl 17.07 update GI 288 Mscfd
B-146 : 16 (+5) KA Turun (-3.1%) 
B-173 : 51 (+3) KA Turun (-4%) 
BN-018 : 110 (+3) Gross Naik (+168) 
B-234 : 32 (+3) Gross Naik (+13) 
B-229 : 16 (+3) KA Turun (-0.5%) 
B-207 : 14 (+2) KA Turun (-40.3%) 
B-181 : 21 (+1) KA Turun (-0.2%)",6966.617352895149,4472.568340558686,7107.156409951203,4562.794415188672,8023.246499999998,4356.0,4780.0,0.0,424.0,6082.0,8739.0,1582.0,4239.0,1162.0,2041.0,1536.0,2415.0,3633.0,4064.0,291.0,722.0,15233.0,19624.0,3409.0,7800.0,4.0,15.9,0.0,398.0,20341.250200000002,3.0,24.041666666666668,248.765,264.9583333333333,9050.1221,29391.372300000003,21474.4758,26.35,403.311,80.0,1712.1522,519.8333,325.7,0.0,-120.2,2947.1465,68.9,83.0,4523.799999999999,400.4,5076.0999999999985,0.0,0.0,0.0,0.0,0.0,5047.444945576922,2728.932431346153,246.86912307692302,0.0,1.6461,2.8777,0.0689,0.5717,1.8372,28.0,660.8,4.0,0,
2026-05-06,2160.07241441754,2124.687424200215,1865.085,1865.104,0.0,1685.1665,58.4375,0.0,0.0,0.0,0.0,121.5,0.0,9807.016666666666,445.8125,13722.979166666666,755.7291666666667,6359.635416666666,205.421875,9340.5,371.6458333333333,86.0,39230.13125,1864.609375,37451.521875,37559.9099999702,37121.1249999702,5.0,42.0,15.0,28.0,62.0,"*Sumur Low*
B-148 : 47 (-79) Gross Turun (-129) Pkl 13.37 Optimasi GI 208 Mscfd
B-173 : 42 (-9) Gross Turun (-48) Pkl 13.00 - 14.40 ESP off due to disabling Power Supply (Gangguan Electronic Ignition System pada PLTG)
B-169 : 21 (-5) KA Naik (+0.7%) `
B-234 : 27 (-5) KA Naik (+3.1%) 
BN-024 : 20 (-4) KA Naik (+0.3%) 
B-179 : 141 (-3) Gross Turun (-71) Pkl 13.57 - 14.27 ESP off due to disabling Power Supply (Gangguan Electronic Ignition System pada PLTG)
B-147 : 16 (-3) Gross Turun (-72) Pkl 13.59 - 14.29 ESP off due to disabling Power Supply (Gangguan Electronic Ignition System pada PLTG)
BN-058 : 45 (-2) Gross Turun (-80) 
B-208 : 27 (-2) KA Naik (+0.3%) 
B-136 : 35 (-2) Gross Turun (-90) Pkl 14.52 - 15.22 ESP off due to disabling Power Supply (Gangguan Electronic Ignition System pada PLTG)
B-191 : 51 (-1) Gross Turun (-6) Pkl 13.51 - 14.21 ESP off due to disabling Power Supply (Gangguan Electronic Ignition System pada PLTG)
B-125 : 28 (-1) KA Naik (+0.1%) 
B-160 : 62 (-1) Gross Turun (-53) Pkl 13.48 - 14.18 ESP off due to disabling Power Supply (Gangguan Electronic Ignition System pada PLTG)
B-220 : 10 (-1) Gross Turun (-30) Pkl 13.46 - 15.41 ESP off due to disabling Power Supply (Gangguan Electronic Ignition System pada PLTG)
B-213 : 32 (-1) Gross Turun (-2) Pkl 13.52 - 14.22 ESP off due to disabling Power Supply (Gangguan Electronic Ignition System pada PLTG)
B-238 : 26 (-1) Gross Turun (-42) Pkl 13.55 - 14.25 ESP off due to disabling Power Supply (Gangguan Electronic Ignition System pada PLTG)

*Sumur Gain*
BN-026 : 26 (+7) Gross Naik (+8) 
BN-039 : 50 (+6) KA Turun (-0.4%) Pkl 12.52 - 14.20 ESP off due to disabling Power Supply (Gangguan Electronic Ignition System pada PLTG)
B-132 : 32 (+5) KA Turun (-8.5%) 
B-224 : 37 (+5) KA Turun (-2.7%) 
BN-014 : 16 (+3) KA Turun (-0.6%) 
B-217 : 43 (+3) Gross Naik (+61) 
B-144 : 19 (+1) Gross Naik (+54)",6966.617352895149,4472.568340558686,7107.156409951203,4562.794415188672,8152.193700000001,4356.0,4758.075,0.0,402.0749999999998,6082.0,8721.520833333332,1582.0,4221.520833333332,1162.0,2088.625,1522.0,2448.625,3498.875,3915.7499999999995,291.0,707.875,15098.875,19483.970833333333,3395.0,7780.095833333332,4.0,16.0,0.0,400.0,20328.2853,4.0,24.958333333333332,18.116,268.25,9485.795399999999,29814.0807,21768.162,26.275,397.031,80.0,1818.0794,578.7083,321.5,0.0,-129.7,3091.8937000000005,133.70000000000002,80.3,4447.599999999999,398.7,5060.299999999999,0.0,0.0,0.0,0.0,0.0,5096.4030132231655,2802.9369579316462,252.85372884518898,0.0,1.5834,2.8642,0.1337,0.5064,1.8916,28.0,641.6,4.0,0,
2026-05-07,2160.07241441754,2124.687424200215,1862.023,1862.036,0.0,1693.036,59.0,0.0,0.0,0.0,0.0,110.0,0.0,9689.0,456.75,13745.5,747.5,7186.0,209.0,9403.5,363.5,85.0,40024.0,1861.75,38247.25,38598.01733337306,38412.08333337307,5.0,41.0,15.0,28.0,61.0,"*Sumur Low*
B-148 : 35 (-12) Gross Turun (-16) Prod. 24 jam, ex. Optimasi gas injeksi
B-234 : 21 (-6) KA Naik (+1.4%) 
B-236 : 21 (-6) KA Naik (+1.7%) 
B-219 : 30 (-4) Gross Turun (-153) 
B-195 : 5 (-3) KA Naik (+3.3%) 
B-173 : 40 (-2) KA Naik (+9.3%) Prod. 24 jam, ex. ESP Off due to disabling Power Supply (Gangguan Electronic Ignition System pada PLTG)
B-213 : 30 (-2) KA Naik (+11.3%) Prod. 24 jam, ex. ESP Off due to disabling Power Supply (Gangguan Electronic Ignition System pada PLTG)
B-160 : 61 (-1) KA Naik (+0.1%) Prod. 24 jam, ex. ESP Off due to disabling Power Supply (Gangguan Electronic Ignition System pada PLTG)

*Sumur Gain*
B-140 : 35 (+8) Gross Naik (+735) 
BN-039 : 55 (+5) Gross Naik (+153) Prod. 24 jam, ex. ESP Off due to disabling Power Supply (Gangguan Electronic Ignition System pada PLTG)
B-179 : 144 (+3) Gross Naik (+36) Prod. 24 jam, ex. ESP Off due to disabling Power Supply (Gangguan Electronic Ignition System pada PLTG)
BN-058 : 48 (+3) KA Turun (-5%) 
B-199 : 99 (+3) KA Turun (-0.8%) 
BN-022 : 16 (+3) KA Turun (-0.6%) 
B-186 : 22 (+3) KA Turun (-5%) 
BN-038 : 19 (+3) KA Turun (-1.8%) 
B-136 : 37 (+2) Gross Naik (+90) Prod. 24 jam, ex. ESP Off due to disabling Power Supply (Gangguan Electronic Ignition System pada PLTG)
B-191 : 52 (+1) Gross Naik (+6) Prod. 24 jam, ex. ESP Off due to disabling Power Supply (Gangguan Electronic Ignition System pada PLTG)
B-220 : 11 (+1) Gross Naik (+65) Prod. 24 jam, ex. ESP Off due to disabling Power Supply (Gangguan Electronic Ignition System pada PLTG)
B-238 : 27 (+1) Gross Naik (+42) Prod. 24 jam, ex. ESP Off due to disabling Power Supply (Gangguan Electronic Ignition System pada PLTG)",6966.617352895149,4472.568340558686,7107.156409951203,4562.794415188672,8346.2529,4356.0,4767.0,0.0,411.0,6082.0,8860.0,1582.0,4360.0,1162.0,2165.0,1522.0,2525.0,3244.0,3669.0,291.0,716.0,14844.0,19461.0,3395.0,8012.0,4.0,16.1,0.0,401.0,20179.886,4.0,24.541666666666668,86.85900000000001,267.9166666666667,9484.9166,29664.8026,21424.899699999998,26.35,407.649,80.0,1808.8122,578.0417,325.7,0.0,-19.8,3206.7528999999995,340.2,80.19999999999999,4313.599999999999,389.7,5123.699999999999,15.8,0.0,0.0,15.8,0.0,5307.558477970543,2786.598415813779,252.09600621567645,0.2765,1.5409,2.4962,0.3402,0.3,1.6431,28.0,641.6,4.0,0,
2026-05-08,2160.07241441754,2124.687424200215,1842.081,1842.095,0.0,1686.095,62.0,0.0,0.0,0.0,0.0,94.0,0.0,9452.25,444.75,13789.979166666668,749.3541666666667,7372.0,219.0,9227.125,340.4583333333333,88.0,39841.35416666667,1841.5625,38087.79166666667,38199.885666716335,38223.91666671634,5.0,42.0,15.0,28.0,62.0,"*Sumur Low*
B-148 : 19 (-16) Gross Turun (-58) 
B-225 : 23 (-8) KA Naik (+1.1%) 
B-132 : 24 (-8) KA Naik (+11.9%) 
BN-024 : 14 (-6) KA Naik (+0.6%) 
B-144 : 13 (-6) Gross Turun (-225) Pkl 09.30 - 16.30 tutup sumur, Program penyisipan Flowline
B-173 : 36 (-4) Gross Turun (-15) 
B-125 : 24 (-4) Gross Turun (-61) 
BN-018 : 107 (-3) Gross Turun (-209) 
B-198 : 61 (-2) Gross Turun (-136) 
B-211 : 9 (-2) KA Naik (+9.8%) 
BN-026 : 24 (-2) KA Naik (+6.4%) 
B-195 : 4 (-1) Gross Turun (-58) Pkl 10.37 - 17.25 ESP stop due to motor underload, Manual Start ESP Upfreq Program from 70 Hz to 118 Hz in 1 hour. Pkl 18.46 - 19.26 stop due to motor underload, Manual Start ESP , Upfreq Program from 70 Hz to 118 Hz in 45 minutes. Pkl 20.50 Activated alternation frequency, F1 80 Hz in 30 min and F2 118 Hz in 30 min

*Sumur Gain*
B-203 : 27 (+8) KA Turun (-8.2%) 
B-140 : 43 (+8) KA Turun (-0.2%) 
B-243 : 74 (+5) Gross Naik (+137) 
B-229 : 21 (+5) KA Turun (-0.9%) 
B-147 : 19 (+3) Gross Naik (+117) 
BN-017 : 11 (+3) Gross Naik (+17) 
B-146 : 19 (+3) KA Turun (-0.5%) 
BN-058 : 51 (+3) Gross Naik (+96)",6966.617352895149,4472.568340558686,7107.156409951203,4562.794415188672,8226.1642,4356.0,4791.0,0.0,435.0,6229.0,9076.0,1582.0,4429.0,1162.0,2334.0,1708.0,2880.0,3126.166666666667,3565.166666666667,291.0,730.0,14873.166666666668,19766.166666666668,3581.0,8474.0,4.0,16.5,0.0,402.0,20996.904899999998,3.0,24.5,402.0,234.33333333333334,8782.160100000001,29779.065,21659.3508,26.45,408.254,80.0,1842.3602,576.5,325.1,0.0,-49.7,3208.9642,349.5,79.2,4181.6,397.9,5008.2,9.0,0.0,0.0,9.0,0.0,5396.418077389661,2596.765309771064,232.98081283927306,0.2518,1.5055,2.4243,0.3495,0.3,1.5781,28.0,654.4,4.0,0,
2026-05-09,2160.07241441754,2124.687424200215,1846.076,1846.095,0.0,1672.9283333333333,83.16666666666666,0.0,0.0,0.0,0.0,90.0,0.0,9298.760416666666,432.30729166666663,13875.5,765.0,7297.666666666667,217.5,9593.5,345.5,86.0,40065.42708333333,1846.3072916666665,38305.119791666664,38386.20566665673,38410.04166665673,5.0,42.0,15.0,28.0,62.0,"*Sumur Gain*
B-223 : 21 (+21) KA Turun (-17.1%) Prod. 24 jam,ex. Progran WI
B-144 : 19 (+6) Gross Naik (+393) Prod. 24 jam, ex. Tutup sumur, Program penyisipan Flowline
B-234 : 24 (+3) KA Turun (-5.8%) Pkl 14.10 - 14.40 tutup sumur imbangi tekanan jaringan, Shutdown SKG Nibung (Engine Stage 1 Kecairan)
B-238 : 29 (+2) KA Turun (-0.3%) 
B-136 : 39 (+2) Gross Naik (+62) 
B-199 : 101 (+2) Gross Naik (+42) 
BN-039 : 57 (+2) KA Turun (-0.1%) 
B-195 : 5 (+1) KA Turun (-1.1%) Prod. 24 jam, ex. stop due to motor underload, ex. Upfreq. Ex. Activated alternation frequency.

*Sumur Low*
B-208 : 21 (-6) KA Naik (+0.8%) 
B-081 : 21 (-6) KA Naik (+0.3%) 
BN-038 : 15 (-4) KA Naik (+1.2%) 
BN-058 : 47 (-4) KA Naik (+2.8%) 
B-148 : 15 (-4) KA Naik (+28.6%) 
B-173 : 34 (-2) Gross Turun (-7) 
BN-024 : 13 (-1) Gross Turun (-82) Pkl 14.30 - 16.30 tutup sumur imbangi tekanan jaringan, Shutdown SKG Nibung lanjut Penggantian Check Valve discharge KN-2
BN-014 : 15 (-1) Gross Turun (-84) Pkl 14.35 - 16.35 tutup sumur imbangi tekanan jaringan, Shutdown SKG Nibung lanjut Penggantian Check Valve discharge KN-2
BN-017 : 10 (-1) Gross Turun (-8) Pkl 14.35 - 16.35 tutup sumur imbangi tekanan jaringan, Shutdown SKG Nibung lanjut Penggantian Check Valve discharge KN-2",6966.617352895149,4472.568340558686,7107.156409951203,4562.794415188672,7475.695100000002,4228.104166666667,4672.354166666666,0.0,444.2499999999991,6450.0,9405.0,1591.0,4546.0,1131.4791666666665,2344.3125,1708.0,2920.8333333333335,3244.0,3712.0,293.0,761.0,15053.583333333332,20133.666666666664,3592.0,8672.083333333332,4.0,16.8,0.0,402.0,21160.5256,4.0,24.6666666666667,171.714,223.666666666667,8033.1728,29193.6984,22085.083899999998,26.425,405.632,80.0,1866.5825,576.0,327.6,0.0,-90.2,3192.0395000000003,335.3,79.8,3315.1,389.0,4119.2,3.8,60.6556,100.0,164.4556,0.0,4839.646569433274,2278.719887821071,357.32864274565634,0.0213,1.2627,2.0311,0.3353,0.3,1.1391,28.0,648.8,4.0,0,
2026-05-10,2160.07241441754,2124.687424200215,1845.03,1845.038,0.0,1669.038,86.0,0.0,0.0,0.0,0.0,90.0,0.0,9764.15625,435.5,13831.0,765.5,7061.5,220.5,9361.5,342.5,81.0,40018.15625,1845.0,38254.15625,38313.52,38416.5,5.0,42.0,16.0,28.0,63.0,"*Sumur Low*
B-207 : 10 (-4) Gross Turun (-5) 
B-229 : 17 (-4) KA Naik (+0.8%) 
BN-058 : 45 (-2) KA Naik (+0.6%) 
BN-024 : 11 (-2) KA Naik (+0.6%) Prod. 24 jam, ex. Tutup sumur imbangi tekanan jaringan, Shutdown SKG Nibung lanjut Penggantian Check Valve discharge KN-2
B-216 : 27 (-2) Gross Turun (-43)

*Sumur Gain*
B-234 : 27 (+4) Gross Naik (+21) Prod. 24 jam, ex. Tutup sumur imbangi tekanan jaringan, Shutdown SKG Nibung (Engine Stage 1 Kecairan)
B-198 : 64 (+3) KA Turun (-3.8%) 
B-173 : 36 (+2) Gross Naik (+23) 
B-125 : 26 (+2) KA Turun (-0.5%) 
B-217 : 45 (+2) KA Turun (-0.7%) 
B-179 : 146 (+2) Gross Naik (+27) 
B-223 : 22 (+2) KA Turun (-12.3%) 
BN-014 : 16 (+1) KA Turun (-1.8%) Prod. 24 jam, ex. Tutup sumur imbangi tekanan jaringan, Shutdown SKG Nibung lanjut Penggantian Check Valve discharge KN-2
BN-017 : 11 (+1) Gross Naik (+13) Prod. 24 jam, ex. Tutup sumur imbangi tekanan jaringan, Shutdown SKG Nibung lanjut Penggantian Check Valve discharge KN-2",6966.617352895149,4472.568340558686,7107.156409951203,4562.794415188672,7722.289199999999,4356.0,4775.0,0.0,419.0,6450.0,9368.5,1591.0,4509.5,1162.0,2319.0,1725.0,2882.0,3244.0,3696.0,293.0,745.0,15212.0,20158.5,3609.0,8555.5,4.0,16.7,0.0,402.0,21372.8598,3.0,24.875,0.0,256.25,8679.520199999999,30052.379999999997,22560.465799999998,26.375,417.158,80.0,1887.7145,573.5417,328.8,0.0,60.2,3373.7892,325.9,76.6,3479.2,400.2,4281.9,4.6,62.0,0.0,66.6,0.0,5072.997181864921,2424.607511147464,224.6845069876139,0.0335,1.4038,2.0419,0.3259,0.3,1.0944,28.0,650.4,4.0,0,"BN-41 Pkl. 23.00 Tutup sumur, kebocoran Flowline"
2026-05-11,2160.07241441754,2124.687424200215,1802.083,1802.082,0.0,1636.082,77.0,0.0,0.0,0.0,0.0,89.0,0.0,9703.0,425.375,13461.364583333334,736.203125,7217.5,213.0,9280.0,336.0,91.0,39661.864583333336,1801.578125,37951.286458333336,38331.053,38188.625,5.0,42.0,16.0,28.0,63.0,"*Sumur Low*
B-179 : 117 (-29) Gross Turun (-348) Pkl 18.45 - 22.15 manual off ESP due to Flowline Leak. Pkl 22.45 Manual Off ESP due to there is still a leak in FL
B-146 : 11 (-8) KA Naik (+2.4%) 
BN-026 : 18 (-6) Gross Turun (-13) 
B-224 : 32 (-5) KA Naik (+0.7%) 
B-148 : 11 (-4) Gross Turun (-9) 
B-140 : 40 (-3) KA Naik (+0.1%) 
B-169 : 19 (-3) KA Naik (+0.7%) 
B-181 : 19 (-3) KA Naik (+0.1%) 
B-147 : 16 (-3) KA Naik (+0.3%) 
B-198 : 62 (-3) KA Naik (+1.4%) 
BN-038 : 13 (-2) KA Naik (+0.8%) 
BN-018 : 106 (-2) KA Naik (+0.1%) 
B-223 : 21 (-1) KA Naik (+12.9%)

*Sumur Gain*
B-132 : 27 (+3) KA Turun (-4.5%) 
B-237 : 16 (+3) KA Turun (-8.2%) 
B-202 : 24 (+3) KA Turun (-7.1%) 
B-212 : 64 (+2) Gross Naik (+86) Pkl 12.25 bean up ke SA 38 tambah suction SKG Bunyu
B-173 : 38 (+2) Gross Naik (+50) 
B-125 : 27 (+2) Gross Naik (+96) 
B-234 : 29 (+2) Gross Naik (+14)",6966.617352895149,4472.568340558686,7107.156409951203,4562.794415188672,8207.453099999999,4356.0,4835.0,0.0,479.0,6429.0,9182.0,1669.0,4422.0,1162.0,2087.0,1657.0,2582.0,3244.0,3728.0,293.0,777.0,15191.0,19832.0,3619.0,8260.0,4.0,16.3,0.0,400.0,20448.6192,4.0,24.75,144.063,234.208333333333,9217.1599,29665.7791,21564.726000000002,26.4,418.11,80.0,1847.4514,573.2917,328.4,0.0,40.4,3314.0531,326.8,76.6,4046.5,412.5,4862.4,31.0,0.0,0.0,31.0,0.0,5277.21348838983,2642.0844785593217,288.1551330508474,0.3022,1.5985,2.1458,0.3268,0.3,1.0255,28.0,647.2,4.0,0,"BN-41 Pkl. 16.00 Diinjeksi kembali,ex. Doubling kebocoran Flowline"
2026-05-12,2160.07241441754,2124.687424200215,1702.095,1702.119,0.0,1539.4523333333332,79.66666666666666,0.0,0.0,0.0,0.0,83.0,0.0,9784.0,434.625,12067.5,629.0,7303.520833333333,215.16666666666669,9265.5,328.0,95.0,38420.52083333333,1701.7916666666667,36813.729166666664,36436.13433334327,36997.83333334327,5.0,42.0,15.0,28.0,62.0,"*Sumur Low*
B-179 : 0 (-117) Gross Turun (-1411) Manual Off ESP due to Flowline Leaks
B-148 : 5 (-6) Gross Turun (-7) 
B-229 : 11 (-6) KA Naik (+1.3%) 
B-238 : 25 (-4) KA Naik (+0.2%) 
BN-058 : 43 (-3) KA Naik (+0.8%) 
B-243 : 71 (-3) KA Naik (+0.1%) 
B-203 : 26 (-2) KA Naik (+5.1%) 
BN-039 : 56 (-1) KA Naik (+0.1%)

*Sumur Gain*
B-220 : 19 (+8) KA Turun (-1.7%) 
BN-026 : 24 (+6) Gross Naik (+24) 
B-236 : 27 (+6) KA Turun (-1.8%) 
B-213 : 36 (+6) KA Turun (-11.7%) 
B-146 : 16 (+5) KA Turun (-0.9%) Pkl 10.20 - 11.00 Manual off ESP due to change NSP Time, Upfreq program from 70 Hz to 80 Hz in 15 min
B-223 : 23 (+2) Gross Naik (+27) 
BN-017 : 13 (+2) Gross Naik (+32) 
B-173 : 40 (+2) KA Turun (-3.3%)",6966.617352895149,4472.568340558686,7107.156409951203,4562.794415188672,8493.113000000001,4356.0,4708.0,0.0,352.0,6429.0,8965.0,1669.0,4205.0,1162.0,2099.583333333333,1666.0,2603.583333333333,3244.0,3728.0,293.0,777.0,15191.0,19500.583333333332,3628.0,7937.583333333333,4.0,16.5,0.0,401.0,20913.8585,3.0,24.666666666666668,96.51899999999998,219.91666666666666,8734.9744,29648.832899999998,21261.869899999998,26.15,410.058,80.0,1859.9467,573.4583,322.2,0.0,-30.3,3241.513,333.3,77.2,4384.3,409.0,5203.8,47.800000000000004,0.0,0.0,47.800000000000004,0.0,5323.186592266749,2845.096110319052,324.83029741420006,0.2818,1.7814,2.3211,0.3333,0.3,0.8562,28.0,612.0,4.0,0,
2026-05-13,2160.07241441754,2124.687424200215,1780.056,1780.055,0.0,1617.055,80.0,0.0,0.0,0.0,0.0,83.0,0.0,9767.5,444.5,13559.666666666666,695.5,7106.5,214.0,9151.5,325.5,100.0,39585.166666666664,1779.5,37905.666666666664,38228.26833331346,38108.708333313465,5.0,42.0,16.0,28.0,63.0,"*Sumur Gain*
B-179 : 80 (+80) Gross Naik (+1890) Pkl 00.00 Manual start ESP after repair Flowline, upfreq from 70 Hz to 98 Hz in 15 minutes
BN-038 : 16 (+3) Gross Naik (+68) 
B-160 : 64 (+3) KA Turun (-0.1%) 
BN-017 : 16 (+3) Gross Naik (+28) 
B-169 : 21 (+2) Gross Naik (+29) 
B-199 : 102 (+2) KA Turun (-1.8%) 
BN-058 : 43 (+1) KA Turun (-4.2%) 

*Sumur Low*
B-219 : 25 (-5) Gross Turun (-110) Pkl 20.00 tutup sumur/GI, persiapan program penyisipan Flowline
B-195 : 0 (-5) KA Naik (+3.1%) 
B-234 : 24 (-5) Gross Turun (-59) 
B-191 : 49 (-3) Gross Turun (-18) 
B-159 : 8 (-2) Gross Turun (-2) 
B-198 : 61 (-1) Gross Turun (-11) ",6966.617352895149,4472.568340558686,7107.156409951203,4562.794415188672,8109.4584,4356.0,4698.0,0.0,342.0,6381.0,9157.5,1669.0,4445.5,1162.0,2085.0,1666.0,2589.0,3170.0,3651.0,293.0,774.0,15069.0,19591.5,3628.0,8150.5,4.0,15.8,0.0,392.0,20913.8585,4.0,24.208333333333332,648.8710000000001,228.79166666666666,8734.9744,29648.832899999998,20471.412999999997,26.475,405.554,80.0,1794.6627,574.6667,186.79999999999998,0.0,-79.6,2988.5584000000003,308.40000000000003,76.89999999999999,4283.6,406.3,5075.200000000001,45.699999999999996,0.0,0.0,45.699999999999996,0.0,5176.302966198394,2643.6207556346244,289.53467816698367,0.9839,1.7298,1.5699,0.3084,0.3,0.9038,28.0,638.6,4.0,0,
2026-05-14,2160.07241441754,2124.687424200215,1785.098,1785.122,0.0,1622.122,80.0,0.0,0.0,0.0,0.0,83.0,0.0,9575.5,445.0,13569.916666666666,679.5,6713.0,221.0,9204.5,333.5,106.0,39062.916666666664,1785.0,37383.916666666664,37499.83033334327,37528.20833334327,5.0,42.0,16.0,28.0,63.0,"*Sumur Gain*
B-179 : 93 (+13) KA Turun (-0.8%) 
B-227 : 11 (+6) KA Turun (-69%) 
BN-058 : 48 (+5) KA Turun (-5%) 
B-185 : 19 (+3) KA Turun (-0.7%) 
BN-026 : 27 (+3) Gross Naik (+16) 
BN-017 : 19 (+3) KA Turun (-3.5%) 
B-144 : 21 (+2) KA Turun (-0.2%) 
B-125 : 29 (+2) KA Turun (-0.7%) 

*Sumur Low*
B-219 : 3 (-23) Gross Turun (-494) Pkl 22.00 buka sumur/GI, ex program penyisipan Flowline
B-217 : 40 (-5) KA Naik (+1.4%) 
B-212 : 59 (-5) KA Naik (+8.4%) Pkl 00.00 bean up ke SA OF tambah suction SKG Bunyu
BN-018 : 102 (-4) KA Naik (+0.1%) 
B-173 : 38 (-2) Gross Turun (-21) ",6966.617352895149,4472.568340558686,7107.156409951203,4562.794415188672,8458.502700000001,4356.0,4637.0,0.0,281.0,6165.0,8803.75,1823.0,4461.75,1154.0,2061.0,1678.0,2585.0,3170.0,3652.0,293.0,775.0,14845.0,19153.75,3794.0,8102.75,4.0,16.4,0.0,393.0,20207.5434,3.0,24.791666666666668,294.588,212.66666666666666,8693.581400000001,28901.124799999998,20549.1221,26.5,410.068,80.0,1808.993,573.0417,319.5,0.0,-101.9,3116.2026999999994,344.1,77.2,4360.4,507.1,5288.8,53.5,0.0,0.0,53.5,0.0,5222.3966409459745,2934.4174619357627,301.6885971182623,1.0484,1.7456,1.5664,0.3441,0.3,0.5329,28.0,643.0,4.0,0,
2026-05-15,2160.07241441754,2124.687424200215,1770.056,1770.054,0.0,1623.304,74.08333333333333,0.0,0.0,0.0,0.0,72.66666666666666,0.0,9658.918749999999,425.61041666666665,13072.3125,708.4166666666666,6814.875,223.27083333333331,8424.322916666666,308.44791666666663,104.0,37970.42916666666,1769.7458333333334,36304.68333333333,36552.340000029806,36051.2500000298,5.0,42.0,16.0,28.0,63.0,"*Sumur Low*
BN-014 : 8 (-8) KA Naik (+3%) 
B-181 : 12 (-7) Gross Turun (-441) Pkl 15.40 tutup sumur/GI imbangi debit Air MGS, efek Gangguan Eksternal Feeder F9 (Pompa Water Injection Trip)
B-081 : 14 (-7) Gross Turun (-382) Pkl 15.30 tutup sumur/GI imbangi debit Air MGS, efek Gangguan Eksternal Feeder F9 (Pompa Water Injection Trip)
B-148 : 0 (-5) Gross Turun (-5) 
B-147 : 11 (-5) KA Naik (+0.4%) Pkl 15.06 - 15.36 ESP off due to disabling power Supply, Autorestart ESP. Gangguan Eksternal Feeder F9
B-231 : 16 (-5) KA Naik (+1.6%) 
 B-096 : 11 (-5) Gross Turun (-292) Pkl 15.50 tutup sumur/GI imbangi debit Air MGS, efek Gangguan Eksternal Feeder F9 (Pompa Water Injection Trip)
BN-017 : 14 (-5) KA Naik (+3.4%) 
BN-039 : 52 (-4) Gross Turun (-118) Pkl 15.12 - 15.45 ESP off due to disabling power Supply, Autorestart ESP. Gangguan Eksternal Feeder F9
B-144 : 18 (-4) Gross Turun (-146) Pkl 20.00 tutup sumur/GI imbangi debit Air MGS, efek Gangguan Eksternal Feeder F9 (Pompa Water Injection Trip)
B-229 : 7 (-4) Gross Turun (-177) Pkl 16.00 tutup sumur/GI imbangi debit Air MGS, efek Gangguan Eksternal Feeder F9 (Pompa Water Injection Trip)
B-191 : 45 (-3) Gross Turun (-17) Pkl 15.11 - 16.53 ESP off due to disabling power Supply, Autorestart ESP. Gangguan Eksternal Feeder F9
BN-018 : 100 (-2) Gross Turun (-53) Pkl 15.14 - 15.44 ESP off due to disabling power Supply, Autorestart ESP. Gangguan Eksternal Feeder F9
B-213 : 34 (-2) Gross Turun (-6) Pkl 15.13 - 16.53 ESP off due to disabling power Supply, Autorestart ESP. Gangguan Eksternal Feeder F9
B-125 : 27 (-2) KA Naik (+0.6%) 
B-238 : 24 (-1) Gross Turun (-36) Pkl 15.16 - 15.46 ESP off due to disabling power Supply, Autorestart ESP. Gangguan Eksternal Feeder F9
B-160 : 63 (-1) Gross Turun (-52) Pkl 15.09 - 15.39 ESP off due to disabling power Supply, Autorestart ESP. Gangguan Eksternal Feeder F9
B-136 : 38 (-1) Gross Turun (-46) Pkl 15.06 - 15.36 ESP off due to disabling power Supply, Autorestart ESP. Gangguan Eksternal Feeder F9

*Sumur Gain*
B-179 : 125 (+32) KA Turun (-2.4%) Pkl 15.18 - 16.48 ESP off due to disabling power Supply, Autorestart ESP. Gangguan Eksternal Feeder F9
B-219 : 16 (+14) Gross Naik (+586) Prod. 24 jam, ex. Program perbaikan Flowline. Pkl 10.57 Update GI 294 Mscfd
B-198 : 64 (+3) Gross Naik (+26) 
B-146 : 19 (+3) Gross Naik (+45) Pkl 15.13 - 15.53 ESP off due to disabling power Supply, Autorestart ESP. Gangguan Eksternal Feeder F9
B-236 : 30 (+3) KA Turun (-1%) Pkl 00.15 update GI 331 Mscfd
BN-058 : 51 (+3) Gross Naik (+101) 
B-206 : 28 (+1) KA Turun (-0.6%) Pkl 15.18 - 15.48 ESP off due to disabling power Supply, Autorestart ESP. Gangguan Eksternal Feeder F9",6966.617352895149,4472.568340558686,7107.156409951203,4562.794415188672,8573.1683,4356.0,4572.89375,0.0,216.89375000000018,6204.3125,8754.375,1823.0,4373.0625,1154.0,2077.5416666666665,1574.0,2497.5416666666665,2851.666666666667,3352.0208333333335,293.0,793.3541666666665,14565.979166666668,18756.83125,3690.0,7880.852083333333,4.0,15.9,0.0,400.0,20549.1982,4.0,24.375,43.134,226.625,8756.4175,29305.6157,20838.9724,26.525,405.386,80.0,1839.5323,573.625,323.1,0.0,-60.4,3187.7682999999997,338.6,80.19999999999999,4457.2,470.8,5346.8,38.6,0.0,0.0,38.6,0.0,5217.9054587883475,3057.940415131719,297.32242607993174,0.813,1.6185,2.0257,0.3386,0.3,0.81,28.0,614.8,4.0,0,
2026-05-16,2160.07241441754,2124.687424200215,1750.071,1750.07,0.0,1615.07,77.0,0.0,0.0,0.0,0.0,58.0,0.0,9917.5,432.5,11613.583333333334,699.28125,7030.0,229.0,7064.583333333334,278.625,111.0,35625.66666666667,1750.40625,33986.26041666667,37699.062999999995,37431.75,5.0,39.0,16.0,28.0,60.0,"*Sumur Low*
 B-096 : 0 (-11) Gross Turun (-583) Shut in 24 jam, imbangi debit Air MGS, efek Gangguan Eksternal Feeder F9 (Pompa Water Injection Trip)
B-144 : 6 (-11) Gross Turun (-476) Pkl 16.50 buka sumur/GI, ex imbangi debit air MGS
B-081 : 7 (-7) Gross Turun (-337) Pkl 16.00 buka sumur/GI, ex imbangi debit air MGS
B-229 : 0 (-7) Gross Turun (-354) Shut in 24 jam, imbangi debit Air MGS, efek Gangguan Eksternal Feeder F9 (Pompa Water Injection Trip)
B-181 : 6 (-6) Gross Turun (-415) Pkl 16.30 buka sumur/GI, ex imbangi debit air MGS
B-220 : 13 (-6) KA Naik (+1.3%) Prod. 24 jam, ex. ESP Off due to disabling power Supply. Gangguan Eksternal Feeder F9
B-202 : 20 (-4) KA Naik (+7.1%) 
BN-022 : 15 (-2) Gross Turun (-46) 
B-179 : 123 (-2) KA Naik (+0.8%) Prod. 24 jam, ex. ESP Off due to disabling power Supply. Gangguan Eksternal Feeder F9

*Sumur Gain*
B-212 : 63 (+4) KA Turun (-13.5%) 
B-191 : 49 (+3) Gross Naik (+17) Prod. 24 jam, ex. ESP Off due to disabling power Supply. Gangguan Eksternal Feeder F9
B-132 : 30 (+3) KA Turun (-1.5%) 
BN-038 : 19 (+3) KA Turun (-1%) 
BN-018 : 102 (+2) Gross Naik (+104) Prod. 24 jam, ex. ESP Off due to disabling power Supply. Gangguan Eksternal Feeder F9
B-213 : 36 (+2) Gross Naik (+6) Prod. 24 jam, ex. ESP Off due to disabling power Supply. Gangguan Eksternal Feeder F9
BN-024 : 13 (+2) KA Turun (-0.1%) 
B-146 : 21 (+2) Gross Naik (+62) Prod. 24 jam, ex. ESP Off due to disabling power Supply. Gangguan Eksternal Feeder F9
BN-058 : 53 (+2) Gross Naik (+64) 
BN-039 : 53 (+1) Gross Naik (+43) Prod. 24 jam, ex. ESP Off due to disabling power Supply. Gangguan Eksternal Feeder F9
B-238 : 25 (+1) Gross Naik (+36) Prod. 24 jam, ex. ESP Off due to disabling power Supply. Gangguan Eksternal Feeder F9
B-160 : 64 (+1) Gross Naik (+70) Prod. 24 jam, ex. ESP Off due to disabling power Supply. Gangguan Eksternal Feeder F9
B-136 : 39 (+1) Gross Naik (+46) Prod. 24 jam, ex. ESP Off due to disabling power Supply. Gangguan Eksternal Feeder F9
B-206 : 29 (+1) Gross Naik (+5) Prod. 24 jam, ex. ESP Off due to disabling power Supply. Gangguan Eksternal Feeder F9",6966.617352895149,4472.568340558686,7107.156409951203,4562.794415188672,8657.7661,4356.0,4584.0,0.0,228.0,5767.75,8458.75,1541.0,4232.0,1154.0,2151.0,1574.0,2571.0,2130.8333333333335,2640.8333333333335,293.0,803.0,13408.583333333334,17834.583333333336,3408.0,7834.0,4.0,16.1,0.0,402.0,19720.844399999998,4.0,24.791666666666668,164.24099999999999,268.375,9184.984400000001,28905.8288,20354.487699999998,26.425,407.446,80.0,1812.2784,576.4167,322.1,0.0,-30.0,3194.6661,333.8,78.8,4546.9,471.5,5431.0,32.099999999999994,0.0,0.0,32.099999999999994,0.0,5328.4504608823145,2995.9425214076246,333.37311771005994,0.9574,1.5031,2.0864,0.3338,0.3,0.9548,28.0,641.8,4.0,0,
2026-05-17,2160.07241441754,2124.687424200215,1790.055,1790.046,0.0,1646.046,85.0,0.0,0.0,0.0,0.0,59.0,0.0,10111.0,420.5,13248.5,722.5,7363.0,235.0,8843.604166666668,306.2708333333333,106.0,39566.10416666667,1790.2708333333333,37881.833333333336,38315.502666626926,38213.29166662693,5.0,41.0,16.0,28.0,62.0,"*Sumur Gain*
B-144 : 21 (+15) Gross Naik (+622) Prod. 24 jam, ex. Buka sumur
B-081 : 21 (+14) Gross Naik (+719) Prod. 24 jam, ex. Buka sumur
B-181 : 19 (+13) Gross Naik (+855) Prod. 24 jam, ex. Buka sumur
 B-096 : 6 (+6) Gross Naik (+328) Pkl 15.00 buka sumur/GI ex imbangi debit Air MGS, efek Gangguan Eksternal Feeder F9 (Pompa Water Injection Trip)
B-125 : 32 (+5) Gross Naik (+117) 
B-211 : 14 (+5) Gross Naik (+5) 
BN-014 : 11 (+3) Gross Naik (+193) 
B-231 : 19 (+3) Gross Naik (+40) 
B-234 : 27 (+3) KA Turun (-6.6%) 
B-140 : 43 (+3) KA Turun (-0.1%) 
B-146 : 24 (+3) Gross Naik (+173) 
B-229 : 2 (+2) Gross Naik (+198) Pkl 15.30 buka sumur/GI ex imbangi debit Air MGS, efek Gangguan Eksternal Feeder F9 (Pompa Water Injection Trip)
B-199 : 104 (+2) Gross Naik (+136) 
B-238 : 27 (+2) Gross Naik (+375) 

*Sumur Low*
BN-026 : 13 (-14) Gross Turun (-44) Pkl 08.10 Optimasi GI 405 Mscfd
BN-058 : 45 (-8) KA Naik (+3.1%) 
B-197 : 0 (-5) KA Naik (+4.9%) Pkl 11.00 bean up ke SA 38 tambah suction SKG Bunyu
BN-017 : 11 (-3) Gross Turun (-22) 
B-243 : 68 (-3) KA Naik (+0.1%) 
B-191 : 48 (-1) Gross Turun (-23) ",6966.617352895149,4472.568340558686,7107.156409951203,4562.794415188672,7627.664500000001,4353.5,4581.5,0.0,228.0,6092.0,8984.0,1953.0,4845.0,1114.0,2174.0,1587.0,2647.0,2690.25,3169.25,293.0,772.0,14249.75,18908.75,3833.0,8492.0,4.0,16.0,0.2,398.0,19554.9074,4.0,24.541666666666668,0.0,211.125,8871.0166,28425.924,20904.6845,26.425,407.954,80.0,1855.3605,623.125,335.0,0.0,-49.9,3277.9645,329.79999999999995,80.8,3483.8999999999996,412.5,4307.0,42.7,0.0,0.0,42.7,0.0,4544.656004293613,2804.8558083754847,278.1526873309022,0.4259,1.4247,1.6333,0.3298,0.3,0.9196,28.0,650.417,4.0,0,
2026-05-18,2160.07241441754,2124.687424200215,1785.082,1785.078,0.0,1631.078,85.0,0.0,0.0,0.0,0.0,69.0,0.0,10165.75,411.75,13334.0,714.0,7163.0,240.0,9608.5,314.5,105.0,40271.25,1785.25,38591.0,38730.05266668653,38630.666666686535,5.0,41.0,16.0,28.0,62.0,"*Sumur Low*
B-186 : 4 (-18) Gross Turun (-49) 
B-144 : 13 (-8) Gross Turun (-194) 
BN-038 : 11 (-8) KA Naik (+1.4%) 
B-125 : 29 (-3) Gross Turun (-127) 
B-232 : 11 (-3) Gross Turun (-45) 
B-081 : 19 (-2) KA Naik (+0.2%) 
BN-022 : 13 (-2) KA Naik (+0.2%) 
B-169 : 19 (-2) Gross Turun (-22)

*Sumur Gain*
 B-096 : 16 (+10) Gross Naik (+547) Prod. 24 jam, ex. buka sumur/GI ex imbangi debit Air MGS, efek Gangguan Eksternal Feeder F9 (Pompa Water Injection Trip)
B-195 : 8 (+8) KA Turun (-4.6%) 
B-140 : 48 (+5) KA Turun (-0.2%) 
B-229 : 5 (+3) Gross Naik (+361) Prod. 24 jam, ex. buka sumur/GI ex imbangi debit Air MGS, efek Gangguan Eksternal Feeder F9 (Pompa Water Injection Trip)
B-225 : 26 (+3) Gross Naik (+54) 
B-233 : 11 (+3) Gross Naik (+10) 
BN-039 : 56 (+3) Gross Naik (+195) 
B-132 : 33 (+3) Gross Naik (+35) 
BN-058 : 48 (+3) KA Turun (-9.8%) Pkl 06.25 update GI 245 Mscfd",6966.617352895149,4472.568340558686,7107.156409951203,4562.794415188672,8039.491899999999,4353.5,4587.0,0.0,233.5,6043.0,9016.0,1953.0,4926.0,1035.0,1585.0,1513.0,2063.0,3170.0,3646.0,293.0,769.0,14601.5,18834.0,3759.0,7991.5,4.0,16.8,0.0,401.0,20939.5806,4.0,25.0,0.0,275.791666666667,8755.221,29694.8016,21761.634700000002,26.325,402.898,80.0,1850.2022,577.1667,329.2,0.0,-40.0,3225.7919,335.7,78.8,3970.6,395.9,4781.0,32.7,0.0,0.0,32.7,0.0,4709.842951728017,3022.6600381476155,306.9889101243672,0.8385,1.6212,1.5109,0.3357,0.3,0.9596,28.0,650.4,4.0,0,
2026-05-19,2160.07241441754,2124.687424200215,1765.048,1765.061,0.0,1635.061,77.0,0.0,0.0,0.0,0.0,53.0,0.0,10129.25,418.75,13370.5,715.75,7094.5,217.5,9632.5,303.5,109.0,40226.75,1764.5,38571.25,38873.41333331347,38757.458333313465,5.0,41.0,16.0,28.0,62.0,"*Sumur Low*
 B-096 : 0 (-16) KA Naik (+1.8%) 
B-234 : 19 (-8) Gross Turun (-59) 
B-146 : 16 (-8) KA Naik (+1%) 
B-217 : 35 (-5) KA Naik (+0.6%) 
B-181 : 15 (-4) KA Naik (+0.2%) 
BN-058 : 44 (-4) KA Naik (+5.3%) 
B-125 : 27 (-3) KA Naik (+0.3%)

*Sumur Gain*
B-186 : 10 (+6) Gross Naik (+6) 
B-219 : 19 (+3) Gross Naik (+138) 
BN-024 : 16 (+3) KA Turun (-0.2%) 
B-229 : 8 (+3) KA Turun (-0.4%) 
BN-038 : 13 (+2) KA Turun (-0.4%) 
B-169 : 21 (+2) Gross Naik (+38) 
B-231 : 21 (+2) KA Turun (-1.3%) 
B-203 : 27 (+2) Gross Naik (+60)",6966.617352895149,4472.568340558686,7107.156409951203,4562.794415188672,8130.451199999999,4351.0,4598.0,0.0,247.0,6048.0,9088.0,1801.0,4841.0,1035.0,1649.0,1516.0,2130.0,3170.0,3646.0,293.0,769.0,14604.0,18981.0,3610.0,7987.0,4.0,16.9,0.0,399.0,20472.5515,4.0,24.75,210.49,259.666666666667,10774.1543,31246.705800000003,23332.8925,26.475,404.675,80.0,1753.055,576.0833,322.2,0.0,-49.6,3112.8883,365.0,79.2,4084.6,346.2,4875.0,142.56289999999998,0.0,0.0,142.56289999999998,0.0,4903.516142531612,2907.295433479403,319.639623988982,0.8881,1.644,1.5525,0.365,0.3,0.954,28.0,650.4,4.0,0,
2026-05-20,2160.07241441754,2124.687424200215,1760.061,1760.059,0.0,1625.059,82.0,0.0,0.0,0.0,0.0,53.0,0.0,10167.125,424.0,13027.75,703.25,7166.0,219.0,9657.5,307.0,107.0,40018.375,1760.25,38365.125,38429.74,38680.125,5.0,41.0,16.0,28.0,62.0,"*Sumur Low*
B-224 : 24 (-9) KA Naik (+1.4%) Pkl 11.00 update GI 340 Mscfd
B-219 : 11 (-8) Gross Turun (-192) Pkl 15.30 update GI 294 Mscfd
B-136 : 32 (-6) KA Naik (+0.3%) 
B-213 : 32 (-4) KA Naik (+16.5%) 
B-125 : 24 (-3) KA Naik (+0.3%) 
BN-058 : 43 (-1) Gross Turun (-13)

*Sumur Gain*
B-185 : 24 (+5) KA Turun (-1%) 
B-227 : 16 (+5) Gross Naik (+139) Pkl 16.50 Optimasi GI 342 Mscfd
B-179 : 126 (+3) KA Turun (-0.9%) 
B-216 : 30 (+3) Gross Naik (+59) 
B-208 : 24 (+3) Gross Naik (+134) 
B-146 : 19 (+3) KA Turun (-0.7%) 
BN-014 : 13 (+2) KA Turun (-0.4%) 
B-220 : 15 (+2) KA Turun (-1.1%) 
B-234 : 21 (+2) KA Turun (-0.5%)",6966.617352895149,4472.568340558686,7107.156409951203,4562.794415188672,8401.4699,4351.0,4583.625,0.0,232.625,6068.0,9232.0,1801.0,4965.0,1035.0,1721.0,1495.0,2181.0,3045.833333333333,3493.833333333333,312.0,760.0,14499.833333333332,19030.458333333332,3608.0,8138.625,4.0,16.4,0.0,400.0,21401.5928,4.0,25.0,0.0,289.083333333333,11855.2318,33256.8246,24961.554699999997,26.2,403.933,80.0,1865.2536,577.5833,321.6,0.0,-40.0,3234.5699,311.2,80.19999999999999,4363.4,382.9,5137.699999999999,29.2,0.0,0.0,29.2,0.0,5119.155782960881,2948.2373293277433,334.07678771137637,0.9871,1.6271,1.7492,0.3112,0.3,0.9613,28.0,650.4,4.0,0,
2026-05-21,2160.07241441754,2124.687424200215,1762.085,1762.079,0.0,1620.079,89.0,0.0,0.0,0.0,0.0,53.0,0.0,10137.0,431.0,13182.375,701.5,7287.0,223.5,9506.0,295.0,111.0,40112.375,1762.0,38461.375,38544.838333343265,38500.08333334327,5.0,42.0,16.0,28.0,63.0,"*Sumur Gain*
B-223 : 28 (+5) Gross Naik (+120) 
B-208 : 27 (+3) Gross Naik (+54) Pkl. 07.00 Bean UP SB 33 ke SB 43
BN-038 : 16 (+3) KA Turun (-1.1%) 
B-144 : 16 (+3) KA Turun (-0.2%) 
BN-026 : 16 (+3) Gross Naik (+40) 
B-125 : 27 (+3) KA Turun (-0.3%) 
B-146 : 21 (+2) KA Turun (-0.3%) 
BN-024 : 18 (+2) KA Turun (-0.2%) 
B-243 : 70 (+2) KA Turun (-0.1%) 
BN-058 : 45 (+2) Gross Naik (+96) 

*Sumur Low*
B-227 : 4 (-12) Gross Turun (-148) 
B-224 : 17 (-6) KA Naik (+1.2%) 
B-229 : 5 (-3) KA Naik (+0.3%) 
B-160 : 62 (-3) KA Naik (+0.1%) 
B-191 : 46 (-3) KA Naik (+1.9%) 
BN-039 : 54 (-3) Gross Turun (-96) 
B-173 : 37 (-2) KA Naik (+1%) ",6966.617352895149,4472.568340558686,7107.156409951203,4562.794415188672,8355.038900000001,4403.1875,4586.1875,0.0,183.0,6068.0,9290.0,1801.0,5023.0,1035.0,1720.0,1666.0,2351.0,2990.0,3438.0,312.0,760.0,14496.1875,19034.1875,3779.0,8317.0,4.0,16.7,0.0,403.0,21480.318100000004,4.0,24.9583333333333,9.679,301.583333333333,11886.4225,33366.740600000005,25118.176700000007,26.475,397.654,80.0,1864.8682,576.5417,326.7,0.0,-35.3,3236.938899999999,341.9,80.0,4283.5,385.1,5090.5,27.599999999999998,0.0,0.0,27.599999999999998,0.0,5206.7051363111705,2869.0622939040522,279.2714697847783,0.7326,1.7282,1.8227,0.3419,0.3,1.0859,28.0,649.6,4.0,0,
2026-05-22,2160.07241441754,2124.687424200215,1760.099,1760.106,0.0,1612.606,92.0,0.0,0.0,0.0,0.0,55.5,0.0,10256.75,426.25,13292.875,699.1666666666667,7219.0,230.5,9678.5,290.0,114.0,40447.125,1759.9166666666667,38801.208333333336,38844.7349999702,38816.9999999702,6.0,41.0,15.0,28.0,62.0,"*Sumur Low*
B-132 : 29 (-5) KA Naik (+1.2%) 
B-213 : 27 (-5) Gross Turun (-24) Pkl. 05.23 - 06.40, Pkl. 16.15 - 17.57, dan Pkl. 20.38 - 22.02 ESP Off, Low intake pressure
B-227 : 0 (-4) Gross Turun (-4) 
B-125 : 23 (-4) KA Naik (+0.4%) 
BN-022 : 11 (-3) Gross Turun (-72) 
BN-038 : 14 (-3) KA Naik (+0.7%) 
B-195 : 7 (-2) KA Naik (+1%) 
BN-026 : 15 (-2) Gross Turun (-14) 
B-173 : 36 (-1) KA Naik (+2.5%) 
B-216 : 30 (-1) Gross Turun (-35) 
B-236 : 30 (-1) Gross Turun (-10)

*Sumur Gain*
B-140 : 53 (+5) KA Turun (-0.3%) 
BN-036 : 3 (+3) KA Turun (-1.1%) Prod 24 jam,ex. Start sumur,ex. tutup gas injeksi sumur jasi SA lanjut Bean down ke SA 18
B-206 : 32 (+3) Gross Naik (+112) 
B-146 : 24 (+3) KA Turun (-0.4%) 
BN-058 : 48 (+3) KA Turun (-0.6%) 
B-081 : 21 (+2) KA Turun (-0.1%) 
B-233 : 13 (+2) Gross Naik (+6) 
B-220 : 16 (+1) Gross Naik (+113) 
B-225 : 27 (+1) Gross Naik (+107)",6966.617352895149,4472.568340558686,7107.156409951203,4562.794415188672,8713.3939,4135.0,4554.0,673.0,1092.0,6068.0,9322.5,1801.0,5055.5,1035.0,1816.0,1558.0,2339.0,3049.0,3499.0,312.0,762.0,14287.0,19191.5,4344.0,9248.5,4.0,16.8,0.0,404.0,21514.656499999997,4.0,24.875,0.0,281.25,11851.428799999998,33366.08529999999,24759.241399999995,26.55,411.948,80.0,1870.0709,577.125,320.90000000000003,0.0,-3.1,3283.4939000000004,341.6,79.39999999999999,4568.5,415.4,5404.9,25.0,0.0,0.0,25.0,0.0,5131.372641655405,3324.81668087798,257.20457746661623,0.149,1.608,2.8115,0.3416,0.3,0.9036,28.0,649.0,4.0,0,
2026-05-23,2160.07241441754,2124.687424200215,1764.033,1764.024,0.0,1611.774,98.0,0.0,0.0,0.0,0.0,54.25,0.0,10314.25,430.0,13249.625,689.625,7243.0,234.5,8953.0,301.0,109.0,39759.875,1764.125,38104.75,38179.58266665673,38199.04166665673,6.0,39.0,15.0,28.0,60.0,"*Sumur Gain*
BN-014 : 19 (+6) KA Turun (-1.1%) 
B-229 : 8 (+3) Gross Naik (+261) 
B-234 : 24 (+3) Gross Naik (+72) 
B-147 : 14 (+3) KA Turun (-0.5%) 
B-159 : 11 (+3) Gross Naik (+5) 
B-198 : 66 (+2) Gross Naik (+5) 
B-208 : 29 (+2) Gross Naik (+56) 
B-125 : 24 (+1) KA Turun (-0.3%) 

*Sumur Low*
B-211 : 10 (-5) Gross Turun (-6) 
B-203 : 24 (-3) KA Naik (+1%) 
B-185 : 23 (-2) Gross Turun (-19) 
BN-018 : 101 (-2) KA Naik (+0.1%) 
B-173 : 35 (-1) Gross Turun (-1) 
B-181 : 14 (-1) KA Naik (+0.1%) 
BN-036 : 1 (-1) KA Naik (+0.6%) 
BN-026 : 14 (-1) KA Naik (+3.1%) ",6966.617352895149,4472.568340558686,7107.156409951203,4562.794415188672,8802.0618,3970.0,4554.0,712.0,1296.0,5876.0,9371.0,1801.0,5296.0,1035.0,1824.0,1505.0,2294.0,2674.0,3145.0,312.0,783.0,13555.0,18894.0,4330.0,9669.0,4.0,16.7,0.0,407.0,21117.5991,4.0,24.833333333333332,0.0,290.5833333333333,12004.969500000001,33122.5686,24426.931800000002,26.425,398.056,80.0,1834.1975,575.0833,318.79999999999995,0.0,65.7,3298.2618,342.8,81.19999999999999,4664.799999999999,389.7,5478.499999999999,25.3,0.0,0.0,25.3,0.0,5265.397192181196,3248.0873412348737,288.57726658392795,0.3301,1.5712,2.7635,0.3428,0.3,1.1294,28.0,644.6,4.0,0,
2026-05-24,2160.07241441754,2124.687424200215,1761.055,1761.086,0.0,1614.086,94.0,0.0,0.0,0.0,0.0,53.0,0.0,10111.75,422.25,13310.5,684.1145833333333,7326.0,238.5,9154.25,303.75,112.0,39902.5,1760.6145833333333,38253.885416666664,38381.808,38313.125,6.0,39.0,15.0,28.0,60.0,"*Sumur Low*
B-191 : 39 (-7) Gross Turun (-39) ESP Stop at 10.04-13.43, Found surface cable short (Indication pinch by excavator)
B-243 : 66 (-4) Gross Turun (-150) ESP Auto Stop at 06.22-07.53, Due to engine alternator broken
B-146 : 20 (-4) KA Naik (+0.7%) 
B-208 : 27 (-3) Gross Turun (-73) 
B-186 : 8 (-3) KA Naik (+66.7%) 
BN-017 : 8 (-3) Gross Turun (-19) 
B-173 : 32 (-3) Gross Turun (-16) 
B-132 : 28 (-1) Gross Turun (-11) 
B-231 : 20 (-1) KA Naik (+0.4%) 
B-199 : 103 (-1) KA Naik (+0.1%) 
BN-036 : 0 (-1) KA Naik (+0.5%)

*Sumur Gain*
B-234 : 29 (+5) Gross Naik (+38) 
B-232 : 15 (+4) KA Turun (-1.4%) 
BN-024 : 21 (+3) KA Turun (-0.5%) 
B-220 : 19 (+3) Gross Naik (+280) 
BN-058 : 51 (+3) KA Turun (-0.6%) 
B-216 : 31 (+2) KA Turun (-0.3%) 
B-179 : 128 (+2) Gross Naik (+189) 
B-217 : 37 (+2) Gross Naik (+35)",6966.617352895149,4472.568340558686,7107.156409951203,4562.794415188672,8783.6149,3970.0,4554.0,519.5,1103.5,5876.0,9309.1875,1801.0,5234.1875,1035.0,1828.0,1471.0,2264.0,2674.0,3146.0,312.0,784.0,13555.0,18837.1875,4103.5,9385.6875,4.0,16.3,0.0,403.0,20297.6354,4.0,24.875,99.716,273.5416666666667,11884.761199999999,32182.3966,23505.5317,26.75,402.962,80.0,1800.2279,574.875,313.2,0.0,119.6,3317.6149,360.3,82.69999999999999,4611.1,400.4,5454.5,11.5,0.0,0.0,11.5,0.0,5324.237792265484,3165.519563617476,293.8575441170399,0.1369,1.674,2.8002,0.3603,0.3,1.258,28.0,647.8,4.0,0,
2026-05-25,2160.07241441754,2124.687424200215,1766.077,1766.091,0.0,1621.591,89.5,0.0,0.0,0.0,0.0,55.0,0.0,10206.125,419.875,13325.875,703.375,7238.0,231.75,9094.25,301.75,109.0,39864.25,1765.75,38207.5,38424.735,38203.75,6.0,40.0,15.0,28.0,61.0,"*Sumur Gain*
B-243 : 75 (+9) KA Turun (-0.3%) Prod. 24 jam, ex. ESP Auto Stop, Due to engine alternator broken
B-191 : 45 (+6) Gross Naik (+68) Prod. 24 jam, ex. ESP Stop, Found surface cable short (Indication pinch by excavator)
B-125 : 27 (+3) KA Turun (-0.3%) 
B-207 : 13 (+3) Gross Naik (+6) 
B-102 : 35 (+2) KA Turun (-0.3%) 
B-206 : 34 (+2) Gross Naik (+122) 
BN-022 : 11 (+1) KA Turun (-0.4%) 

*Sumur Low*
B-146 : 16 (-5) KA Naik (+0.8%) 
B-160 : 57 (-4) KA Naik (+0.1%) 
B-216 : 29 (-2) KA Naik (+0.3%) 
B-173 : 31 (-1) KA Naik (+6.8%) 
B-147 : 13 (-1) Gross Turun (-80) 
B-198 : 65 (-1) Gross Turun (-5) 
B-236 : 28 (-1) KA Naik (+0.6%) 
BN-039 : 53 (-1) Gross Turun (-75) 
BN-026 : 12 (-1) KA Naik (+3.5%) 
B-234 : 28 (-1) Gross Turun (-38) ",6966.617352895149,4472.568340558686,7107.156409951203,4562.794415188672,8702.473199999999,3646.0,4551.0,348.5,1253.5,5876.0,9264.0,1801.0,5189.0,1035.0,1820.0,1456.0,2241.0,2565.395833333333,3032.3958333333335,312.0,779.0000000000005,13122.395833333332,18667.395833333336,3917.5,9462.5,4.0,16.4,0.0,400.0,19966.421,4.0,24.375,268.52000000000004,269.9166666666667,11745.2832,31711.7042,23115.556,26.325,402.534,80.0,1784.4475,574.1667,321.2,0.0,139.3,3327.9732000000004,361.70000000000005,89.89999999999999,4548.5,374.40000000000003,5374.5,0.0,0.0,0.0,0.0,0.0,5553.948285844121,2873.54055623778,274.9843579180977,0.0,1.7186,2.8299,0.3617,0.3494,1.4414,28.0,649.4,4.0,0,
2026-05-26,2160.07241441754,2124.687424200215,1760.072,1760.103,0.0,1617.103,88.0,0.0,0.0,0.0,0.0,55.0,0.0,10254.208333333334,422.4375,13239.104166666666,697.9166666666666,7195.25,224.75,8850.666666666666,302.91666666666663,112.0,39539.229166666664,1760.020833333333,37891.20833333333,37992.505333343266,37902.83333334327,6.0,40.0,16.0,28.0,62.0,"*Sumur Low*
BN-058 : 47 (-4) KA Naik (+1.3%) 
B-234 : 25 (-4) Gross Turun (-31) 
B-224 : 15 (-2) KA Naik (+0.4%) 
B-223 : 26 (-2) KA Naik (+1%) 
B-225 : 26 (-2) KA Naik (+0.2%) 
B-220 : 18 (-2) Gross Turun (-180) 
B-207 : 12 (-1) Gross Turun (-2) Tutup sumur jam 09.40-11.40, Perbaikan K-3 SKG Bunyu
B-186 : 7 (-1) Gross Turun (-2) Tutup sumur jam 09.35-11.35, Perbaikan K-3 SKG Bunyu
B-229 : 7 (-1) Gross Turun (-55) Tutup sumur jam 09.30-11.30, Perbaikan K-3 SKG Bunyu
B-159 : 10 (-1) Gross Turun (-1) Tutup sumur jam 10.00-12.00, Perbaikan K-3 SKG Bunyu
BN-038 : 12 (-1) KA Naik (+0.3%) 
B-233 : 12 (-1) Gross Turun (-2) Tutup sumur jam 09.55-11.55, Perbaikan K-3 SKG Bunyu
B-211 : 9 (-1) Gross Turun (-1) Tutup sumur jam 09.45-11.45, Perbaikan K-3 SKG Bunyu
B-232 : 14 (-1) Gross Turun (-23) Tutup sumur jam 09.55-11.55, Perbaikan K-3 SKG Bunyu
BN-026 : 11 (-1) Gross Turun (-20) 
B-216 : 28 (-1) KA Naik (+0.2%)

*Sumur Gain*
B-132 : 32 (+4) Gross Naik (+24) 
BN-017 : 11 (+3) KA Turun (-3%) 
B-219 : 14 (+3) KA Turun (-0.5%) 
B-081 : 23 (+2) KA Turun (-0.3%) 
BN-018 : 102 (+2) Gross Naik (+26) 
B-208 : 27 (+1) KA Turun (-0.2%) 
B-231 : 21 (+1) KA Turun (-0.5%) 
B-146 : 16 (+1) KA Turun (-0.2%)",6966.617352895149,4472.568340558686,7107.156409951203,4562.794415188672,8704.2994,3646.0,4395.9375,336.0,1085.9375,5742.999999999999,9101.416666666666,1801.0,5159.416666666667,1442.0,2248.0,1456.0,2262.0,2344.8541666666665,2810.8541666666665,312.0,778.0,13175.854166666666,18556.208333333332,3905.0,9285.354166666668,4.0,16.6,0.1,405.0,20178.3858,4.0,24.666666666666668,207.615,287.5833333333333,11866.9066,32045.2924,23447.493,26.5,400.596,80.0,1795.6951,575.2083,329.0,0.0,115.2,3322.1993999999995,267.1,153.4,4585.3,376.3,5382.1,0.0,0.0,0.0,0.0,0.0,5465.563443514317,2920.070914293791,318.6650421918926,0.0,1.7727,2.8126,0.2671,0.7526,1.2241,28.0,644.6,4.0,0,
2026-05-27,2160.07241441754,2124.687424200215,1767.055,1767.046,0.0,1619.046,93.0,0.0,0.0,0.0,0.0,55.0,0.0,10780.0625,429.9375,13064.34375,704.84375,5485.5,213.25,8766.5,310.5,108.0,38096.40625,1766.53125,36437.875,36558.1019999702,36587.9999999702,6.0,40.0,16.0,28.0,62.0,"*Sumur Gain*
B-179 : 134 (+6) KA Turun (-0.7%) 
B-198 : 70 (+5) Gross Naik (+39) 
B-146 : 21 (+5) KA Turun (-0.9%) 
B-229 : 11 (+4) KA Turun (-0.4%) Prod. 24 jam, ex. Perbaikan K-3 SKG Bunyu
B-237 : 19 (+3) KA Turun (-2.5%) 
B-173 : 34 (+3) Gross Naik (+12) 
B-147 : 16 (+3) KA Turun (-0.2%) 
BN-017 : 14 (+3) Gross Naik (+73) 
BN-022 : 13 (+2) Gross Naik (+155) 
B-213 : 29 (+2) KA Turun (-3.6%) 
B-207 : 13 (+1) Gross Naik (+2) Prod. 24 jam, ex. Perbaikan K-3 SKG Bunyu
B-186 : 8 (+1) Gross Naik (+2) Prod. 24 jam, ex. Perbaikan K-3 SKG Bunyu
B-159 : 11 (+1) Gross Naik (+1) Prod. 24 jam, ex. Perbaikan K-3 SKG Bunyu
B-233 : 13 (+1) Gross Naik (+2) Prod. 24 jam, ex. Perbaikan K-3 SKG Bunyu

*Sumur Low*
B-140 : 37 (-16) Gross Turun (-1668) 
B-206 : 29 (-5) Gross Turun (-277) 
B-211 : 5 (-3) Gross Turun (-4) Tutup sumur jam 13.50, Program Stimulasi Pralax
B-185 : 19 (-3) KA Naik (+0.4%) 
B-195 : 5 (-2) Gross Turun (-74) 
B-234 : 24 (-1) Gross Turun (-34) ",6966.617352895149,4472.568340558686,7107.156409951203,4562.794415188672,8003.1316,3646.0,4469.0,321.5,1144.5,5788.0625,9009.9375,1801.0,5022.875,1394.0,2241.0,1477.0,2324.0,2674.0,3144.0,312.0,782.0,13502.0625,18863.9375,3911.5,9273.375,4.0,16.3,0.2,400.0,20251.1873,4.0,22.6666666666667,0.0,251.083333333333,9731.2433,29982.4306,22085.724000000002,26.425,415.02,80.0,1808.4616,575.125,320.5,0.0,158.5,3384.0316000000003,149.1,104.8,4008.2,357.0,4619.099999999999,0.0,0.0,0.0,0.0,0.0,4892.366872789033,2794.898479420923,315.8662477900441,0.0,1.533,2.4752,0.1491,0.584,1.3604,28.0,637.56,4.0,0,
2026-05-28,2160.07241441754,2124.687424200215,1776.083,1776.092,0.0,1625.092,96.0,0.0,0.0,0.0,0.0,55.0,0.0,10865.75,440.75,13154.0625,700.375,5962.25,210.625,8801.25,311.75,112.0,38783.3125,1775.5,37119.8125,37125.976,37191.75,6.0,39.0,16.0,28.0,61.0,"*Sumur Gain*
B-234 : 29 (+5) Gross Naik (+346) 
B-173 : 38 (+5) KA Turun (-6.7%) 
B-217 : 41 (+4) KA Turun (-0.5%) 
BN-026 : 15 (+3) KA Turun (-11.3%) 
B-144 : 19 (+3) KA Turun (-0.5%) 
B-146 : 24 (+3) Gross Naik (+42) 
BN-017 : 16 (+2) KA Turun (-4.9%) 
B-216 : 29 (+1) Gross Naik (+73) 
B-199 : 104 (+1) Gross Naik (+48) 
B-186 : 8 (+1) Gross Naik (+47) 

*Sumur Low*
B-211 : 0 (-5) Gross Turun (-6) Shut in 24 jam, Program Stimulasi Pralax
B-140 : 33 (-4) KA Naik (+1.1%) 
BN-058 : 44 (-4) KA Naik (+1.3%) 
B-160 : 54 (-3) KA Naik (+0.1%) 
B-185 : 18 (-2) KA Naik (+0.4%) 
B-232 : 13 (-2) KA Naik (+0.6%) 
B-198 : 68 (-2) Gross Turun (-13) 
B-220 : 17 (-1) Gross Turun (-30) ",6966.617352895149,4472.568340558686,7107.156409951203,4562.794415188672,7792.7383,3646.0,4459.0,269.0,1082.0,5675.0,8691.0,1801.0,4817.0,1394.0,2225.0,1477.0,2308.0,2674.0,3126.0,312.0,764.0,13389.0,18501.0,3859.0,8971.0,4.0,16.0,0.1,401.0,19670.2476,4.0,24.583333333333332,0.0,211.54166666666666,8789.8921,28460.1397,20773.876399999997,26.475,426.4,80.0,1795.1216,572.5417,325.40000000000003,0.0,153.5,3379.4383000000003,400.5,88.3,3523.4,398.6,4410.8,2.5,0.0,0.0,2.5,0.0,4737.665219953183,2767.5470096756217,287.5260703711961,0.0448,1.657,1.8216,0.4005,0.3,1.5121,28.0,833.08,4.0,0,
2026-05-29,2160.07241441754,2124.687424200215,1791.033,1791.019,0.0,1645.019,94.0,0.0,0.0,0.0,0.0,52.0,0.0,10753.5,449.0,13061.8125,703.125,5623.0,217.125,8822.25,314.75,108.0,38260.5625,1792.0,36576.5625,36677.738333313464,36642.208333313465,5.0,40.0,16.0,28.0,61.0,"*Sumur Gain*
B-169 : 27 (+6) KA Turun (-1.1%) 
B-219 : 20 (+6) KA Turun (-0.8%) 
B-234 : 35 (+6) KA Turun (-7.7%) 
B-146 : 29 (+5) KA Turun (-1.1%) 
B-236 : 32 (+4) KA Turun (-0.6%) 
B-191 : 48 (+3) KA Turun (-2.1%) 
B-132 : 35 (+3) Gross Naik (+36) 
BN-058 : 45 (+2) Gross Naik (+24) 
B-229 : 13 (+2) KA Turun (-0.3%) 
BN-017 : 18 (+2) Gross Naik (+13) 
BN-038 : 13 (+1) Gross Naik (+241) 

*Sumur Low*
B-223 : 19 (-7) KA Naik (+2.3%) 
B-125 : 21 (-6) KA Naik (+0.6%) 
B-102 : 32 (-3) Gross Turun (-122) 
B-206 : 27 (-2) KA Naik (+1.1%) ",6966.617352895149,4472.568340558686,7107.156409951203,4562.794415188672,7490.145600000001,4030.0,4805.0,0.0,775.0,5675.0,8623.0,1801.0,4749.0,1394.0,2162.0,1462.0,2230.0,2674.0,3101.0,312.0,739.0,13773.0,18691.0,3575.0,8493.0,4.0,16.3,0.0,398.0,20016.7261,3.0,23.666666666666668,0.0,201.58333333333334,8729.5364,28746.2625,21362.4419,26.325,406.652,80.0,1831.1186,572.75,318.3,0.0,155.6,3390.7456,395.7,85.9,3229.2,385.6,4096.4,3.0,0.0,0.0,3.0,0.0,4498.31544562523,2715.166290636888,276.66386373788197,0.0756,1.6698,1.4838,0.3957,0.3,1.6214,28.0,628.4,4.0,0,
2026-05-30,2160.07241441754,2124.687424200215,1787.054,1787.07,0.0,1633.07,102.0,0.0,0.0,0.0,0.0,52.0,0.0,10242.5,460.0,13054.791666666666,685.875,5718.0,218.5,8689.833333333334,315.1666666666667,0.0,37705.125,1679.5416666666667,36025.583333333336,36084.347,36103.0,5.0,40.0,16.0,28.0,61.0,"*Sumur Low*
B-233 : 5 (-8) Gross Turun (-16) 
B-225 : 21 (-5) KA Naik (+0.7%) 
B-224 : 11 (-4) KA Naik (+1%) 
B-234 : 31 (-4) KA Naik (+1.1%) 
BN-058 : 43 (-3) KA Naik (+0.5%) 
B-125 : 19 (-2) KA Naik (+0.2%) 
B-232 : 11 (-2) Gross Turun (-45) Tutup sumur jam 16.55-20.55, Perbaikan K-5 dan K-3 SKG Bunyu
B-198 : 66 (-2) Gross Turun (-23) 
B-159 : 9 (-2) Gross Turun (-2) Tutup sumur jam 17.00-21.00, Perbaikan K-5 dan K-3 SKG Bunyu
B-199 : 102 (-2) Gross Turun (-40) 
B-181 : 13 (-1) Gross Turun (-48) 
B-186 : 7 (-1) Gross Turun (-12) Tutup sumur jam 16.50-20.50, Perbaikan K-5 dan K-3 SKG Bunyu

*Sumur Gain*
B-146 : 37 (+8) KA Turun (-1.2%) 
BN-026 : 19 (+5) Gross Naik (+25) 
B-212 : 67 (+4) Gross Naik (+96) 
BN-017 : 21 (+4) KA Turun (-2.9%) 
BN-022 : 16 (+3) KA Turun (-1%) 
B-160 : 56 (+2) Gross Naik (+107) 
B-220 : 19 (+2) KA Turun (-1%) 
B-144 : 21 (+2) KA Turun (-0.4%) 
B-173 : 40 (+2) Gross Naik (+11)",6966.617352895149,4472.568340558686,7107.156409951203,4562.794415188672,7291.7257,4030.0,4716.5,0.0,686.5,5515.333333333334,8329.5,1789.0,4603.166666666666,1394.0,2144.0,1447.0,2197.0,2539.833333333333,2969.833333333333,312.0,742.0,13479.166666666668,18159.833333333332,3548.0,8228.666666666666,4.0,16.3,0.0,394.0,18874.8116,4.0,24.125,106.887,229.16666666666666,9378.343799999999,28253.1554,21067.9047,26.475,420.616,80.0,1705.4014,573.8333,327.7,0.0,271.6,3405.6257,144.9,84.3,3252.7,404.2,3886.0999999999995,0.0,0.0,0.0,0.0,0.0,4499.9511940634375,2525.047279690917,266.7272262456452,0.0,1.7373,1.5154,0.1449,0.5314,1.8497,28.0,620.0,4.0,0,
2026-05-31,2160.07241441754,2124.687424200215,1795.055,1795.054,0.0,1638.054,105.0,0.0,0.0,0.0,0.0,52.0,0.0,10397.0,462.0,13174.375,704.875,5749.75,212.75,8590.5,310.0,106.0,37911.625,1795.625,36222.0,36330.146,36385.0,5.0,40.0,16.0,28.0,61.0,"*Sumur Gain*
B-212 : 91 (+24) Gross Naik (+115) Jam 00:00 Bean up dari SA-33 ke SA-38
B-169 : 32 (+5) Gross Naik (+121) 
B-216 : 32 (+3) KA Turun (-1%) 
B-146 : 40 (+3) KA Turun (-0.5%) 
B-232 : 13 (+2) Gross Naik (+45) Prod. 24 jam, ex. perbaikan K-5 dan K-3 SKG Bunyu
B-159 : 11 (+2) Gross Naik (+2) Prod. 24 jam, ex. perbaikan K-5 dan K-3 SKG Bunyu
BN-018 : 104 (+2) KA Turun (-0.1%) 
B-186 : 8 (+1) Gross Naik (+12) Prod. 24 jam, ex. perbaikan K-5 dan K-3 SKG Bunyu

*Sumur Low*
B-147 : 12 (-5) KA Naik (+0.6%) 
B-234 : 28 (-4) KA Naik (+1%) 
B-125 : 15 (-4) KA Naik (+0.5%) 
B-243 : 71 (-4) KA Naik (+0.2%) 
B-203 : 22 (-3) Gross Turun (-23) 
BN-039 : 51 (-3) KA Naik (+0.2%) 
B-132 : 32 (-3) Gross Turun (-41) 
B-206 : 26 (-2) KA Naik (+0.5%) 
BN-022 : 15 (-2) KA Naik (+0.5%) 
BN-058 : 41 (-1) KA Naik (+0.2%) 
B-195 : 4 (-1) KA Naik (+0.6%) 
B-231 : 20 (-1) Gross Turun (-9) 
B-213 : 28 (-1) Gross Turun (-7) 
BN-038 : 12 (-1) KA Naik (+0.2%) ",6966.617352895149,4472.568340558686,7107.156409951203,4562.794415188672,7163.121399999999,4030.0,4569.5,0.0,539.5,5622.0,8326.0,2034.0,4738.0,1394.0,2119.0,1380.0,2105.0,2674.0,3103.0,312.0,741.0,13720.0,18117.5,3726.0,8123.5,4.0,16.3,0.0,400.0,20455.9093,3.0,24.875,214.57399999999998,277.4583333333333,8458.9766,28914.8859,21858.114499999996,26.35,424.723,80.0,1823.1984,575.25,332.4,0.0,236.3,3498.2214000000004,363.5,83.2,2820.8999999999996,385.29999999999995,3652.8999999999996,12.0,0.0,0.0,12.0,0.0,4173.454002117313,2728.66118942574,261.00620845694584,0.135,1.4239,1.262,0.3635,0.3,1.9093,28.0,620.0,4.0,0,
2026-06-01,2264.1752643326813,2139.5519933772352,1860.079,1860.097,0.0,1615.097,193.0,0.0,0.0,0.0,0.0,52.0,0.0,11067.0,460.0,13276.0,698.75,6007.0,289.0,8723.5,311.0,102.0,39073.5,1860.75,37314.75,37485.153,37530.5,5.0,40.0,17.0,28.0,62.0,"*Sumur Gain*
B-239 : 92 (+92) Gross Naik (+282) Jam 07.53 Start ESP, ex Program WI
B-199 : 110 (+8) Gross Naik (+96) 
B-179 : 141 (+7) Gross Naik (+75) 
B-185 : 21 (+3) Gross Naik (+58) 
B-173 : 43 (+3) Gross Naik (+10) 
B-159 : 13 (+2) Gross Naik (+11) 
B-220 : 21 (+2) Gross Naik (+94) 

*Sumur Low*
B-207 : 5 (-8) Gross Turun (-13) 
BN-017 : 13 (-8) KA Naik (+5.3%) 
B-125 : 8 (-7) KA Naik (+0.8%) 
B-217 : 37 (-5) KA Naik (+0.6%) 
B-146 : 36 (-4) KA Naik (+0.6%) 
B-237 : 15 (-4) KA Naik (+4.4%) 
B-234 : 24 (-4) Gross Turun (-19) 
BN-026 : 16 (-3) Gross Turun (-8) 
B-198 : 64 (-2) KA Naik (+0.4%) 
BN-024 : 19 (-2) KA Naik (+1%) 
B-144 : 20 (-1) KA Naik (+0.3%) 
BN-058 : 40 (-1) KA Naik (+0.3%) ",6966.617352895149,4472.568340558686,6786.74564636011,4357.090704963191,8580.278800000002,3871.0,4424.0,0.0,553.0,5622.0,8294.0,2034.0,4706.0,1394.0,2220.0,1365.0,2191.0,2674.0,3100.0,312.0,738.0,13561.0,18038.0,3711.0,8188.0,4.0,16.5,0.0,401.0,20843.2476,4.0,24.625,74.756,264.375,8503.9127,29347.1603,20873.3065,26.425,422.807,80.0,1865.0218,576.125,332.1,0.0,147.2,3449.6787999999997,98.5,79.69999999999999,4556.9,395.5,5130.599999999999,0.0,0.0,0.0,0.0,0.0,4831.9083471910135,3327.1110393258436,421.25941348314626,0.0,1.8137,2.7432,0.0985,0.5737,1.2882,28.0,639.2,4.0,0,
2026-06-02,2264.1752643326813,2139.5519933772352,2006.09,2006.082,0.0,1600.082,354.0,0.0,0.0,0.0,0.0,52.0,0.0,10863.0,465.0,13202.4375,700.1666666666666,6134.0,445.0,8775.0,297.75,99.0,38974.4375,2006.9166666666665,37066.520833333336,37197.619666686536,37118.416666686535,5.0,41.0,17.0,28.0,63.0,"*Sumur Gain*
B-239 : 254 (+162) KA Turun (-24.9%) Prod. 24 jam, ex. Program WI
B-223 : 27 (+8) KA Turun (-2.8%) 
B-173 : 48 (+5) KA Turun (-10.9%) 
B-234 : 27 (+3) KA Turun (-1.6%) 
BN-022 : 16 (+2) KA Turun (-0.5%) 
B-231 : 21 (+1) KA Turun (-0.3%) 
BN-038 : 13 (+1) KA Turun (-0.2%) 
BN-039 : 51 (+1) Gross Naik (+216) 

*Sumur Low*
B-146 : 27 (-9) KA Naik (+1.4%) 
B-147 : 5 (-7) KA Naik (+0.8%) 
B-224 : 8 (-3) Gross Turun (-132) Tutup sumur jam 09.45-15.30, Perbaikan K-3 SKG Bunyu
B-159 : 10 (-3) Gross Turun (-6) Tutup sumur jam 09.50-15.55, Perbaikan K-3 SKG Bunyu
BN-026 : 13 (-3) Gross Turun (-16) 
B-216 : 29 (-3) KA Naik (+0.6%) 
B-186 : 6 (-2) Gross Turun (-16) Tutup sumur jam 09.40-15.10, Perbaikan K-3 SKG Bunyu
B-206 : 24 (-2) KA Naik (+1.3%) 
B-207 : 4 (-1) Gross Turun (-2) Tutup sumur jam 09.35-15.20, Perbaikan K-3 SKG Bunyu
B-219 : 19 (-1) KA Naik (+0.2%) ",6966.617352895149,4472.568340558686,6786.74564636011,4357.090704963191,8111.656999999998,3712.0,4358.0,0.0,646.0,5373.333333333334,8113.1875,2034.0,4773.854166666666,1392.0,2401.5,1396.0,2405.5,2481.104166666667,2917.1041666666665,312.0,747.9999999999995,12958.4375,17789.791666666664,3742.0,8573.354166666666,4.0,15.8,0.0,399.0,19141.5209,4.0,24.666666666666668,78.66199999999999,249.79166666666666,9221.4094,28362.9303,20357.623299999996,26.35,412.472,80.0,1727.185,575.25,329.2,0.0,333.7,3484.1569999999997,365.3,82.10000000000001,3784.3999999999996,381.7,4613.499999999999,14.0,0.0,0.0,14.0,0.0,4471.35476813334,3135.532578663055,504.7696532036029,0.2906,1.7999,1.6939,0.3653,0.3,1.6688,28.0,633.6,4.0,0,
2026-06-03,2264.1752643326813,2139.5519933772352,2070.064,2070.091,0.0,1667.091,351.0,0.0,0.0,0.0,0.0,52.0,0.0,11309.5,465.5,13327.208333333332,742.2083333333333,7760.0,452.5,8964.0,314.0,97.0,41360.70833333333,2071.208333333333,39386.49999999999,39474.21433334327,39404.95833334327,5.0,41.0,17.0,28.0,63.0,"*Sumur Gain*
B-211 : 67 (+67) Gross Naik (+91) Prod. 24 jam, ex. Program stimulasi paralax
B-227 : 7 (+7) Gross Naik (+30) Jam 14.30 Restart sumur, jam 16:00 Buka/optimasi GI (Obaservasi, aliran di WH membaik)
B-147 : 11 (+6) KA Turun (-0.8%) 
BN-018 : 110 (+6) Gross Naik (+86) 
BN-024 : 24 (+5) Gross Naik (+420) 
BN-058 : 45 (+5) KA Turun (-1.8%) 
B-140 : 37 (+4) Gross Naik (+1646) 
B-239 : 258 (+4) Gross Naik (+6) 
B-186 : 8 (+2) Gross Naik (+16) Prod. 24 jam, ex. Perbaikan K-3 SKG Bunyu
B-159 : 11 (+1) Gross Naik (+3) Prod. 24 jam, ex. Perbaikan K-3 SKG Bunyu
B-144 : 21 (+1) Gross Naik (+126) 
B-220 : 22 (+1) Gross Naik (+53) 

*Sumur Low*
B-213 : 14 (-14) Gross Turun (-42) 
B-203 : 13 (-9) Gross Turun (-49) 
B-146 : 22 (-6) KA Naik (+1%) 
B-169 : 27 (-5) KA Naik (+1.3%) 
B-173 : 44 (-4) Gross Turun (-12) 
B-236 : 29 (-3) KA Naik (+0.6%) 
BN-014 : 18 (-2) KA Naik (+0.3%) 
B-207 : 3 (-1) Gross Turun (-2) Tutup sumur jam 13:00, Program SBHP",6966.617352895149,4472.568340558686,6786.74564636011,4357.090704963191,8180.869500000001,3712.0,4251.0,0.0,539.0,5651.125,8604.333333333334,2034.0,4987.208333333334,1392.0,2444.0,1396.0,2448.0,2419.666666666667,2858.333333333333,312.0,750.6666666666661,13174.791666666668,18157.666666666668,3742.0,8724.875,4.0,16.2,0.0,402.0,19982.8198,3.0,24.791666666666668,43.231,296.9583333333333,8898.0784,28880.898200000003,20806.2787,26.25,404.204,80.0,1816.7572,576.4583,321.0,0.0,264.5,3489.1695,364.5,84.7,3850.4,387.7,4687.3,4.4,0.0,0.0,4.4,0.0,4566.2329668118455,3107.368474963825,507.2680582243299,0.0924,1.9093,1.8487,0.3645,0.3,1.7767,28.0,674.6,4.0,0,
2026-06-04,2264.1752643326813,2139.5519933772352,1937.054,1937.058,0.0,1576.558,308.5,0.0,0.0,0.0,0.0,52.0,0.0,11305.5,464.5,13266.5,660.5,7745.0,400.0,8926.0,310.0,103.0,41243.0,1938.0,39408.0,39496.99833334327,39499.45833334327,5.0,39.0,17.0,28.0,61.0,"*Sumur Low*
B-211 : 0 (-67) KA Naik (+73.6%) 
B-239 : 216 (-43) KA Naik (+9.1%) 
BN-058 : 35 (-10) KA Naik (+2.8%) 
B-213 : 5 (-9) KA Naik (+13.7%) 
B-227 : 0 (-7) Gross Turun (-30) Prod. 24 jam, ex. Buka / optimasi gas injeksi
B-233 : 0 (-5) Gross Turun (-11) Program WO
B-207 : 0 (-3) Gross Turun (-4) Shut in 24 jam, program SBHP
BN-026 : 10 (-3) Gross Turun (-13) 
B-132 : 29 (-3) Gross Turun (-21) 
B-234 : 24 (-3) KA Naik (+1.9%) 
B-216 : 27 (-2) Gross Turun (-35) 
B-173 : 43 (-1) Gross Turun (-7)

*Sumur Gain*
B-206 : 29 (+5) KA Turun (-1.7%) 
B-160 : 59 (+3) KA Turun (-0.2%) 
B-231 : 24 (+3) Gross Naik (+43) 
BN-038 : 16 (+3) KA Turun (-0.3%) 
B-243 : 73 (+2) Gross Naik (+31)",6966.617352895149,4472.568340558686,6786.74564636011,4357.090704963191,8370.7366,3712.0,4305.0,0.0,593.0,5068.0,7734.0,2034.0,4700.0,1208.9375,2201.041666666667,1396.0,2388.104166666667,2713.0,3221.0,312.0,820.0,12701.9375,17461.041666666668,3742.0,8501.104166666668,4.0,16.8,0.0,403.0,20989.676400000004,3.0,23.958333333333332,156.923,239.875,8722.2854,29711.961800000005,21447.575200000003,26.35,427.088,80.0,1879.7986,575.5,239.7,0.0,218.2,3446.6366,358.5,80.69999999999999,4077.7,407.2,4924.099999999999,0.0,0.0,0.0,0.0,0.0,4596.414498955772,3176.63066983897,597.6914312052601,0.0,1.4961,2.5816,0.3585,0.3005,1.7441,28.0,685.0,4.0,0,
2026-06-05,2264.1752643326813,2139.5519933772352,1926.08,1926.104,0.0,1594.5415,279.5625,0.0,0.0,0.0,0.0,52.0,0.0,11372.0,460.0,13119.25,666.25,7759.0,372.5625,9017.0,0.0,114.0,41267.25,1612.8125,39768.4375,39568.838,39589.0,5.0,38.0,17.0,28.0,60.0,"*Sumur Low*
B-239 : 183 (-33) KA Naik (+9%) Motor Underload 21.04 WITA - 22.04 WITA
B-217 : 30 (-6) KA Naik (+0.8%) 
B-206 : 24 (-5) KA Naik (+2%) 
B-173 : 40 (-3) KA Naik (+9.6%) 
B-146 : 19 (-3) KA Naik (+0.6%) 
B-208 : 24 (-3) KA Naik (+0.8%) 
BN-018 : 107 (-3) KA Naik (+0.1%) 
B-220 : 21 (-1) Gross Turun (-107)

*Sumur Gain*
B-147 : 17 (+6) KA Turun (-0.5%) 
BN-058 : 40 (+5) KA Turun (-0.9%) 
B-223 : 32 (+5) KA Turun (-2.6%) 
B-195 : 8 (+4) KA Turun (-6%) 
B-125 : 11 (+3) KA Turun (-0.4%) 
B-136 : 35 (+3) KA Turun (-0.1%) 
B-179 : 144 (+3) KA Turun (-0.4%) 
BN-038 : 19 (+3) KA Turun (-0.5%) 
BN-014 : 19 (+2) KA Turun (-0.4%)",6966.617352895149,4472.568340558686,6786.74564636011,4357.090704963191,8447.6482,3712.0,4399.0,0.0,687.0,5068.0,7670.0,2034.0,4636.0,1089.0,1992.6666666666667,1418.0,2321.666666666667,2713.0,3224.0,308.0,819.0,12582.0,17285.666666666668,3760.0,8463.666666666668,4.0,16.7,0.0,403.0,20804.5105,3.0,23.833333333333332,0.0,250.79166666666666,8689.8905,29494.400999999998,21153.077800000003,26.325,410.875,80.0,1867.1315,576.4167,185.3,0.0,160.2,3306.2482,311.9,82.1,4338.7,408.7,5141.4,0.0,0.0,0.0,0.0,0.0,4648.199845504313,3135.064572628097,664.4087818675912,0.0,1.6705,2.6682,0.3119,0.3526,1.7694,28.0,690.0,4.0,0,
2026-06-06,2264.1752643326813,2139.5519933772352,1967.052,1967.051,0.0,1589.7176666666667,332.0,0.0,0.0,0.0,0.0,45.333333333333336,0.0,11249.0,465.0,13025.833333333334,663.9166666666666,7815.833333333333,420.66666666666663,9112.8125,313.1875,104.0,41203.47916666667,1966.770833333333,39340.708333333336,40229.077,39405.5,5.0,38.0,17.0,28.0,60.0,"*Sumur Gain*
B-239 : 230 (+47) KA Turun (-8.1%) Prod. 24 jam, ex. Motor Underload 
B-212 : 102 (+11) KA Turun (-1.4%) 
B-146 : 27 (+8) KA Turun (-1.5%) 
B-231 : 29 (+5) KA Turun (-1.4%) 
B-173 : 43 (+3) Gross Naik (+11) 
B-208 : 27 (+3) KA Turun (-0.7%) 
B-132 : 32 (+3) Gross Naik (+130) 
B-216 : 29 (+2) Gross Naik (+75) 
B-203 : 15 (+2) Gross Naik (+80) 
BN-039 : 53 (+2) KA Turun (-0.1%) 

*Sumur Low*
B-202 : 13 (-7) Gross Turun (-34) 
B-159 : 6 (-5) Gross Turun (-9) Jam 07.05 - 17.40 tutup sumur PM K#5
B-234 : 19 (-5) KA Naik (+1.8%) 
B-191 : 43 (-5) Gross Turun (-35) 
B-224 : 5 (-3) Gross Turun (-214) Jam 07.00 - 17.00 tutup sumur PM K#5
B-238 : 24 (-3) KA Naik (+0.1%) 
BN-022 : 13 (-3) KA Naik (+0.6%) 
B-144 : 19 (-2) Gross Turun (-77) 
B-140 : 35 (-2) KA Naik (+0.1%) ",6966.617352895149,4472.568340558686,6786.74564636011,4357.090704963191,5753.270800000001,3712.0,4425.0,0.0,713.0,4944.25,7338.25,2041.0,4435.0,1089.0,2134.0,1418.0,2463.0,2540.25,3049.25,308.0,817.0,12285.5,16946.5,3767.0,8428.0,4.0,16.6,0.0,402.0,18955.8651,3.0,25.0,0.0,185.25,8881.249,27837.1141,22190.2683,26.425,428.75,80.0,1744.6875,577.7083,175.1,0.0,138.1,3170.7708000000002,163.9,80.0,1996.5,342.1,2582.5,0.0,0.0,0.0,0.0,0.0,3256.864616373992,2017.8771339345044,478.52904969150455,0.1097,0.8192,1.1773,0.0439,0.6,1.6495,28.0,690.0,4.0,0,
2026-06-07,2264.1752643326813,2139.5519933772352,1961.025,1961.046,0.0,1584.546,336.5,0.0,0.0,0.0,0.0,40.0,0.0,11225.041666666666,450.875,13105.75,656.25,7829.270833333333,430.16666666666663,9009.0,313.0,110.6,41169.0625,1960.8916666666664,39318.770833333336,39345.577333313464,39386.333333313465,5.0,38.0,18.0,0.0,61.0,"*Sumur Low*
B-173 : 31 (-12) Gross Turun (-28) Jam 06.40 - 11.20 off, low power supply
B-202 : 8 (-5) Gross Turun (-31) 
B-232 : 8 (-5) Gross Turun (-106) 
B-147 : 13 (-4) KA Naik (+0.4%) 
BN-038 : 16 (-3) KA Naik (+0.5%) 
B-195 : 5 (-3) KA Naik (+4.9%) 
B-206 : 21 (-3) Gross Turun (-34) 
B-199 : 107 (-3) Gross Turun (-83) 
BN-017 : 11 (-2) Gross Turun (-14) 
B-220 : 19 (-2) Gross Turun (-58)

*Sumur Gain*
B-159 : 15 (+9) Gross Naik (+52) Prod. 24 jam, ex. Tutup sumur, PM K#5
B-224 : 8 (+3) Gross Naik (+214) Prod. 24 jam, ex. Tutup sumur, PM K#5
BN-022 : 16 (+3) Gross Naik (+72) 
BN-024 : 27 (+3) KA Turun (-0.2%) 
B-239 : 233 (+3) KA Turun (-2.6%) 
BN-058 : 43 (+3) KA Turun (-1.7%) 
B-225 : 23 (+2) KA Turun (-0.2%) 
B-125 : 13 (+2) KA Turun (-0.2%) 
B-146 : 29 (+2) KA Turun (-0.4%)",6966.617352895149,4472.568340558686,6786.74564636011,4357.090704963191,7494.1214,3712.0,4476.520833333333,0.0,764.520833333333,5068.0,7443.0,2041.0,4416.0,1089.0,2174.229166666667,1458.0,2543.229166666667,2717.0,3227.0,308.0,818.0,12586.0,17320.75,3807.0,8541.75,4.0,15.9,0.0,400.0,19696.1444,4.0,24.333333333333332,209.254,234.0,10369.8306,30065.975,22678.4286,26.575,429.42,80.0,1851.7681,577.9583,221.1,0.0,-41.8,3145.0214,344.3,80.3,3551.8,368.2,4344.6,4.5,0.0,0.0,4.5,0.0,4297.196956956518,2593.4524960810127,603.4719469624682,0.1137,1.5712,1.8669,0.3443,0.3,1.7904,28.0,690.0,4.0,0,
2026-06-08,2264.1752643326813,2139.5519933772352,1992.049,1992.045,0.0,1618.545,337.5,0.0,0.0,0.0,0.0,36.0,0.0,11091.0,462.0,13018.0,658.0,8189.5,452.5,8869.0,317.5,102.0,41167.5,1992.0,39277.5,39396.8060000298,39310.5000000298,5.0,38.0,18.0,28.0,61.0,"*Sumur Gain*
B-234 : 37 (+18) KA Turun (-7.1%) 
B-227 : 12 (+12) Gross Naik (+15) 
B-219 : 24 (+5) KA Turun (-0.6%) 
B-173 : 35 (+4) Gross Naik (+66) Prod. 24 jam, ex. Off, Low power supply
B-239 : 237 (+4) Gross Naik (+24) 
BN-026 : 13 (+3) Gross Naik (+26) 
BN-018 : 110 (+3) KA Turun (-0.5%) 
B-186 : 11 (+3) Gross Naik (+18) 
BN-017 : 13 (+2) Gross Naik (+22) 
B-237 : 17 (+2) KA Turun (-9.9%) 
BN-024 : 29 (+2) KA Turun (-0.2%) 

*Sumur Low*
B-132 : 27 (-6) Gross Turun (-64) 
B-217 : 26 (-4) KA Naik (+1.4%) 
B-102 : 28 (-4) Gross Turun (-140) 
BN-014 : 16 (-3) Gross Turun (-72) 
B-231 : 27 (-2) Gross Turun (-27) ",6966.617352895149,4472.568340558686,6786.74564636011,4357.090704963191,7478.0994,3712.0,4494.0,0.0,782.0,5068.0,7433.0,2041.0,4406.0,1089.0,2237.5,1458.0,2606.5,2713.0,3204.0,308.0,799.0,12582.0,17368.5,3807.0,8593.5,4.0,16.0,0.0,401.0,19748.564,4.0,24.958333333333332,0.0,247.0,9861.338300000001,29609.9023,22238.2779,26.475,428.246,80.0,1832.6951,577.0833,181.0,0.0,-15.8,3109.6993999999995,341.6,76.2,3535.8,404.9,4358.5,9.9,0.0,0.0,9.9,0.0,4376.25669198813,2572.3234801186945,529.5192278931751,0.2469,1.5427,1.7462,0.3416,0.3,1.6531,28.0,690.0,4.0,0,
2026-06-09,2264.1752643326813,2139.5519933772352,1992.082,1992.094,0.0,1620.094,336.0,0.0,0.0,0.0,0.0,36.0,0.0,10560.458333333334,454.8125,13036.375,659.2916666666667,8167.5,462.0,9006.416666666668,318.0,92.0,40770.75,1986.1041666666667,38876.645833333336,38995.521,38996.0,5.0,38.0,18.0,28.0,61.0,"*Sumur Gain*
B-160 : 67 (+8) KA Turun (-0.2%) 
B-147 : 19 (+6) KA Turun (-0.7%) 
B-206 : 27 (+6) Gross Naik (+34) 
BN-022 : 21 (+5) KA Turun (-1.9%) 
B-081 : 27 (+4) KA Turun (-0.3%) 
B-213 : 8 (+3) Gross Naik (+21) 
B-146 : 32 (+3) Gross Naik (+35) 
B-169 : 29 (+2) KA Turun (-0.5%) 
B-238 : 25 (+1) Gross Naik (+87) 
B-203 : 16 (+1) KA Turun (-1.4%) 

*Sumur Low*
B-173 : 26 (-9) Gross Turun (-51) Jam 07.41 - 10.34 off, problem power supply
B-229 : 8 (-5) KA Naik (+0.8%) 
B-198 : 60 (-5) KA Naik (+2.1%) 
B-223 : 28 (-4) KA Naik (+1%) 
BN-038 : 13 (-3) KA Naik (+0.4%) 
B-195 : 2 (-3) Gross Turun (-54) Jam 11.14 off, program dirawat
B-220 : 16 (-3) KA Naik (+0.5%) 
B-239 : 235 (-2) Gross Turun (-40) 
BN-039 : 51 (-2) Gross Turun (-333) ",6966.617352895149,4472.568340558686,6786.74564636011,4357.090704963191,7468.4601,3712.0,4417.458333333333,0.0,705.458333333333,5068.0,7330.25,2041.0,4303.25,1089.0,2000.0,1458.0,2369.0,2713.0,3168.1666666666665,308.0,763.1666666666665,12582.0,16915.875,3807.0,8140.874999999999,4.0,16.1,0.0,400.0,19285.9459,4.0,24.75,212.648,213.83333333333334,10684.3483,29970.294199999997,22608.334099999996,26.5,426.44,80.0,1718.9451,576.375,215.0,0.0,14.6,3057.8601,344.6,77.89999999999999,3577.8,403.1,4403.400000000001,7.2,0.0,0.0,7.2,0.0,4396.537408047355,2582.4883911741676,489.434300778479,0.225,1.5578,1.795,0.3446,0.3,1.7718,28.0,690.0,4.0,0,
2026-06-10,2264.1752643326813,2139.5519933772352,2116.09,2116.087,0.0,1693.087,387.0,0.0,0.0,0.0,0.0,36.0,0.0,10535.666666666666,449.0,13237.5,753.5,8176.833333333333,512.6666666666666,8954.416666666668,317.5,83.8,40904.416666666664,2116.4666666666667,38871.75,39240.083,39039.0,4.0,39.0,18.0,28.0,61.0,"*Sumur Gain*
B-212 : 189 (+87) KA Turun (-8.6%) Jam 10.36 BU SA.38 menjadi SA.43
B-239 : 286 (+51) KA Turun (-12.6%) 
B-211 : 8 (+8) KA Turun (-8.1%) 
B-173 : 32 (+6) KA Turun (-5%) Prod. 24 jam, ex. Off, problem power supply
B-144 : 24 (+5) KA Turun (-0.6%) 
B-208 : 32 (+5) Gross Naik (+69) 
B-191 : 48 (+5) Gross Naik (+29) 
BN-058 : 48 (+5) KA Turun (-0.8%) 
B-185 : 24 (+3) KA Turun (-0.7%) 

*Sumur Low*
B-179 : 138 (-6) KA Naik (+0.6%) 
B-169 : 24 (-5) Gross Turun (-131) Jam 15.35 - 21.45 tutup sumur, program perbaikan FL
BN-026 : 8 (-5) Gross Turun (-24) 
B-199 : 102 (-5) KA Naik (+0.9%) 
B-234 : 32 (-5) KA Naik (+1.4%) 
B-231 : 24 (-3) KA Naik (+0.6%) 
B-132 : 24 (-3) Gross Turun (-50) 
B-195 : 0 (-2) Gross Turun (-45) Shut in 24 jam, Program WS
BN-017 : 11 (-2) Gross Turun (-35) ",6966.617352895149,4472.568340558686,6786.74564636011,4357.090704963191,7798.0628,3665.5,4238.416666666667,0.0,572.916666666667,5068.0,6955.0,2383.0,4270.0,1089.0,1750.0,1458.0,2119.0,2817.0,3274.1666666666665,0.0,457.1666666666665,12639.5,16217.583333333332,3841.0,7419.083333333333,4.0,16.1,0.0,402.0,19529.5565,4.0,24.416666666666668,0.0,224.16666666666666,11635.922199999999,31165.4787,23473.765899999995,26.35,416.096,80.0,1824.2501,575.6667,189.4,0.0,355.7,3467.4628,345.7,78.60000000000001,3487.7,397.5,4309.5,21.1,0.0,0.0,21.1,0.0,4165.436818528794,3165.8581118871375,466.76786958406774,0.474,1.114,1.8997,0.3457,0.3,1.3733,28.0,690.0,4.0,0,
2026-06-11,2264.1752643326813,2139.5519933772352,2166.075,2166.089,0.0,1735.2556666666667,396.5,0.0,0.0,0.0,0.0,34.333333333333336,0.0,10760.0,453.0,13366.8125,824.3333333333333,8170.333333333333,514.1666666666666,8930.416666666668,299.0,75.0,41227.5625,2165.5,39137.0625,39314.879000029796,39059.8750000298,4.0,40.0,17.0,28.0,61.0,"*Sumur Gain*
B-212 : 265 (+77) Gross Naik (+156) Prod. 24 jam, ex. Bean up 
B-169 : 35 (+11) KA Turun (-1.7%) Prod. 24 jam, ex. Tutup sumur, program perbaikan Flowline
B-239 : 294 (+8) Gross Naik (+57) 
B-225 : 27 (+4) KA Turun (-0.6%) 
BN-018 : 112 (+2) Gross Naik (+192) 
B-146 : 34 (+2) KA Turun (-0.4%) 
B-206 : 29 (+2) KA Turun (-1.1%) 

*Sumur Low*
B-198 : 51 (-9) KA Naik (+3.1%) 
BN-058 : 40 (-8) KA Naik (+2.3%) 
B-227 : 5 (-7) Gross Turun (-7) 
B-219 : 19 (-5) KA Naik (+0.4%) 
BN-022 : 16 (-5) KA Naik (+2%) 
B-147 : 14 (-5) KA Naik (+0.6%) 
B-224 : 5 (-3) KA Naik (+0.4%) Pkl 15.40 Ukur GI 254 Mscfd
BN-038 : 11 (-2) Gross Turun (-83) 
B-202 : 6 (-2) Gross Turun (-14) Pkl 19.10 shut in sumur Program FSBHP
B-173 : 30 (-2) KA Naik (+3.7%) ",6966.617352895149,4472.568340558686,6786.74564636011,4357.090704963191,7847.579299999999,3712.0,4279.0,0.0,567.0,5038.0,6843.166666666666,2387.0,4192.166666666666,1089.0,1859.0,1458.0,2228.0,2817.0,3205.1666666666665,0.0,388.1666666666665,12656.0,16186.333333333332,3845.0,7375.333333333332,4.0,16.4,0.0,404.0,19947.8498,4.0,24.666666666666668,0.0,226.66666666666666,11865.528699999999,31813.3785,24072.174199999998,26.375,417.488,80.0,1846.3913,574.625,288.0,0.0,274.3,3507.1793000000002,349.4,82.10000000000001,3475.1,398.7,4305.3,35.1,0.0,0.0,35.1,0.0,4177.3835756756735,3107.1462739605013,563.0494503638254,0.7863,1.196,1.4928,0.3494,0.3,1.0731,28.0,690.0,4.0,0,
2026-06-12,2264.1752643326813,2139.5519933772352,2176.064,2176.068,0.0,1746.0680000000002,397.5,0.0,0.0,0.0,0.0,32.5,0.0,10898.5,463.0,13662.166666666668,824.0,8170.5,518.5,8789.666666666668,287.0,83.0,41520.833333333336,2175.5,39428.333333333336,39546.808,39420.625,4.0,40.0,17.0,28.0,61.0,"*Sumur Gain*
B-125 : 21 (+8) KA Turun (-1%) 
BN-039 : 56 (+5) KA Turun (-0.2%) 
B-197 : 3 (+3) KA Turun (-0.7%) 
B-136 : 38 (+3) KA Turun (-0.1%) 
B-236 : 32 (+3) KA Turun (-0.6%) 
BN-014 : 19 (+3) Gross Naik (+139) 
B-173 : 32 (+2) Gross Naik (+19) 
BN-026 : 10 (+2) KA Turun (-14.2%) 
BN-017 : 13 (+2) KA Turun (-1.7%) 
B-235 : 2 (+2) KA Turun (-0.6%) Prod. 24 jam, ex. Start sumur
B-238 : 27 (+2) KA Turun (-0.2%) 

*Sumur Low*
B-216 : 22 (-7) KA Naik (+1%) 
B-202 : 0 (-6) Gross Turun (-55) Shut in 24 jam, Program FSBHP
B-159 : 9 (-6) Gross Turun (-38) Pkl 08.30 Optimasi GI 436 Mscfd
B-231 : 20 (-4) KA Naik (+1%) 
B-208 : 28 (-4) Gross Turun (-67) 
B-239 : 290 (-4) KA Naik (+0.5%) 
B-212 : 264 (-2) Gross Turun (-4) ",6966.617352895149,4472.568340558686,6786.74564636011,4357.090704963191,7762.515299999999,3712.0,4337.0,0.0,625.0,5274.583333333333,6722.083333333334,2385.0,3832.500000000001,887.0625,1573.0625,1452.0,2138.0,2967.0,3338.0,0.0,371.0,12840.645833333332,15970.145833333334,3837.0,6966.500000000001,4.0,16.3,0.0,404.0,19494.486000000004,4.0,24.708333333333332,0.0,237.66666666666666,11770.6479,31265.133900000004,23608.968600000007,26.35,407.617,80.0,1818.065,575.5833,178.2,0.0,252.4,3338.2153000000003,363.5,84.3,3556.6,376.90000000000003,4381.3,43.0,0.0,0.0,43.0,0.0,4469.799878374497,2846.8500970993678,445.8653245261343,0.8804,1.2847,1.3915,0.3635,0.3,1.0507,28.0,690.0,4.0,0,
2026-06-13,2264.1752643326813,2139.5519933772352,2200.059,2200.076,0.0,1737.5135,388.25,0.0,0.0,0.0,0.0,74.3125,0.0,10903.5,453.0,14082.625,864.4791666666666,8024.75,508.25,8822.0,291.0,83.0,41832.875,2199.7291666666665,39716.145833333336,39724.187666686536,39859.291666686535,4.0,40.0,16.0,28.0,60.0,"*Sumur Gain*
B-235 : 33 (+32) KA Turun (-8.2%) 
B-132 : 32 (+8) Gross Naik (+56) 
B-233 : 7 (+7) Gross Naik (+314) Pkl 11.00 start sumur ex Program WO. Ukur GI 424 Mscfd
B-220 : 20 (+4) KA Turun (-0.8%) 
B-147 : 17 (+3) KA Turun (-0.3%) 
B-102 : 31 (+3) KA Turun (-0.3%) 
BN-038 : 13 (+2) Gross Naik (+75) 
B-199 : 104 (+2) Gross Naik (+24) 
B-232 : 10 (+2) KA Turun (-0.9%) 

*Sumur Low*
B-159 : 0 (-9) Gross Turun (-26) 
BN-014 : 13 (-6) KA Naik (+0.8%) 
BN-017 : 8 (-5) KA Naik (+3.1%) 
B-160 : 63 (-4) Gross Turun (-197) 
BN-058 : 37 (-3) Gross Turun (-35) 
BN-022 : 13 (-3) KA Naik (+0.5%) 
B-146 : 30 (-3) KA Naik (+0.5%) 
B-225 : 24 (-3) KA Naik (+0.4%) 
B-206 : 27 (-2) Gross Turun (-14) ",6966.617352895149,4472.568340558686,6786.74564636011,4357.090704963191,7828.130099999999,3712.0,4428.0,0.0,716.0,5669.666666666667,7218.895833333333,2385.0,3934.229166666665,730.0,1529.0,1452.0,2251.0,2953.25,3360.25,0.0,407.0,13064.916666666668,16536.145833333332,3837.0,7308.229166666665,4.0,16.6,0.0,403.0,19755.9382,4.0,25.0,0.0,258.3333333333333,11853.9514,31609.889600000002,23888.184499999996,26.425,399.894,80.0,1828.3194,574.2917,213.2,0.0,214.7,3336.8301,345.5,81.5,3653.2,378.40000000000003,4458.599999999999,32.7,0.0,0.0,32.7,0.0,4415.770989290039,2886.4298067096192,525.9293040003419,1.2215,1.2877,1.144,0.3455,0.3,1.0661,28.0,671.2,4.0,0,
2026-06-14,2264.1752643326813,2139.5519933772352,2202.042,2202.046,0.0,1741.2959999999998,371.25,0.0,0.0,0.0,0.0,89.5,0.0,10735.5,459.0,14443.0,882.5,7825.75,502.75,8718.0,280.0,78.0,41722.25,2202.25,39598.0,39611.887,39654.0,4.0,39.0,16.0,28.0,59.0,"*Sumur Gain*
B-233 : 27 (+20) KA Turun (-2.2%) Prod. 24 jam, ex. Start sumur
BN-015 : 11 (+11) KA Turun (-8.1%) 
BN-017 : 11 (+3) Gross Naik (+16) 
B-234 : 35 (+3) Gross Naik (+31) 
BN-026 : 13 (+3) KA Turun (-17.7%) 
BN-014 : 15 (+2) KA Turun (-0.4%) 
BN-022 : 15 (+2) Gross Naik (+22) 
B-212 : 265 (+2) Gross Naik (+21) 
B-198 : 53 (+2) Gross Naik (+19) 
B-217 : 27 (+1) KA Turun (-0.5%) 

*Sumur Low*
B-239 : 272 (-19) Gross Turun (-26) 
B-231 : 13 (-7) KA Naik (+2.1%) 
B-216 : 16 (-6) KA Naik (+0.7%) 
B-235 : 29 (-5) KA Naik (+3.3%) 
BN-018 : 110 (-2) Gross Turun (-37) 
B-208 : 27 (-1) Gross Turun (-110) ",6966.617352895149,4472.568340558686,6786.74564636011,4357.090704963191,7950.3809,3712.0,4528.0,0.0,816.0,5864.0,7444.0,2356.0,3936.0,730.0,1590.0,1452.0,2312.0,2745.0,3152.0,0.0,407.0,13051.0,16714.0,3808.0,7471.0,4.0,16.0,0.1,401.0,19210.814899999998,4.0,24.833333333333332,0.0,219.5,11760.2,30971.0149,23127.159,26.525,400.313,80.0,1807.2512,572.7917,223.3,0.0,194.7,3304.8809,334.2,80.3,3829.0,384.6,4628.1,17.4,0.0,0.0,17.4,0.0,4525.36404460581,2872.1828468879667,552.834008506224,1.4637,1.2022,1.1631,0.3342,0.3,1.0726,28.0,678.4,4.0,0,
2026-06-15,2264.1752643326813,2139.5519933772352,2190.083,2190.088,0.0,1763.4630000000002,346.625,0.0,0.0,0.0,0.0,80.0,0.0,10403.5,454.0,14591.5,890.0,7518.125,476.625,8900.0,286.5,83.0,41413.125,2190.125,39306.0,39720.545999999995,39462.0,4.0,39.0,16.0,28.0,59.0,"*Sumur Low*
B-239 : 250 (-22) Gross Turun (-55) 
BN-015 : 3 (-8) Gross Turun (-121) 
B-235 : 24 (-5) KA Naik (+1.6%) 
B-173 : 27 (-5) Gross Turun (-40) 
B-233 : 22 (-5) KA Naik (+1%) 
B-208 : 24 (-3) KA Naik (+0.5%) 
B-146 : 27 (-3) Gross Turun (-37) 
BN-039 : 53 (-3) Gross Turun (-96) 
B-147 : 14 (-3) KA Naik (+0.3%)

*Sumur Gain*
B-213 : 16 (+8) Gross Naik (+50) 
BN-024 : 35 (+6) KA Turun (-0.9%) 
B-220 : 24 (+4) Gross Naik (+79) 
B-231 : 16 (+3) KA Turun (-2.4%) 
BN-058 : 40 (+3) KA Turun (-5%) 
B-206 : 30 (+3) KA Turun (-1.5%) 
B-219 : 22 (+3) KA Turun (-0.4%) 
B-179 : 141 (+3) Gross Naik (+43) 
B-211 : 11 (+3) KA Turun (-35.9%) 
B-125 : 24 (+3) KA Turun (-0.3%)",6966.617352895149,4472.568340558686,6786.74564636011,4357.090704963191,7250.015100000001,3712.0,4562.0,0.0,850.0,5864.0,7616.0,2356.0,4108.0,730.0,1719.0,1523.0,2512.0,2508.833333333333,2869.833333333333,0.0,361.0,12814.833333333332,16766.833333333332,3879.0,7831.0,4.0,16.1,0.3,401.0,18953.8884,4.0,24.666666666666668,135.462,240.04166666666666,11723.8141,30677.7025,23534.287399999997,26.6,406.274,80.0,1799.8828,574.9583,181.0,0.0,275.3,3344.0151000000005,334.7,78.9,3061.1000000000004,398.1,3872.8,33.2,0.0,0.0,33.2,0.0,4136.517362635679,2578.3797795300734,535.1179578342485,0.9972,1.0407,1.0232,0.3347,0.3,1.0534,28.0,680.0,4.0,0,
2026-06-16,2264.1752643326813,2139.5519933772352,2162.045,2162.042,0.0,1762.9795,327.0625,0.0,0.0,0.0,0.0,72.0,0.0,10605.5,458.5,14516.0625,879.0,7714.8125,449.5,8992.0,290.5,84.0,41828.375,2161.5,39750.875,39888.910000029806,39907.5000000298,4.0,39.0,16.0,28.0,59.0,"*Sumur Low*
B-239 : 234 (-16) KA Naik (+3.5%) 
B-234 : 25 (-10) KA Naik (+4.1%) 
B-233 : 14 (-8) KA Naik (+1.1%) 
B-223 : 25 (-4) KA Naik (+2%) 
B-173 : 24 (-3) KA Naik (+3.8%) 
B-132 : 30 (-3) Gross Turun (-10) 
BN-015 : 1 (-2) Gross Turun (-6) Pkl 03.12 - 07.55 ESP off high temp motor. Pkl 10.31 ESP off hight temp motor. Pkl 15.40 - 16.55 up from casing, restart manually at 80 Hz. Pkl 18.46 start up freq gradually from 80 Hz to 94 Hz. Pkl 19.39 Manual off (cooling down motor) 
B-146 : 26 (-2) KA Naik (+0.2%) 
B-243 : 71 (-2) Gross Turun (-38) 
B-136 : 37 (-2) KA Naik (+0.1%) 
B-160 : 62 (-1) KA Naik (+0.1%)

*Sumur Gain*
B-147 : 19 (+5) KA Turun (-0.5%) 
B-202 : 3 (+3) Gross Naik (+22) Pkl 16.30 buka sumur ex Program SBHP, ukur GI 406 Mscfd
BN-038 : 16 (+3) KA Turun (-0.6%) 
B-198 : 56 (+3) KA Turun (-2.4%) 
BN-026 : 16 (+3) Gross Naik (+15) 
BN-058 : 43 (+3) Gross Naik (+104) 
BN-014 : 16 (+2) Gross Naik (+56)",6966.617352895149,4472.568340558686,6786.74564636011,4357.090704963191,7495.5612,3712.0,4525.0,0.0,813.0,5990.875,7922.875,2356.0,4288.0,730.0,1496.5,1523.0,2289.5,2309.0,2854.0,0.0,545.0,12741.875,16798.375,3879.0,7935.5,4.0,16.3,0.0,403.0,19071.8595,4.0,24.75,52.251000000000005,286.5833333333333,11893.7133,30965.572799999998,23576.561599999997,26.55,406.664,80.0,1808.1055,577.0417,176.4,0.0,264.6,3339.3611999999994,343.4,79.1,3295.7999999999997,402.4,4120.7,35.5,0.0,0.0,35.5,0.0,4184.876050229979,2780.786613672736,529.8985360972844,0.6229,1.6028,1.0701,0.3434,0.3,1.0708,28.0,680.0,4.0,0,
2026-06-17,2264.1752643326813,2139.5519933772352,2150.073,2150.092,0.0,1750.592,336.0,0.0,0.0,0.0,0.0,63.5,0.0,10488.0,460.0,14872.25,865.0,7692.25,446.5,8979.75,297.75,81.0,42032.25,2150.25,39963.0,40393.78999999999,40147.5,4.0,39.0,15.0,28.0,58.0,"*Sumur Low*
B-235 : 8 (-16) KA Naik (+2.9%) 
B-081 : 21 (-6) KA Naik (+0.6%) Pkl 07.00 ukur GI 374 Mscfd
B-125 : 19 (-5) KA Naik (+0.8%) 
B-234 : 22 (-4) Gross Turun (-76) Pkl 08.20 Optimasi GI 253 Mscfd
B-233 : 11 (-4) Gross Turun (-142) Pkl 13.00 - 19.00 tutup sumur/GI, Program pemyisipan Gasline
BN-022 : 11 (-4) Gross Turun (-73) 
B-231 : 13 (-3) Gross Turun (-72) 
BN-015 : 0 (-1) Gross Turun (-3) Pkl 11.00 - 11.30 Filled tubing with produced water for a pressure test. Pkl 11.40 Flowline leak due to tubing pressure test

*Sumur Gain*
B-202 : 11 (+9) Gross Naik (+149) Prod. 24 jam, ex. Buka sumur, ex. Program SBHP
B-239 : 239 (+5) KA Turun (-7.4%) 
B-206 : 35 (+5) Gross Naik (+77) 
B-207 : 3 (+3) KA Turun (-60%) 
BN-026 : 19 (+3) Gross Naik (+22) 
B-238 : 30 (+3) Gross Naik (+11) 
B-220 : 26 (+3) Gross Naik (+46) 
B-169 : 37 (+2) Gross Naik (+40) 
B-146 : 27 (+1) KA Turun (-0.3%)",6966.617352895149,4472.568340558686,6786.74564636011,4357.090704963191,7342.207699999999,3712.0,4521.0,0.0,809.0,6238.0,8383.75,2203.0,4348.75,734.0,1431.0,1514.0,2211.0,2309.0,2883.0,0.0,574.0,12993.0,17218.75,3717.0,7942.75,4.0,16.6,0.0,403.0,19269.3735,4.0,24.958333333333332,0.0,218.75,11793.447,31062.8205,23827.037800000006,26.425,407.212,80.0,1818.1874,572.5833,174.1,0.0,254.9,3333.4076999999997,342.5,81.4,3164.2999999999997,392.40000000000003,3980.6,28.2,0.0,0.0,28.2,0.0,3954.545282251109,2870.0033812690817,517.6590364798086,0.1876,1.3045,1.6722,0.3425,0.3,0.9273,28.0,680.0,4.0,0,
2026-06-18,2264.1752643326813,2139.5519933772352,2130.066,2130.081,0.0,1747.0810000000001,326.0,0.0,0.0,0.0,0.0,57.0,0.0,11632.0,469.0,15217.0,867.5,7755.75,438.0,8687.75,275.25,80.0,43292.5,2129.75,41242.75,41372.837,41339.0,4.0,39.0,15.0,28.0,58.0,"*Sumur Low*
B-144 : 12 (-12) Gross Turun (-260) Pkl 13.00 - 19.00 tutup sumur Program Penyisipan Flowline. Pkl 19.05 ukur GI 477 Mscfd
B-239 : 229 (-10) KA Naik (+4%) 
B-235 : 0 (-8) KA Naik (+1.1%) Pkl 15.00 ukur GI 419 Mscfd
BN-058 : 37 (-6) KA Naik (+1.9%) 
B-227 : 0 (-5) Gross Turun (-8) 
B-132 : 27 (-3) KA Naik (+1.5%) 
B-147 : 16 (-3) KA Naik (+0.3%) 
BN-039 : 51 (-2) KA Naik (+0.2%) 
B-102 : 29 (-2) Gross Turun (-84)

*Sumur Gain*
B-234 : 29 (+8) KA Turun (-3%) 
B-173 : 30 (+6) Gross Naik (+21) 
B-233 : 14 (+4) Gross Naik (+222) Prod. 24 jam, ex. Tutup sumur/gas injeksi, Program penyisipan Gasline
B-225 : 27 (+3) KA Turun (-0.4%) 
B-191 : 51 (+3) Gross Naik (+11) 
B-213 : 19 (+3) Gross Naik (+32) 
B-169 : 40 (+3) KA Turun (-0.3%) 
BN-017 : 13 (+2) KA Turun (-3.8%)",6966.617352895149,4472.568340558686,6786.74564636011,4357.090704963191,7190.8701,3712.0,4525.0,0.0,813.0,6319.0,8415.0,2203.0,4299.0,738.0,1435.0,1419.0,2116.0,2262.75,2670.75,0.0,408.0,13031.75,17045.75,3622.0,7636.0,4.0,16.4,0.0,404.0,19293.3215,4.0,24.458333333333332,34.532,210.79166666666666,11711.2422,31004.5637,23920.2436,26.55,407.028,80.0,1833.9254,573.1667,326.40000000000003,0.0,234.7,3481.7701,332.3,77.7,2887.0,388.2,3685.2,23.900000000000002,0.0,0.0,23.900000000000002,0.0,3629.336480539549,3035.1197396935563,526.4138797668937,0.1213,1.2585,1.5072,0.3323,0.3,0.8633,28.0,680.0,4.0,0,
2026-06-19,2264.1752643326813,2139.5519933772352,2095.049,2095.067,0.0,1739.067,302.0,0.0,0.0,0.0,0.0,54.0,0.0,11495.5,474.0,15178.0,854.5,7425.75,418.0,9045.0,267.0,81.0,43144.25,2094.5,41130.75,41296.483,41392.0,4.0,39.0,15.0,28.0,58.0,"*Sumur Low*
B-239 : 200 (-29) KA Naik (+6.6%) 
B-179 : 133 (-8) KA Naik (+0.2%) 
B-217 : 21 (-6) KA Naik (+1.5%) 
B-220 : 21 (-5) KA Naik (+1.1%) 
B-206 : 31 (-4) KA Naik (+0.7%) 
B-234 : 25 (-4) KA Naik (+2.6%) 
B-132 : 24 (-3) KA Naik (+2%) 
B-203 : 13 (-3) KA Naik (+1.7%)   
B-197 : 0 (-3) KA Naik (+0.7%) 
BN-038 : 14 (-3) KA Naik (+0.4%) 
B-144 : 11 (-1) KA Naik (+1.1%) Prod. 24 jam, ex. Tutup sumur, Program Penyisipan Flowline

*Sumur Gain*
B-140 : 40 (+5) KA Turun (-0.3%) 
B-219 : 27 (+5) Gross Naik (+80) 
B-198 : 61 (+5) Gross Naik (+24) 
B-146 : 32 (+5) KA Turun (-2.9%) 
BN-058 : 40 (+3) KA Turun (-1.4%) 
B-199 : 107 (+3) Gross Naik (+21) 
B-173 : 33 (+3) Gross Naik (+6) 
B-237 : 19 (+2) Gross Naik (+30) 
BN-024 : 37 (+2) KA Turun (-0.1%)",6966.617352895149,4472.568340558686,6786.74564636011,4357.090704963191,7131.1826,3712.0,4534.0,0.0,822.0,6319.0,8451.0,2091.0,4223.0,738.0,1375.0,1419.0,2056.0,2382.0,2789.0,0.0,407.0,13151.0,17149.0,3510.0,7508.0,4.0,16.3,0.0,404.0,19057.106200000002,4.0,29.125,6.938,214.125,9980.7754,29037.8816,22013.099000000002,26.4,405.858,80.0,1838.4496,575.875,301.5,0.0,230.4,3458.4826,328.1,76.7,2882.3,341.7,3628.8,43.9,0.0,0.0,43.9,0.0,3718.510905567395,2963.410989877464,449.26070455514116,0.409,1.3327,1.1406,0.3281,0.3,0.9282,28.0,678.2,4.0,0,
2026-06-20,2264.1752643326813,2139.5519933772352,2105.07,2105.081,0.0,1757.5810000000001,293.5,0.0,0.0,0.0,0.0,54.0,0.0,11604.5,473.5,15183.5,864.0,7392.25,414.5,9142.5,272.0,81.0,43322.75,2105.0,41298.75,41570.2489999702,41396.3749999702,4.0,39.0,15.0,28.0,58.0,"*Sumur Gain*
B-186 : 16 (+5) Gross Naik (+22) 
B-169 : 45 (+5) KA Turun (-0.6%) 
B-125 : 22 (+3) KA Turun (-0.4%) 
B-132 : 27 (+3) Gross Naik (+19) 
B-231 : 16 (+3) Gross Naik (+61) 
B-208 : 27 (+3) KA Turun (-0.8%) 
B-212 : 268 (+3) Gross Naik (+8) 
BN-058 : 43 (+3) KA Turun (-3.9%) 
B-216 : 18 (+2) KA Turun (-0.4%) 
B-211 : 13 (+2) KA Turun (-37.3%) 

*Sumur Low*
B-146 : 27 (-5) KA Naik (+2.8%) 
BN-026 : 15 (-4) Gross Turun (-19) 
B-147 : 14 (-3) KA Naik (+0.3%) 
B-239 : 197 (-3) KA Naik (+1%) 
BN-038 : 11 (-3) KA Naik (+0.5%) 
BN-017 : 11 (-2) Gross Turun (-11) 
B-234 : 24 (-1) Gross Turun (-29) 
B-223 : 24 (-1) KA Naik (+0.1%) ",6966.617352895149,4472.568340558686,6786.74564636011,4357.090704963191,7324.6483,3712.0,4495.0,0.0,783.0,6319.0,8426.0,2093.0,4200.0,738.0,1361.0,1426.0,2049.0,2382.0,2792.0,0.0,410.0,13151.0,17074.0,3519.0,7442.0,3.0,15.9,0.0,401.0,18781.1186,4.0,24.583333333333332,0.0,218.625,8645.2667,27426.3853,20207.962,26.225,410.33,80.0,1797.56,576.8333,305.8,0.0,218.1,3414.8483,323.6,76.89999999999999,3121.0999999999995,332.4,3853.9999999999995,55.800000000000004,0.0,0.0,55.800000000000004,0.0,3805.037668341843,3079.6593027008867,439.95132895726954,0.8186,1.3597,0.9428,0.3236,0.3,0.8462,28.0,675.0,4.0,0,
2026-06-21,2264.1752643326813,2139.5519933772352,2080.044,2080.071,0.0,1737.821,288.25,0.0,0.0,0.0,0.0,54.0,0.0,11516.0,480.0,15213.104166666666,843.3958333333334,7487.375,396.0,8851.583333333332,278.83333333333337,82.0,43068.0625,2080.229166666667,41069.833333333336,41187.053333313466,41060.083333313465,4.0,40.0,15.0,28.0,59.0,"*Sumur Low*
B-217 : 8 (-13) KA Naik (+2.4%) Pkl 07.00 - 10.30 tutup sumur Program penyisipan flowline
B-160 : 53 (-10) KA Naik (+0.4%) 
B-239 : 189 (-8) Gross Turun (-11) 
B-243 : 65 (-6) KA Naik (+0.2%) 
B-234 : 21 (-3) KA Naik (+3.7%) 
B-206 : 29 (-2) KA Naik (+0.8%) 
B-229 : 6 (-2) Gross Turun (-147) Pkl 19.10 tutup sumur/GI imbangi tekanan jaringan
B-232 : 8 (-2) Gross Turun (-40) Pkl 18.30 tutup sumur/GI imbangi tekanan jaringan
BN-024 : 35 (-2) Gross Turun (-43) 
B-224 : 4 (-1) Gross Turun (-118) Pkl 18.10 tutup sumur/GI imbangi tekanan jaringan
B-207 : 2 (-1) Gross Turun (-1) Pkl 18.00 tutup sumur/GI imbangi tekanan jaringan

*Sumur Gain*
B-231 : 19 (+3) Gross Naik (+120) 
B-220 : 24 (+3) KA Turun (-5.2%) 
B-236 : 35 (+3) Gross Naik (+53) 
B-238 : 32 (+3) KA Turun (-0.1%) 
B-173 : 35 (+3) KA Turun (-12.4%) 
BN-058 : 45 (+2) Gross Naik (+34) 
B-216 : 19 (+2) Gross Naik (+31) 
BN-039 : 53 (+2) KA Turun (-0.2%) 
B-199 : 109 (+2) Gross Naik (+32) 
BN-017 : 13 (+2) Gross Naik (+35)",6966.617352895149,4472.568340558686,6786.74564636011,4357.090704963191,7194.030499999999,3712.0,4477.0,0.0,765.0,6129.395833333334,8378.270833333332,2093.0,4341.874999999998,738.0,1445.0,1426.0,2133.0,2199.083333333333,2630.083333333333,0.0,431.0,12778.479166666668,16930.354166666664,3519.0,7670.874999999998,4.0,15.9,0.0,400.0,18931.4013,4.0,24.083333333333332,29.838,193.625,8491.4259,27422.8272,20335.0967,26.3,418.122,80.0,1790.6585,574.75,305.8,0.0,196.8,3392.4305000000004,313.0,77.39999999999999,2995.8999999999996,391.40000000000003,3777.7,23.900000000000002,0.0,0.0,23.900000000000002,0.0,3805.273681783368,2956.4139550491304,432.34286316750035,1.1946,1.4581,0.3432,0.313,0.3,0.996,28.0,675.0,4.0,0,
2026-06-22,2264.1752643326813,2139.5519933772352,2020.078,2020.075,0.0,1718.325,243.75,0.0,0.0,0.0,0.0,58.0,0.0,11150.0,470.0,15502.75,845.0,7459.875,357.5,8113.25,266.0,81.0,42225.875,2019.5,40287.375,40317.931666686534,40203.166666686535,4.0,35.0,15.0,28.0,54.0,"*Sumur Low*
B-239 : 148 (-42) Gross Turun (-109) Pkl 11.15 Upfreq from 86 Hz to 90 Hz in 2 Hours
B-232 : 0 (-8) Gross Turun (-136) Shut in 24 jam, imbangi tekanan jaringan
B-229 : 0 (-6) Gross Turun (-557) Shut in 24 jam, imbangi tekanan jaringan
BN-017 : 8 (-5) Gross Turun (-54) 
B-224 : 0 (-4) Gross Turun (-353) Shut in 24 jam, imbangi tekanan jaringan
B-206 : 27 (-3) Gross Turun (-36) 
B-220 : 22 (-3) KA Naik (+2.4%) 
B-208 : 24 (-3) KA Naik (+0.8%) 
BN-014 : 13 (-3) KA Naik (+0.6%) 
B-173 : 32 (-3) KA Naik (+6.4%) 
B-207 : 0 (-2) Gross Turun (-4) Shut in 24 jam, imbangi tekanan jaringan
B-198 : 59 (-2) Gross Turun (-120) 
B-147 : 12 (-2) Gross Turun (-83)

*Sumur Gain*
B-217 : 17 (+9) KA Turun (-3.7%) Prod. 24 jam, ex. Program penyisipan flowline. Pkl 00.30 Optimasi GI 407 Mscfd
B-221 : 4 (+4) KA Turun (-0.4%) Prod. 24 jam, ex. Start sumur
BN-058 : 48 (+3) Gross Naik (+64) 
B-132 : 29 (+2) KA Turun (-0.9%) 
BN-022 : 13 (+2) KA Turun (-0.7%) 
B-219 : 29 (+2) KA Turun (-0.2%) 
BN-038 : 13 (+2) KA Turun (-0.4%)",6966.617352895149,4472.568340558686,6786.74564636011,4357.090704963191,6619.3045999999995,3712.0,4380.0,0.0,668.0,5728.0,8092.5,2142.0,4506.5,738.0,1449.5,1426.0,2137.5,1504.0,1929.0,0.0,425.0,11682.0,15851.0,3568.0,7737.0,4.0,16.3,0.0,400.0,19597.818,4.0,24.416666666666668,0.0,232.41666666666666,8582.7644,28180.5824,21667.7028,26.425,413.71,80.0,1815.8279,577.0417,330.29999999999995,0.0,193.3,3436.6046000000006,322.1,77.10000000000001,2378.6,378.2,3156.0,26.700000000000003,0.0,0.0,26.700000000000003,0.0,3522.253720847874,2715.0527527594677,381.9981263926586,0.5533,1.4161,0.4092,0.3221,0.3,1.1932,28.0,675.0,4.0,0,
2026-06-23,2264.1752643326813,2139.5519933772352,2050.074,2050.074,0.0,1719.699,253.375,0.0,0.0,0.0,0.0,77.0,0.0,11103.5,469.5,15504.416666666666,856.0,7269.5,378.625,8130.5,268.75,77.0,42007.916666666664,2049.875,40035.041666666664,40159.49,40123.0,4.0,36.0,15.0,28.0,55.0,"*Sumur Gain*
B-239 : 170 (+23) Gross Naik (+56) 
B-221 : 21 (+17) KA Turun (-1.9%) 
B-125 : 27 (+6) KA Turun (-0.7%) 
B-231 : 24 (+5) KA Turun (-1.6%) 
BN-017 : 11 (+3) Gross Naik (+41) Pkl 06.00 optimasi GI 472 Mscfd
BN-038 : 16 (+3) KA Turun (-0.6%) 
BN-058 : 51 (+3) KA Turun (-2.5%) 
B-173 : 34 (+2) Gross Naik (+11) 
B-102 : 31 (+2) KA Turun (-0.1%) 
B-216 : 21 (+2) KA Turun (-1%) 

*Sumur Low*
B-146 : 19 (-8) Gross Turun (-151) Pkl 17.02 ESP Off due to flowline leak
B-223 : 19 (-5) KA Naik (+1.2%) 
BN-039 : 48 (-5) KA Naik (+0.3%) 
B-147 : 8 (-4) KA Naik (+0.6%) 
B-208 : 21 (-3) Gross Turun (-72) 
B-225 : 24 (-3) KA Naik (+0.7%) 
B-234 : 19 (-2) KA Naik (+0.9%) ",6966.617352895149,4472.568340558686,6786.74564636011,4357.090704963191,6742.9067000000005,3720.0,4445.0,0.0,725.0,5812.104166666666,8145.625,2142.0,4475.520833333334,738.0,1399.5833333333335,1306.0,1967.5833333333335,1504.0,1924.0,0.0,420.0,11774.104166666666,15914.208333333334,3448.0,7588.104166666668,4.0,16.3,0.0,401.0,19374.451,3.0,24.583333333333332,0.0,224.29166666666666,8761.4719,28135.9229,21499.3412,26.325,418.19,80.0,1800.1084,576.0833,194.2,0.0,178.0,3272.9066999999995,321.6,76.9,2697.4,353.3,3449.2000000000003,20.8,0.0,0.0,20.8,0.0,3578.454470904845,2829.814455855793,334.6377732393631,0.7361,1.3819,0.5794,0.3216,0.3,1.3062,28.0,675.0,4.0,0,
2026-06-24,2264.1752643326813,2139.5519933772352,2025.069,2025.064,0.0,1703.564,240.25,0.0,0.0,0.0,0.0,81.25,0.0,11289.0,466.0,15084.333333333334,865.25,6920.4375,352.75,8055.5,259.75,81.0,41349.270833333336,2024.75,39405.520833333336,40411.551333313466,39586.083333313465,4.0,36.0,15.0,28.0,55.0,"*Sumur Low*
B-146 : 0 (-19) Gross Turun (-368) Shut Off 24 jam, due to flowline leak
BN-058 : 45 (-6) KA Naik (+4.1%) 
BN-026 : 10 (-5) KA Naik (+14.2%) 
B-220 : 17 (-4) KA Naik (+1.8%) 
B-160 : 49 (-4) KA Naik (+0.1%) 
B-206 : 24 (-3) Gross Turun (-17) 
B-136 : 34 (-2) Gross Turun (-81) 
B-199 : 107 (-2) KA Naik (+0.7%) 
B-132 : 27 (-2) Gross Turun (-16) 
B-173 : 32 (-2) KA Naik (+6.8%)

*Sumur Gain*
B-235 : 4 (+4) KA Turun (-0.8%) Pkl 17.00 tutup sumur (Program SBHP)
BN-014 : 16 (+3) KA Turun (-0.5%) 
B-191 : 54 (+3) KA Turun (-4.9%) 
B-239 : 173 (+3) Gross Naik (+32) 
B-198 : 61 (+2) KA Turun (-0.6%) 
BN-018 : 112 (+2) Gross Naik (+113) 
B-237 : 21 (+2) Gross Naik (+13)",6966.617352895149,4472.568340558686,6786.74564636011,4357.090704963191,6737.2065,3720.0,4343.0,0.0,623.0,5972.791666666667,8264.291666666668,2142.0,4433.500000000001,738.0,1240.0,1306.0,1808.0,1504.0,2018.0,0.0,514.0,11934.791666666668,15865.291666666668,3448.0,7378.500000000001,4.0,16.2,0.1,400.0,18748.4985,3.0,24.458333333333332,0.0,211.5,8756.4814,27504.979900000002,20874.098400000003,26.325,414.014,80.0,1771.1342,573.8333,172.7,0.0,175.3,3213.3064999999997,317.4,76.4,2698.5,380.6,3472.9,51.0,0.0,0.0,51.0,0.0,3598.472699939012,2894.0266994307794,244.7071006302094,1.0611,1.0756,0.5618,0.3174,0.3,0.623,28.0,677.6,4.0,0,
2026-06-25,2264.1752643326813,2139.5519933772352,2020.023,2020.037,0.0,1703.537,245.5,0.0,0.0,0.0,0.0,71.0,0.0,11357.0,461.0,14848.75,858.0,6857.4375,349.75,8278.5,270.5,81.0,41341.6875,2020.25,39402.4375,39589.937999999995,39520.0,4.0,35.0,15.0,27.0,54.0,"*Sumur Low*
B-236 : 27 (-8) KA Naik (+1.4%) 
B-239 : 165 (-8) Gross Turun (-13) 
B-233 : 8 (-6) KA Naik (+1.3%) 
B-235 : 0 (-4) Gross Turun (-543) Pkl. 17.00 Tutup sumur (Program SBHP)
BN-038 : 13 (-3) KA Naik (+0.7%) 
B-231 : 22 (-3) KA Naik (+0.6%) 
BN-022 : 11 (-2) Gross Turun (-81)

*Sumur Gain*
B-148 : 11 (+11) Gross Naik (+162) Pkl 00.00 start sumur ex Program WI. Pkl 15.50 increase frequency from 84 Hz to 88 Hz at 2 hours
B-186 : 21 (+5) KA Turun (-27%) 
BN-058 : 48 (+3) KA Turun (-9.2%) 
B-185 : 27 (+3) KA Turun (-0.5%) 
B-213 : 22 (+3) Gross Naik (+24) 
B-238 : 35 (+3) Gross Naik (+145) 
B-234 : 21 (+2) Gross Naik (+131)  ",6966.617352895149,4472.568340558686,6786.74564636011,4357.090704963191,6351.9471,3518.0,4312.0,0.0,794.0,5676.0,8049.5,2142.0,4515.5,738.0,1240.0,1204.0,1706.0,1504.0,2095.0,0.0,591.0,11436.0,15696.5,3346.0,7606.5,4.0,15.6,0.0,398.0,18405.3983,3.0,25.0,0.0,274.7083333333333,8944.4691,27349.867400000003,21104.1703,26.25,428.562,80.0,1748.5684,577.1667,176.8,0.0,233.6,3270.9471,316.6,74.4,2284.6,401.8,3077.4,3.6,0.0,0.0,3.6,0.0,3413.7592512719384,2651.7594183987376,286.42843032932365,0.4293,1.2659,0.5894,0.3166,0.3,2.5961,27.0,680.0,4.0,0,
2026-06-26,2264.1752643326813,2139.5519933772352,2028.068,2028.078,0.0,1805.1821666666667,148.0,0.0,0.0,0.0,0.0,74.89583333333334,0.0,11497.3125,466.0,15060.4375,864.3958333333334,7424.125,360.375,8408.8125,261.6875,76.0,42390.6875,2028.4583333333335,40438.229166666664,40662.755999999994,40575.5,5.0,36.0,16.0,27.0,57.0,"*Sumur Gain*
B-146 : 27 (+27) Gross Naik (+513) Ex Program Penyisipan Flowline. Pkl 00.00 Manual Restart at 70 Hz and program up freq to 80 Hz in 30 min
B-148 : 16 (+6) Gross Naik (+77) 
B-235 : 4 (+4) Gross Naik (+231) Pkl 15.40 buka sumur di SB 38, ex Program SBHP. Ukur GI 338 Mscfd 
BN-039 : 51 (+3) KA Turun (-0.1%) 
B-211 : 16 (+3) Gross Naik (+3) 
B-203 : 16 (+3) KA Turun (-1.7%)   
B-125 : 30 (+3) KA Turun (-0.5%) 
B-186 : 24 (+3) Gross Naik (+8) 
B-160 : 51 (+2) Gross Naik (+88) 
BN-017 : 13 (+2) Gross Naik (+14) 

*Sumur Low*
B-234 : 8 (-13) Gross Turun (-142) Pkl 09.15 kosongkan sumur, Program WI
B-231 : 13 (-8) Gross Turun (-138) Pkl 15.00 kosongkan sumur, Program WO
BN-058 : 40 (-8) KA Naik (+10%) 
B-220 : 11 (-6) KA Naik (+1.7%) 
B-243 : 59 (-6) KA Naik (+0.3%) ",6966.617352895149,4472.568340558686,6786.74564636011,4357.090704963191,6962.383499999999,3518.0,4286.0,399.9375,1167.9375,5795.708333333333,7941.208333333333,2142.0,4287.499999999999,579.875,1140.125,1161.0,1721.25,1389.25,1961.25,0.0,572.0,11282.833333333332,15328.583333333332,3702.9375,7748.687499999999,4.0,16.1,0.0,399.0,18961.739800000003,4.0,24.75,0.0,285.4583333333333,8757.316299999999,27719.0561,20863.147600000004,26.475,423.787,80.0,1770.4882,575.3333,256.0,0.0,254.2,3386.2834999999995,327.79999999999995,75.39999999999999,2812.5,358.20000000000005,3573.8999999999996,2.2,0.0,0.0,2.2,0.0,3330.155442050669,3212.617240698021,419.6108172513087,0.5675,1.508,0.737,0.3278,0.3,2.6718,27.0,675.2,4.0,0,
2026-06-27,2264.1752643326813,2139.5519933772352,1980.082,1980.09,0.0,1696.09,199.0,0.0,0.0,0.0,0.0,85.0,0.0,11363.0,480.0,15303.583333333334,888.6041666666666,7045.5,274.25,8741.083333333332,264.10416666666663,73.0,42453.16666666667,1979.958333333333,40546.208333333336,40673.601,40677.75,5.0,36.0,16.0,28.0,57.0,"*Sumur Low*
B-239 : 79 (-87) Gross Turun (-261) Pkl 10.10 Program increase frequency from 90 Hz to 92 Hz at 1 h
B-231 : 0 (-13) Gross Turun (-230) Shut in 24 jam, Program WO
B-234 : 0 (-8) Gross Turun (-85) Shut in 24 jam, Program WI
B-206 : 21 (-3) KA Naik (+1.1%)

*Sumur Gain*
B-232 : 7 (+7) Gross Naik (+138) Pkl 08.30 buka sumur/GI ex imbangi tekanan jaringan, lanjut ukur GI 284 Mscfd
B-229 : 7 (+7) Gross Naik (+437) Pkl 08.20 buka sumur/GI ex imbangi tekanan jaringan, lanjut ukur GI 373 Mscfd
B-235 : 11 (+7) Gross Naik (+420) Prod. 24 jam, ex Program SBHP
BN-026 : 16 (+6) Gross Naik (+48) 
BN-058 : 43 (+3) KA Turun (-1.1%) 
B-136 : 37 (+3) KA Turun (-0.1%) 
B-173 : 35 (+3) Gross Naik (+37) 
B-147 : 11 (+3) KA Turun (-0.2%) 
B-144 : 14 (+3) KA Turun (-0.5%) Pkl 15.48 ukur GI 204 Mscfd 
B-081 : 24 (+3) KA Turun (-0.3%) Pkl 07.00 ukur GI 420 Mscfd
B-221 : 24 (+3) KA Turun (-0.7%) 
BN-018 : 115 (+3) KA Turun (-0.2%) 
B-125 : 32 (+3) KA Turun (-0.2%) 
B-148 : 19 (+3) Gross Naik (+30) 
B-223 : 21 (+2) KA Turun (-0.9%) 
BN-024 : 37 (+2) KA Turun (-0.1%) 
B-181 : 15 (+2) KA Turun (-0.1%) Pkl 07.35 ukur GI 309 Mscfd",6966.617352895149,4472.568340558686,6786.74564636011,4357.090704963191,7797.484600000001,3518.0,4262.0,816.0,1560.0,6243.416666666667,8161.0,2142.0,4059.583333333333,485.0,1026.0,1176.0,1717.0,1165.8958333333333,1708.8958333333333,0.0,543.0,11412.3125,15157.895833333332,4134.0,7879.583333333333,4.0,16.7,0.0,403.0,19223.362500000003,4.0,24.875,0.0,289.4583333333333,8661.8593,27885.221800000003,20194.1372,26.4,429.362,80.0,1802.4226,576.5,304.4,0.0,202.1,3421.1846,332.5,76.5,3674.3,291.8,4375.1,1.2,0.0,0.0,1.2,0.0,3426.5060823288018,3912.802594265773,458.1759234054257,0.39,1.6708,1.6135,0.3325,0.3,2.5166,28.0,675.0,4.0,0,
2026-06-28,2264.1752643326813,2139.5519933772352,1982.086,1982.097,0.0,1702.097,213.0,0.0,0.0,0.0,0.0,67.0,0.0,10727.0,477.5,15574.375,874.5,7180.666666666667,285.0,9078.25,274.0,71.0,42560.291666666664,1982.0,40649.291666666664,41136.200999999994,40380.5,5.0,36.0,17.0,28.0,58.0,"*Sumur Gain*
B-239 : 101 (+23) Gross Naik (+104) 
B-232 : 11 (+4) Gross Naik (+76) Prod. 24 jam, ex. Buka sumu, ex. imbangi tekanan jaringan
B-229 : 11 (+4) Gross Naik (+239) Prod. 24 jam, ex. Buka sumur, ex. imbangi tekanan jaringan,
B-220 : 14 (+3) KA Turun (-0.4%) 
BN-038 : 16 (+3) KA Turun (-0.6%) 
B-199 : 110 (+3) KA Turun (-0.9%) 
B-212 : 271 (+3) Gross Naik (+53) 
B-206 : 23 (+2) Gross Naik (+18) 
BN-058 : 45 (+2) KA Turun (-8.3%) 
B-144 : 16 (+2) Gross Naik (+56) 

*Sumur Low*
B-235 : 0 (-11) KA Naik (+1.7%) 
B-102 : 24 (-7) KA Naik (+0.6%) 
B-146 : 24 (-6) KA Naik (+1.7%) 
B-173 : 30 (-5) KA Naik (+3.3%) 
B-125 : 27 (-5) KA Naik (+0.7%) 
B-140 : 37 (-3) KA Naik (+0.2%) 
BN-014 : 13 (-3) KA Naik (+0.5%) 
B-191 : 51 (-3) KA Naik (+5.1%) ",6966.617352895149,4472.568340558686,6786.74564636011,4357.090704963191,7441.606899999999,3570.0,4278.0,793.0,1501.0,6344.0,8250.0,1961.0,3867.0,485.0,1066.0,1181.0,1762.0,1298.0,1840.0,0.0,542.0,11697.0,15434.0,3935.0,7672.0,4.0,16.6,0.0,404.0,18787.9564,3.0,25.0,0.0,304.5416666666667,8628.054900000001,27416.0113,20331.2798,26.325,434.129,80.0,1674.0108,577.2917,315.2,0.0,222.8,3329.7564999999995,162.8,75.30000000000001,3440.2999999999997,292.9,3971.2999999999997,0.0,30.5504,110.0,140.5504,0.0,3369.6744487226274,3617.986670620437,453.94578065693423,0.0,1.6234,1.8169,0.1628,0.4463,2.4523,28.0,675.0,4.0,0,
2026-06-29,2264.1752643326813,2139.5519933772352,1982.096,1982.101,0.0,1688.101,227.0,0.0,0.0,0.0,0.0,67.0,0.0,11114.0,487.5,15342.625,870.0,7399.0,280.0,8921.75,275.5,69.0,42777.375,1982.0,40864.375,41979.645,40518.75,5.0,38.0,17.0,28.0,60.0,"*Sumur Gain*
B-239 : 112 (+11) Gross Naik (+40) 
B-206 : 29 (+7) KA Turun (-4.6%) 
B-179 : 138 (+5) KA Turun (-1.3%) 
B-173 : 35 (+5) KA Turun (-10.2%) 
B-224 : 4 (+4) Gross Naik (+123) Pkl 12.00 buka sumur/GI ex imbangi tekanan jaringan, lanjut ukur GI 339 Mscfd
B-207 : 4 (+4) Gross Naik (+5) Pkl 10.00 buka sumur/GI ex imbangi tekanan jaringan, lanjut ukur GI 393 Mscfd
BN-038 : 19 (+3) KA Turun (-0.7%) 
BN-024 : 40 (+3) Gross Naik (+417) 
B-148 : 22 (+3) KA Turun (-2.7%) 
BN-039 : 53 (+2) Gross Naik (+94) 

*Sumur Low*
B-185 : 13 (-14) KA Naik (+2.3%) 
BN-058 : 32 (-13) KA Naik (+14.4%) 
B-132 : 21 (-6) KA Naik (+3.3%) 
B-236 : 24 (-3) Gross Turun (-32) 
B-160 : 48 (-3) Gross Turun (-192) 
BN-026 : 13 (-3) Gross Turun (-59) 
B-198 : 59 (-2) Gross Turun (-69) ",6966.617352895149,4472.568340558686,6786.74564636011,4357.090704963191,7302.7259,3570.0,4278.0,756.0,1464.0,6551.604166666667,8495.9375,1961.0,3905.333333333333,485.0,1068.0,1181.0,1764.0,1298.0,1845.0,0.0,547.0,11904.604166666668,15686.9375,3898.0,7680.333333333333,4.0,16.2,0.0,406.0,18159.177200000002,3.0,24.958333333333332,0.0,326.5,8719.3288,26878.506,19744.0551,26.275,428.338,80.0,1768.3462,577.1667,319.0,0.0,243.0,3442.1259,175.5,75.2,3287.9,291.0,3829.6,0.0,0.0,31.0,31.0,0.0,3352.008555114793,3511.431806175949,439.28553870925765,0.0,1.5146,1.7733,0.1755,0.4303,2.3494,28.0,675.0,4.0,0,
2026-06-30,2264.1752643326813,2139.5519933772352,1985.085,1985.097,0.0,1686.097,232.0,0.0,0.0,0.0,0.0,67.0,0.0,11000.0,485.5,15476.354166666668,870.3125,7060.0,287.0,8963.75,277.0,65.0,42500.10416666667,1984.8125,40580.29166666667,40694.768666686534,40536.666666686535,5.0,37.0,16.0,28.0,58.0,"*Sumur Gain*
B-239 : 125 (+13) KA Turun (-5.2%) 
B-224 : 8 (+4) Gross Naik (+123) Prod. 24 jam,ex. Buka sumur, ex. imbangi tekanan jaringan
B-207 : 6 (+3) Gross Naik (+4) Prod. 24 jam,ex. Buka sumur, ex. imbangi tekanan jaringan
B-169 : 48 (+3) Gross Naik (+107) 
BN-017 : 16 (+3) Gross Naik (+24) 
B-217 : 19 (+2) KA Turun (-3.4%) 
B-213 : 24 (+2) KA Turun (-3.6%) 
B-203 : 18 (+2) KA Turun (-1.5%)   
B-136 : 39 (+2) KA Turun (-0.1%) 
B-125 : 29 (+2) KA Turun (-0.3%) 

*Sumur Low*
B-191 : 40 (-11) Gross Turun (-42) Pkl 09.18 - 11.38 manual off program penyisipan. Manual restart at 30 Hz and up freq gradually to 52 Hz
BN-014 : 8 (-5) KA Naik (+0.6%) 
BN-058 : 27 (-5) Gross Turun (-317) 
B-173 : 32 (-3) KA Naik (+8.3%) 
B-146 : 21 (-3) KA Naik (+0.6%) 
B-243 : 58 (-1) KA Naik (+0.2%) ",6966.617352895149,4472.568340558686,6786.74564636011,4357.090704963191,7270.001700000001,3570.0,4468.0,381.0,1279.0,6709.0,8638.75,1961.0,3890.75,485.0,1159.0,1054.0,1728.0,1298.0,1777.0,0.0,479.0,12062.0,16042.75,3396.0,7376.75,4.0,16.4,0.0,407.0,18225.968,4.0,24.916666666666668,0.0,320.75,9416.299599999998,27642.2676,20478.740899999997,26.475,432.686,80.0,1618.0324,575.7083,311.40000000000003,0.0,246.2,3290.5017000000003,316.0,77.10000000000001,3296.7,287.8,3977.6,1.9,0.0,0.0,1.9,0.0,3215.535031914461,3566.6297695190974,487.8368985664419,0.1962,1.1471,1.9534,0.316,0.3,2.436,28.0,675.0,4.0,0,
2026-07-01,2231.2213639790284,2120.1312684806276,1996.07,1996.084,0.0,1686.084,237.5,0.0,0.0,0.0,0.0,72.5,0.0,11409.0,486.25,15336.5,877.5,7172.125,287.5,8995.75,281.5,63.0,42913.375,1995.75,40980.625,41712.37166668653,40551.666666686535,5.0,38.0,16.0,28.0,59.0,"*Sumur Gain*
B-239 : 131 (+6) Gross Naik (+80) 
B-191 : 45 (+5) Gross Naik (+31) Prod. 24 jam, ex. Manual Off, program penyisipan. Ex. Manual restart 
BN-058 : 32 (+5) Gross Naik (+72) 
B-219 : 34 (+5) Gross Naik (+107) 
B-199 : 114 (+4) KA Turun (-0.6%) 
B-233 : 11 (+3) KA Turun (-0.6%) 
B-102 : 27 (+3) KA Turun (-0.1%) 
B-198 : 62 (+3) Gross Naik (+20) 
BN-017 : 19 (+3) Gross Naik (+37) 
B-208 : 23 (+2) Gross Naik (+141) 
B-216 : 23 (+2) KA Turun (-0.4%) 
B-132 : 23 (+2) KA Turun (-1.4%) 

*Sumur Low*
B-217 : 11 (-8) Gross Turun (-163) Pkl 10.00 ukur GI 450 Mscfd
B-173 : 27 (-5) Gross Turun (-30) 
B-140 : 32 (-5) KA Naik (+0.1%) 
B-125 : 24 (-5) KA Naik (+0.7%) 
BN-026 : 10 (-3) Gross Turun (-5) 
B-220 : 13 (-1) KA Naik (+0.4%) ",6581.036105038629,4225.0251794348,6432.6106052146215,4129.736008547787,7775.0127,3570.0,4103.0,561.0,1094.0,6752.0,8752.0,1961.0,3961.0,554.375,1268.3333333333335,1059.0,1772.9583333333335,1298.0,1778.0,0.0,480.0,12174.375,15901.333333333334,3581.0,7307.958333333334,4.0,15.9,0.0,410.0,18823.1017,3.0,24.916666666666668,18.573,284.4166666666667,8707.1057,27530.2074,19861.8197,26.625,438.961,80.0,1741.0934,575.3333,327.79999999999995,0.0,83.3,3273.1127000000006,336.4,79.60000000000001,3772.0,312.7,4500.7,1.2,0.0,0.0,1.2,0.0,3531.118538757407,3693.852496723889,550.0416645187042,0.2502,1.4465,2.0753,0.3364,0.3,2.4374,28.0,675.0,4.0,0,
2026-07-02,2231.2213639790284,2120.1312684806276,1988.045,1988.041,0.0,1675.8743333333332,242.66666666666666,0.0,0.0,0.0,0.0,69.5,0.0,11083.833333333334,482.91666666666663,14739.0,861.9375,7234.0,293.0,8658.484375,285.59375,65.0,41715.317708333336,1988.4479166666665,39791.86979166667,39832.87133334327,39816.20833334327,5.0,38.0,16.0,28.0,59.0,"*Sumur Low*
BN-017 : 11 (-8) KA Naik (+4.7%) 
B-179 : 131 (-7) Gross Turun (-54) 
B-146 : 16 (-5) KA Naik (+1.3%) 
B-211 : 11 (-5) KA Naik (+50.2%) 
B-125 : 19 (-5) KA Naik (+0.6%) 
BN-024 : 36 (-4) Gross Turun (-186) 
B-144 : 11 (-4) Gross Turun (-217) Tutup sumur jam 17.10, Imbangi debit air MGS
B-181 : 11 (-4) Gross Turun (-315) Tutup sumur jam 17.20, Imbangi debit air MGS
B-229 : 8 (-3) Gross Turun (-197) Tutup sumur jam 17.10, Imbangi debit air MGS
B-221 : 21 (-3) Gross Turun (-138) 
BN-014 : 6 (-2) Gross Turun (-183) Tutup sumur jam 17.00, Imbangi debit air MGS

*Sumur Gain*
B-239 : 141 (+11) Gross Naik (+67) 
BN-039 : 59 (+6) KA Turun (-0.3%) 
BN-058 : 37 (+5) KA Turun (-1.4%) 
B-132 : 27 (+5) KA Turun (-2.2%) 
B-206 : 32 (+3) KA Turun (-1.1%) 
B-225 : 27 (+3) Gross Naik (+64) 
BN-026 : 13 (+3) KA Turun (-6.5%) 
B-148 : 24 (+2) KA Turun (-0.7%) 
B-147 : 13 (+2) KA Turun (-0.2%) 
B-173 : 29 (+2) KA Turun (-9%)",6581.036105038629,4225.0251794348,6432.6106052146215,4129.736008547787,7779.7313,3458.0,3998.0,553.0,1093.0,6585.166666666667,8646.104166666668,1961.0,4021.937500000001,818.0,1673.0,1108.0,1963.0,1133.9583333333335,1612.9583333333335,0.0,479.0,11995.125,15930.062500000002,3622.0,7556.937500000001,4.0,16.7,0.0,410.0,19410.013,4.0,24.7916666666667,100.985,294.291666666667,8720.3736,28130.386599999998,20457.2303,26.575,429.177,80.0,1751.496,575.5833,337.1,0.0,71.3,3271.2313,326.8,78.2,3755.8,346.4,4507.2,1.3,0.0,0.0,1.3,0.0,3531.058993910398,3655.690661236778,592.9816448528258,0.3672,1.2518,2.1368,0.3268,0.3,2.3734,28.0,678.4,4.0,0,
2026-07-03,2231.2213639790284,2120.1312684806276,1980.072,1980.082,0.0,1669.582,244.0,0.0,0.0,0.0,0.0,66.5,0.0,10820.5,477.0,13568.0,858.0,7461.0,301.0,7734.5,277.5,67.0,39584.0,1980.5,37670.5,36336.58700000001,37747.625,5.0,33.0,16.0,28.0,54.0,"*Sumur Low*
B-144 : 0 (-11) Gross Turun (-583) Shut in 24 jam, imbangi debit air MGS
B-181 : 0 (-11) Gross Turun (-849) Shut in 24 jam, imbangi debit air MGS
B-229 : 0 (-8) Gross Turun (-479) Shut in 24 jam, imbangi debit air MGS
BN-014 : 0 (-6) Gross Turun (-445) Shut in 24 jam, imbangi debit air MGS
BN-024 : 33 (-4) Gross Turun (-70) 
B-202 : 8 (-3) KA Naik (+2.8%) 
B-199 : 112 (-2) Gross Turun (-18)

*Sumur Gain*
B-198 : 67 (+6) Gross Naik (+88) 
B-160 : 53 (+5) Gross Naik (+120) 
B-243 : 62 (+4) KA Turun (-0.1%) 
B-148 : 28 (+4) KA Turun (-1%) 
B-236 : 27 (+3) Gross Naik (+45) 
B-185 : 16 (+3) Gross Naik (+65) 
BN-026 : 16 (+3) Gross Naik (+18) 
B-239 : 144 (+3) Gross Naik (+8) 
B-216 : 24 (+2) Gross Naik (+36) 
B-173 : 31 (+2) KA Turun (-13.6%)",6581.036105038629,4225.0251794348,6432.6106052146215,4129.736008547787,7841.881000000001,3186.0,3770.0,548.0,1132.0,6162.0,8299.0,1961.0,4098.0,871.0,1646.0,1113.0,1888.0,721.0,1205.0,0.0,484.0,10940.0,14920.0,3622.0,7602.0,4.0,16.3,0.0,408.0,18921.3177,3.0,24.375,603.198,324.2916666666667,8801.4478,27722.7655,19987.434499999996,26.55,418.452,80.0,1743.3957,576.0833,339.5,0.0,79.8,3263.781,335.6,77.0,3792.7,369.3,4574.6,3.5,0.0,0.0,3.5,0.0,3607.347784398843,3709.471727966325,525.061487634833,0.167,1.5038,2.1219,0.3356,0.3,2.3682,28.0,646.4,4.0,0,
2026-07-04,2231.2213639790284,2120.1312684806276,1988.085,1988.079,0.0,1681.579,250.5,0.0,0.0,0.0,0.0,56.0,0.0,10993.0,484.0,13740.625,849.8125,7683.0,298.5,8085.5,291.75,64.0,40502.125,1988.0625,38578.0625,38601.17666668654,38496.666666686535,6.0,33.0,16.0,28.0,55.0,"*Sumur Gain*
B-144 : 4 (+4) Gross Naik (+214) Buka sumur jam 18.00, ex. imbangi debit air MGS
B-186 : 28 (+4) Gross Naik (+175) 
BN-026 : 20 (+4) KA Turun (-7.6%) 
B-148 : 32 (+4) Gross Naik (+45) 
B-223 : 24 (+3) Gross Naik (+75) 
BN-018 : 118 (+3) Gross Naik (+45) 
B-220 : 16 (+3) KA Turun (-0.3%) 
B-206 : 35 (+3) KA Turun (-0.8%) 
B-239 : 147 (+3) Gross Naik (+5) 
BN-017 : 13 (+2) KA Turun (-1.3%) 
B-207 : 8 (+2) Gross Naik (+8) 
B-132 : 29 (+2) Gross Naik (+14) 
B-219 : 35 (+1) Gross Naik (+145) 
B-173 : 32 (+1) Gross Naik (+54) 

*Sumur Low*
B-221 : 11 (-11) Gross Turun (-218) Jam 17.30 Tutup GI (Sumur jadi SA), Lanjut BD ke SA38
B-224 : 3 (-5) KA Naik (+2.1%) 
B-146 : 13 (-3) KA Naik (+0.7%) 
BN-039 : 56 (-3) KA Naik (+0.2%) 
B-203 : 15 (-2) Gross Turun (-24) Tutup sumur jam 21.00, Flowline bocor
B-147 : 11 (-2) KA Naik (+0.3%) 
BN-058 : 35 (-2) KA Naik (+1.2%) ",6581.036105038629,4225.0251794348,6432.6106052146215,4129.736008547787,8143.445000000001,3186.0,3790.0,575.0,1179.0,5932.5,8118.5,2523.0,4709.0,871.0,1625.0,1196.0,1950.0,772.0,1290.0,0.0,518.0,10761.5,14823.5,4294.0,8356.0,4.0,15.6,0.0,406.0,18580.1395,3.0,24.625,335.984,297.5416666666667,8793.7718,27373.9113,19336.891300000003,26.425,410.567,80.0,1697.4113,576.0417,344.1,0.0,329.9,3464.4449999999997,317.9,76.1,3907.5,375.2,4676.7,2.3,0.0,0.0,2.3,0.0,3546.4332641215888,4073.671625179511,523.3401106988989,0.2668,1.5037,2.137,0.3179,0.3,2.3279,28.0,664.0,4.0,0,
2026-07-05,2231.2213639790284,2120.1312684806276,1982.078,1982.099,0.0,1675.599,261.0,0.0,0.0,0.0,0.0,45.5,0.0,10906.0,478.0,13076.5,817.0,7570.0,319.0,9003.166666666668,304.0833333333333,64.0,40555.66666666667,1982.0833333333333,38637.583333333336,38770.266,38689.5,7.0,34.0,16.0,28.0,57.0,"*Sumur Low*
B-203 : 0 (-15) Gross Turun (-171) Tutup sumur 24 jam, program penyisipan flowline korosif
B-221 : 0 (-11) KA Naik (+2.4%) Jam 00.00 bean down dari SA38 ke SA28
B-199 : 107 (-5) Gross Turun (-61) 
B-213 : 20 (-4) Gross Turun (-25) 
B-179 : 128 (-3) Gross Turun (-56) 
B-169 : 46 (-3) KA Naik (+0.4%) 
B-173 : 29 (-3) Gross Turun (-38) 
B-132 : 27 (-2) Gross Turun (-18) 
B-198 : 66 (-1) Gross Turun (-68)

*Sumur Gain*
B-144 : 13 (+9) Gross Naik (+666) Prod 24 jam, ex. imbangi debit air MGS
B-239 : 154 (+8) Gross Naik (+29) 
BN-058 : 40 (+5) KA Turun (-1.7%) 
B-229 : 5 (+5) Gross Naik (+282) Buka sumur jam 14.00, ex. imbangi debit air MGS
B-125 : 24 (+5) KA Turun (-0.9%) 
B-208 : 27 (+5) Gross Naik (+106) 
B-146 : 16 (+3) KA Turun (-0.5%) 
B-227 : 2 (+2) Gross Naik (+44) Buka sumur jam 12.00, ex. Imbangi tekanan jaringan",6581.036105038629,4225.0251794348,6432.6106052146215,4129.736008547787,8358.8156,3186.0,3689.0,519.0,1022.0,5472.0,7645.0,3411.2916666666665,5584.291666666666,818.0,1595.0,1191.0,1968.0,1078.0,1596.0,0.0,518.0,10554.0,14525.0,5121.291666666666,9092.291666666666,4.0,16.5,0.0,406.0,19062.6577,4.0,25.0,0.0,311.5,8925.9331,27988.590799999998,19736.1002,26.325,397.028,80.0,1715.1876,576.875,307.7,0.0,716.6,3819.7155999999995,316.5,73.8,3772.5,374.0,4536.8,2.3,0.0,0.0,2.3,0.0,3284.7657371454743,4607.949602923723,466.10025993080205,0.3102,1.4801,1.9822,0.3165,0.3,2.3003,28.0,680.0,4.0,0,
2026-07-06,2231.2213639790284,2120.1312684806276,1998.042,1998.045,0.0,1682.7116666666666,267.33333333333337,0.0,0.0,0.0,0.0,48.0,0.0,10801.166666666666,475.83333333333337,13653.333333333332,825.8541666666667,7486.0,319.0,9852.5,315.9166666666667,61.0,41793.0,1997.6041666666667,39856.395833333336,39958.867,39910.0,7.0,36.0,16.0,28.0,59.0,"*Sumur Gain*
B-229 : 18 (+14) Gross Naik (+781) Prod. 24 jam, ex. Imbangi debit air MGS
BN-026 : 26 (+6) KA Turun (-11.4%) 
B-148 : 37 (+5) KA Turun (-1.7%) 
B-181 : 4 (+4) Gross Naik (+340) Pkl. 17.00 Buka sumur,ex. Imbangi  debit air MGS
B-173 : 32 (+3) Gross Naik (+24) 
B-102 : 29 (+3) Gross Naik (+101) 
B-125 : 27 (+3) KA Turun (-0.3%) 
B-239 : 157 (+3) Gross Naik (+11) 
B-232 : 13 (+2) KA Turun (-0.6%) 
B-227 : 4 (+2) Gross Naik (+66) Prod. 24 jam, ex. Imbangi tekanan jaringan
B-208 : 29 (+2) KA Turun (-0.2%) 
B-203 : 2 (+2) Gross Naik (+18) Pkl. 21.30 Buka sumur,ex. Penyisipan Flowline korosif
BN-014 : 1 (+1) Gross Naik (+105) Pkl. 20.00 Buka sumur, ex Imbangi debit air MGS

*Sumur Low*
BN-024 : 27 (-6) Gross Turun (-300) 
BN-038 : 13 (-6) KA Naik (+0.7%) 
B-206 : 29 (-6) KA Naik (+1.9%) 
BN-039 : 53 (-3) KA Naik (+0.1%) 
B-220 : 13 (-3) KA Naik (+0.6%) 
B-146 : 13 (-3) KA Naik (+0.6%) 
BN-058 : 37 (-3) Gross Turun (-24) 
B-191 : 43 (-2) Gross Turun (-21) ",6581.036105038629,4225.0251794348,6432.6106052146215,4129.736008547787,8216.521999999999,3250.0,3738.0,233.0,721.0,5870.125,7942.125,3271.0,5343.0,818.0,1499.0,783.0,1464.0,1759.4166666666667,2286.416666666667,0.0,527.0000000000002,11697.541666666668,15465.541666666668,4287.0,8055.0,4.0,16.8,0.0,408.0,19193.9408,3.0,25.0,0.0,317.5,8773.8897,27967.8305,19857.6585,26.35,397.87,80.0,1727.452,576.75,315.5,0.0,587.3,3711.2219999999998,319.8,72.4,3729.0,381.9,4503.099999999999,2.2,0.0,0.0,2.2,0.0,3090.7587411545624,4603.496435257604,522.2668235878336,0.3275,1.3261,2.0754,0.3198,0.3,2.2951,28.0,680.0,4.0,0,
2026-07-07,2231.2213639790284,2120.1312684806276,2016.024,2016.035,0.0,1687.035,268.5,0.0,0.0,0.0,0.0,60.5,0.0,11360.5,473.0,14960.0,862.0,7525.5,299.5,9732.0,325.9166666666667,56.0,43578.0,2016.4166666666667,41617.583333333336,41789.5,41726.0,6.0,38.0,16.0,28.0,60.0,"*Sumur Gain*
B-203 : 13 (+11) Gross Naik (+212) Prod. 24 jam, ex. Program penyisipan FL
B-181 : 15 (+11) Gross Naik (+825) Prod. 24 jam, ex. Imbangi debit air MGS
B-221 : 10 (+10) KA Turun (-7.5%) Jam 09.45 aliran lemah, buka GI (dari SA 28 ke SB OF)
BN-014 : 8 (+7) Gross Naik (+510) Prod. 24 jam, ex. Imbangi debit air MGS
B-148 : 43 (+6) KA Turun (-2.2%) 
B-198 : 69 (+3) KA Turun (-0.9%) 
B-233 : 14 (+3) KA Turun (-0.3%) 
B-217 : 13 (+2) Gross Naik (+235) 
BN-038 : 15 (+2) KA Turun (-0.2%) 
B-146 : 15 (+2) KA Turun (-0.2%) 
B-147 : 12 (+1) KA Turun (-0.1%) 

*Sumur Low*
B-239 : 144 (-13) KA Naik (+2%) 
B-125 : 21 (-6) KA Naik (+0.7%) 
BN-017 : 8 (-5) Gross Turun (-22) 
BN-022 : 8 (-3) KA Naik (+1.2%) 
BN-018 : 115 (-3) KA Naik (+0.1%) 
BN-058 : 35 (-2) KA Naik (+0.4%) ",6581.036105038629,4225.0251794348,6432.6106052146215,4129.736008547787,7841.308900000001,3570.0,4085.0,233.0,748.0,6469.0,8691.0,2284.0,4506.0,818.0,1552.0,786.0,1520.0,2149.7083333333335,2696.7083333333335,0.0,547.0,13006.708333333334,17024.708333333336,3303.0,7321.0,4.0,16.5,0.0,408.0,19902.1012,3.0,24.625,63.905,252.83333333333334,8739.5852,28641.6864,20906.902500000004,26.525,402.29,80.0,1758.3189,575.375,308.2,0.0,359.6,3510.3088999999995,349.6,77.5,3540.5,361.1,4328.7,2.3,0.0,0.0,2.3,0.0,3397.4363926785963,3832.2911138095888,611.5813935118152,0.3096,1.5592,1.6717,0.3496,0.3,2.298,28.0,680.0,4.0,0,
2026-07-08,2231.2213639790284,2120.1312684806276,2013.045,2013.03,0.0,1682.03,265.5,0.0,0.0,0.0,0.0,65.5,0.0,11394.083333333334,469.0,15239.0,862.0,7477.5,305.5,9678.166666666668,320.9166666666667,56.0,43788.75,2013.4166666666667,41831.333333333336,42095.077666656725,41985.79166665673,6.0,38.0,16.0,28.0,60.0,"*Sumur Low*
B-237 : 14 (-7) Gross Turun (-59) 
BN-024 : 21 (-6) Gross Turun (-185) 
B-173 : 27 (-5) Gross Turun (-26) 
B-132 : 24 (-3) Gross Turun (-38) 
B-185 : 13 (-3) KA Naik (+0.4%) 
B-239 : 141 (-3) KA Naik (+1.4%) 
B-206 : 27 (-2) KA Naik (+1.5%)

*Sumur Gain*
B-125 : 27 (+6) KA Turun (-0.7%) 
B-221 : 15 (+5) Gross Naik (+389) 
B-199 : 110 (+3) Gross Naik (+152) 
B-243 : 65 (+3) KA Turun (-0.1%) 
B-160 : 56 (+3) KA Turun (-0.2%) 
BN-017 : 11 (+3) Gross Naik (+49) 
B-236 : 29 (+2) KA Turun (-0.7%) 
BN-026 : 27 (+1) Gross Naik (+29)",6581.036105038629,4225.0251794348,6432.6106052146215,4129.736008547787,7223.4266,3535.5833333333335,3977.1666666666665,240.0,681.5833333333326,6469.0,8751.0,2284.0,4566.0,818.0,1620.0,774.0,1576.0,2966.416666666667,3574.416666666667,0.0,608.0,13789.000000000002,17922.583333333336,3298.0,7431.583333333332,4.0,16.5,0.0,403.0,20300.858399999997,3.0,24.916666666666668,0.0,258.5833333333333,8894.3262,29195.184599999997,22078.157999999996,26.4,405.723,80.0,1785.4619,577.0417,309.3,0.0,206.4,3390.3266,353.6,79.8,3038.9,359.3,3831.6000000000004,1.5,0.0,0.0,1.5,0.0,3184.2400845400844,3474.460175680372,564.7263397795448,0.3416,1.7019,0.9954,0.3536,0.3,2.3041,28.0,680.0,4.0,0,
2026-07-09,2231.2213639790284,2120.1312684806276,2015.058,2015.067,0.0,1668.817,276.25,0.0,0.0,0.0,0.0,70.0,0.0,10924.03125,457.25,15260.5,866.0,7400.75,305.25,9325.166666666668,330.9166666666667,56.0,42910.44791666667,2015.4166666666667,40951.03125000001,41108.965999970205,41004.1249999702,6.0,38.0,16.0,28.0,60.0,"*Sumur Gain*
B-148 : 51 (+8) KA Turun (-11.8%) 
B-233 : 18 (+5) KA Turun (-0.8%) 
B-146 : 19 (+5) KA Turun (-1.2%) 
B-207 : 11 (+4) Gross Naik (+21) 
BN-014 : 11 (+3) KA Turun (-0.3%) 
B-179 : 131 (+3) Gross Naik (+77) 
B-219 : 37 (+2) Gross Naik (+71) 
B-144 : 15 (+2) KA Turun (-0.5%) 

*Sumur Low*
B-212 : 262 (-9) Gross Turun (-117) 
B-173 : 19 (-8) Gross Turun (-36) ESP Off due to unbalance power supply & Auto Restart From 07:13 -16:18 (4 times, Total downtime 5H 16M)
B-239 : 136 (-5) Gross Turun (-13) 
BN-038 : 11 (-4) KA Naik (+0.8%) 
BN-026 : 24 (-3) Gross Turun (-8) ",6581.036105038629,4225.0251794348,6432.6106052146215,4129.736008547787,7440.051200000001,3452.0,3856.21875,255.0,659.21875,6497.0,8655.0,2455.0,4613.0,818.0,1657.0,863.0,1702.0,4215.416666666667,4796.416666666667,0.0,581.0,14982.416666666668,18964.635416666668,3573.0,7555.21875,4.0,16.5,0.0,404.0,20093.7934,3.0,25.0,0.0,297.9166666666667,9012.810899999999,29106.6043,21772.978099999993,26.425,410.72,80.0,1789.0479,576.9583,316.3,0.0,181.7,3381.1512000000002,340.5,77.8,3266.9,371.59999999999997,4056.8,2.1,0.0,0.0,2.1,0.0,3442.924337088189,3438.7698953653726,558.3569675464394,0.2357,1.6628,1.3684,0.3405,0.3,2.2007,28.0,680.0,4.0,0,
2026-07-10,2231.2213639790284,2120.1312684806276,2017.084,2017.095,0.0,1667.47,261.625,0.0,0.0,0.0,0.0,88.0,0.0,10883.416666666666,454.7083333333333,15193.5,872.0,7399.375,295.625,8759.0,341.0,54.0,42235.291666666664,2017.3333333333333,40271.95833333333,37372.539666686534,40336.666666686535,7.0,37.0,17.0,27.0,61.0,"*Sumur Gain*
B-231 : 20 (+20) Gross Naik (+271) Tutup GI, Sumur jadi SA33
B-191 : 47 (+4) Gross Naik (+48) 
B-211 : 15 (+4) Gross Naik (+16) 
BN-026 : 27 (+3) KA Turun (-12.1%) 
B-232 : 16 (+3) Gross Naik (+64) 
B-227 : 6 (+2) KA Turun (-1.7%) 
BN-058 : 37 (+2) Gross Naik (+45) 
BN-022 : 10 (+2) Gross Naik (+39) 
BN-018 : 117 (+2) KA Turun (-0.1%) 
B-146 : 22 (+2) KA Turun (-0.7%) 

*Sumur Low*
B-239 : 128 (-8) Gross Turun (-14) 
B-125 : 21 (-6) KA Naik (+0.7%) 
B-238 : 29 (-6) Gross Turun (-388) 
B-208 : 24 (-5) KA Naik (+0.8%) 
B-173 : 16 (-3) Gross Turun (-38) ESP at 10.41 -20.17, Off due to power supply
B-216 : 21 (-3) Gross Turun (-72) 
B-223 : 21 (-3) Gross Turun (-112) 
B-102 : 27 (-2) Gross Turun (-83) 
B-229 : 16 (-2) Gross Turun (-333) 
B-169 : 45 (-1) KA Naik (+0.4%) ",6581.036105038629,4225.0251794348,6432.6106052146215,4129.736008547787,7979.1506,3452.0,3858.0625,255.0,661.0625,6497.0,8671.0,2455.0,4629.0,818.0,1653.0,891.0,1726.0,1604.0,2153.0,416.0,965.0,12371.0,16335.0625,4017.0,7981.0625,4.0,16.6,0.0,400.0,20199.6616,4.0,25.0,0.0,272.75,8204.915400000002,28404.577,20518.8014,13.375,418.068,80.0,1790.5493,578.4583,322.29999999999995,0.0,127.1,3329.8506,349.4,78.60000000000001,3863.6,355.5,4647.1,2.2,0.0,0.0,2.2,0.0,3487.2269186856383,3912.0626229653003,579.8610583490606,0.2714,1.676,1.9162,0.3494,0.3,2.1391,27.0,680.0,4.0,0,
2026-07-11,2231.2213639790284,2120.1312684806276,1800.071,1800.082,0.0,1514.70309375,196.44140625,0.0,0.0,0.0,0.0,88.9375,0.0,10231.583333333332,412.37499999999994,13565.020833333332,779.9166666666666,6405.131510416667,242.67057291666666,7704.708333333334,312.4791666666667,54.0,37906.444010416664,1801.44140625,36159.002604166664,36270.352666656734,36228.91666665673,7.0,37.0,18.0,28.0,62.0,"*Sumur Low*
B-239 : 89 (-39) Gross Turun (-118) Off ESP jam 18.05-19.35 & 20.20-23.40, PLTG Blackout
B-179 : 98 (-33) Gross Turun (-436) Off ESP jam 18.05-24.00, PLTG Blackout
BN-018 : 87 (-29) Gross Turun (-689) Off ESP jam 18.06-24.00, PLTG Blackout
BN-039 : 40 (-13) Gross Turun (-560) Off ESP jam 18.06-24.00, PLTG Blackout
B-160 : 44 (-12) Gross Turun (-713) Off ESP jam 18.05-24.00, PLTG Blackout
B-213 : 8 (-12) Gross Turun (-60) Off ESP jam 18.05-24.00, PLTG Blackout
B-148 : 39 (-12) Gross Turun (-28) Off ESP jam 20.25-22.45, Imbangi debit air GS/MGS (PLTG Blackout)
B-191 : 35 (-12) Gross Turun (-82) Off ESP jam 18.05-24.00, PLTG Blackout
B-243 : 56 (-9) Gross Turun (-391) Off ESP jam 20.35-22.40, Imbangi debit air GS/MGS (PLTG Blackout)
B-236 : 21 (-8) KA Naik (+2.2%) 
B-136 : 30 (-8) Gross Turun (-468) Off ESP jam 18.05-20.20 & 20.50-23.25, PLTG Blackout
BN-026 : 21 (-6) Gross Turun (-18) 
B-238 : 24 (-5) Gross Turun (-343) Off ESP jam 18.10-20.21 & 21.04-22.56, PLTG Blackout
B-102 : 22 (-5) Gross Turun (-263) Tutup sumur jam 19.20, Imbangi debit air GS/MGS (Blackout PLTG)
B-217 : 8 (-5) KA Naik (+2.9%) 
B-081 : 19 (-5) Gross Turun (-234) Tutup sumur jam 19.10, Imbangi debit air GS/MGS (Blackout PLTG)
B-206 : 22 (-5) Gross Turun (-48) Off ESP jam 18.07-22.46, PLTG Blackout
B-223 : 17 (-4) Gross Turun (-56) Tutup sumur jam 19.00, Imbangi debit air GS/MGS (Blackout PLTG)
B-181 : 12 (-3) Gross Turun (-218) Tutup sumur jam 19.40, Imbangi debit air GS/MGS (Blackout PLTG)
B-147 : 9 (-3) Gross Turun (-213) Off ESP jam 18.05-24.00, PLTG Blackout
BN-038 : 9 (-2) Gross Turun (-77) Tutup sumur jam 19.10, Imbangi debit air GS/MGS (Blackout PLTG)
BN-014 : 9 (-2) Gross Turun (-133) Tutup sumur jam 19.05, Imbangi debit air GS/MGS (Blackout PLTG)
B-146 : 20 (-2) Gross Turun (-108) Off ESP jam 18.07-19.25 & 20.15-23.32, PLTG Blackout
B-220 : 12 (-1) Gross Turun (-28) Off ESP jam 18.15-23.13, PLTG Blackout
B-224 : 3 (-1) Gross Turun (-43) Tutup sumur jam 19.50, Imbangi debit air GS/MGS (Blackout PLTG)

*Sumur Gain*
B-173 : 21 (+5) Gross Naik (+10) Off ESP jam 18.05-19.45 & 20.28-24.00, PLTG Blackout
B-202 : 12 (+4) KA Turun (-5.7%) 
B-199 : 113 (+3) KA Turun (-0.6%) 
B-198 : 72 (+3) Gross Naik (+53) 
BN-017 : 13 (+2) KA Turun (-3.2%) 
B-231 : 22 (+2) KA Turun (-0.4%) 
B-144 : 16 (+1) KA Turun (-0.1%) 
BN-022 : 11 (+1) KA Turun (-0.5%)",6581.036105038629,4225.0251794348,6432.6106052146215,4129.736008547787,7681.4995,3305.75,3740.875,255.0,690.125,6164.4375,8213.458333333332,2455.0,4504.020833333332,818.0,1601.25,891.0,1674.25,1604.0,2027.6250000000002,478.0,901.625,11892.1875,15583.208333333332,4079.0,7770.020833333332,4.0,16.7,0.0,401.0,19304.7223,3.0,24.2916666666667,52.637,277.625,8655.4517,27960.174,20385.0495,26.375,382.544,80.0,1770.5055,575.875,335.7,0.0,152.2,3323.1994999999997,350.5,75.2,3532.1000000000004,397.5,4355.3,3.0,0.0,0.0,3.0,0.0,3210.934798945467,3968.3315847032263,502.23311635130716,0.396,1.1634,1.9727,0.3505,0.3,2.1324,28.0,664.8,4.0,0,
2026-07-12,2231.2213639790284,2120.1312684806276,1842.072,1842.08,79948.737,1581.58,178.3125,0.0,0.0,0.0,0.0,82.1875,0.0,11039.083333333334,456.62499999999994,12082.041666666666,779.7083333333334,6039.75,204.3125,8599.239583333332,343.75,58.0,37760.11458333333,1842.3958333333333,35975.71874999999,36077.59133334327,36062.45833334327,7.0,37.0,18.0,28.0,62.0,"*Sumur Gain*
BN-018 : 120 (+33) Gross Naik (+543) Prod. 24 jam, ex. Off ESP, PLTG Blackout
B-179 : 129 (+31) Gross Naik (+396) Start jam 01.20, ex. Off ESP,  PLTG Blackout
BN-039 : 56 (+16) Gross Naik (+546) Prod. 24 jam, ex. Off ESP, PLTG Blackout
B-206 : 32 (+10) Gross Naik (+51) Prod. 24 jam, ex. Off ESP, PLTG Blackout
B-191 : 44 (+9) KA Turun (-2.2%) Start jam 02.05, ex. Off ESP,  PLTG Blackout
B-136 : 39 (+8) Gross Naik (+468) Prod. 24 jam, ex. Off ESP, PLTG Blackout
B-146 : 27 (+7) Gross Naik (+138) Prod. 24 jam, ex. Off ESP,  PLTG Blackout
B-243 : 61 (+5) Gross Naik (+198) Prod. 24 jam, ex. Off ESP, PLTG Blackout
B-238 : 29 (+5) Gross Naik (+343) Prod. 24 jam, ex. Off ESP, PLTG Blackout
B-148 : 43 (+4) Gross Naik (+20) Prod. 24 jam, ex. Off ESP, PLTG Blackout
BN-026 : 24 (+3) Gross Naik (+10) 
B-147 : 12 (+3) Gross Naik (+195) Start jam 00.40, ex. Off ESP,  PLTG Blackout
B-220 : 15 (+3) Gross Naik (+92) Prod. 24 jam, ex. Off ESP, PLTG Blackout
B-208 : 27 (+3) KA Turun (-0.3%) 
BN-017 : 16 (+3) Gross Naik (+49) 
B-213 : 10 (+2) Gross Naik (+9) Start jam 01.58, ex. Off ESP,  PLTG Blackout
B-237 : 16 (+2) Gross Naik (+69) 

*Sumur Low*
B-239 : 62 (-27) Gross Turun (-69) Prod. 24 jam, ex. Off ESP, PLTG Blackout (Low test, jam 12.15 upfreq 92 - 96 Hz)
B-160 : 25 (-19) KA Naik (+0.6%) Start jam 10.33, ex. Off ESP, PLTG Blackout (Problem power supply)
B-081 : 4 (-15) Gross Turun (-701) Buka sumur jam 20.00, ex.Imbangi debit air GS/MGS (Blackout PLTG)
B-181 : 3 (-10) Gross Turun (-752) Buka sumur jam 20.10, ex.Imbangi debit air GS/MGS (Blackout PLTG)
B-102 : 15 (-7) Gross Turun (-350) Buka sumur jam 10.30, ex.Imbangi debit air GS/MGS (Blackout PLTG)
BN-038 : 3 (-6) Gross Turun (-333) Buka sumur jam 17.00, ex.Imbangi debit air GS/MGS (Blackout PLTG)
B-225 : 21 (-6) Gross Turun (-131) 
B-223 : 12 (-5) Gross Turun (-61) Buka sumur jam 10.45, ex.Imbangi debit air GS/MGS (Blackout PLTG)
B-173 : 16 (-5) KA Naik (+16%) Start jam 00.23, ex. Off ESP,  PLTG Blackout
B-185 : 8 (-5) KA Naik (+0.8%) 
BN-014 : 6 (-3) Gross Turun (-186) Buka sumur jam 11.50, ex.Imbangi debit air GS/MGS (Blackout PLTG)
B-198 : 69 (-3) Gross Turun (-69) 
B-224 : 1 (-2) Gross Turun (-151) Buka sumur jam 17.55, ex.Imbangi debit air GS/MGS (Blackout PLTG)
B-216 : 19 (-2) KA Naik (+0.6%) ",6581.036105038629,4225.0251794348,6432.6106052146215,4129.736008547787,7972.550800000002,3034.75,3480.1458333333335,255.0,700.3958333333335,5345.625,7586.770833333334,2455.0,4696.145833333334,818.0,1639.375,793.0,1614.375,1604.0,2116.4791666666665,478.0,990.4791666666665,10802.375,14822.770833333334,3981.0,8001.395833333334,4.0,16.6,0.0,405.0,19145.4212,4.0,24.916666666666668,0.0,290.9166666666667,9163.0202,28308.441400000003,20442.315600000005,26.425,365.028,80.0,1731.2895,560.7083,340.7,0.0,231.0,3335.1508000000003,328.9,73.7,3833.4000000000005,401.1,4637.100000000001,0.3,0.0,0.0,0.3,0.0,3397.2295101521336,3998.346310258369,576.9749795894991,0.0104,1.6212,2.2018,0.3289,0.3,2.1007,28.0,661.4,4.0,0,
2026-07-13,2231.2213639790284,2120.1312684806276,1946.022,1946.041,0.0,1616.041,239.0,0.0,0.0,0.0,0.0,91.0,0.0,11766.0,447.5,14991.0,819.5,7381.0,260.0,8506.5,350.0,70.0,42644.5,1947.0,40767.5,40803.636,40822.0,7.0,37.0,18.0,28.0,62.0,"*Sumur Gain*
B-239 : 114 (+52) Gross Naik (+235) 
B-081 : 24 (+20) Gross Naik (+934) Prod. 24 jam, ex. Buka sumur
B-181 : 15 (+13) Gross Naik (+970) Prod. 24 jam, ex. Buka sumur
B-102 : 27 (+12) Gross Naik (+520) Prod. 24 jam, ex. Buka sumur
B-160 : 37 (+12) Gross Naik (+1139) Prod. 24 jam, ex. Start ESP
B-179 : 138 (+9) Gross Naik (+114) Prod. 24 jam, ex. Start ESP
B-223 : 21 (+9) Gross Naik (+117) Prod. 24 jam, ex. Buka sumur
BN-038 : 11 (+8) Gross Naik (+378) Prod. 24 jam, ex. Buka sumur
B-148 : 48 (+5) Gross Naik (+66) 
B-191 : 48 (+4) Gross Naik (+24) Prod. 24 jam, ex. Start ESP
BN-014 : 8 (+3) Gross Naik (+340) Prod. 24 jam, ex. Buka sumur
BN-026 : 26 (+2) Gross Naik (+4) 
B-212 : 264 (+2) Gross Naik (+6) 
B-231 : 24 (+2) KA Turun (-4.1%) 
B-173 : 18 (+2) KA Turun (-9.9%) Prod. 24 jam, ex. Start ESP
B-147 : 13 (+1) KA Turun (-0.2%) Prod. 24 jam, ex. Start ESP
B-213 : 11 (+1) Gross Naik (+4) Prod. 24 jam, ex. Start ESP

*Sumur Low*
B-169 : 22 (-24) Gross Turun (-326) Jam 10.10 Optimasi GI ke 420 Mscfd
B-211 : 0 (-15) Gross Turun (-51) Tutup sumur 24 jam, Program WS
B-146 : 19 (-8) KA Naik (+1.2%) 
B-207 : 5 (-6) Gross Turun (-13) 
B-219 : 32 (-5) KA Naik (+0.5%) 
B-233 : 13 (-5) KA Naik (+1%) 
B-220 : 13 (-2) Gross Turun (-51) ",6581.036105038629,4225.0251794348,6432.6106052146215,4129.736008547787,8392.643100000001,3449.0,4194.0,255.0,1000.0,6296.0,8613.0,2470.0,4787.0,818.0,1684.0,788.0,1654.0,1604.0,2133.0,483.0,1012.0,12167.0,16624.0,3996.0,8453.0,4.0,16.6,0.0,399.0,20126.7834,3.0,25.0,0.0,267.2916666666667,8812.5841,28939.3675,20653.124399999997,26.4,385.792,80.0,1792.8761,578.375,347.8,0.0,122.2,3333.4431,345.3,74.8,4234.400000000001,401.1,5055.600000000001,3.6,0.0,0.0,3.6,0.0,3705.352425079854,4016.1175132497347,671.1731616704129,0.2952,1.7048,2.2344,0.3453,0.3,2.06,28.0,657.88,4.0,0,
2026-07-14,2231.2213639790284,2120.1312684806276,1890.05,1890.061,0.0,1565.561,240.5,0.0,0.0,0.0,0.0,84.0,0.0,11233.0,426.5,14917.5,802.0,5870.0,265.0,8325.0,329.0,68.0,40345.5,1890.5,38523.0,38569.253,38597.0,7.0,36.0,18.0,28.0,61.0,"*Sumur Low*
B-169 : 0 (-22) KA Naik (+5%) 
B-140 : 19 (-13) Gross Turun (-1535) 
B-148 : 40 (-8) Gross Turun (-135) 
B-221 : 8 (-7) KA Naik (+1.2%) 
B-213 : 5 (-6) Gross Turun (-34) 
B-198 : 64 (-5) KA Naik (+2.3%) 
B-203 : 9 (-4) KA Naik (+1.3%) 
B-206 : 29 (-3) KA Naik (+2.1%) 
B-132 : 24 (-3) KA Naik (+0.9%) 
BN-017 : 13 (-3) Gross Turun (-57) 
B-199 : 110 (-3) Gross Turun (-32) 
B-223 : 19 (-3) KA Naik (+1.1%) 
B-238 : 27 (-2) Gross Turun (-72) 
BN-058 : 35 (-2) Gross Turun (-13)

*Sumur Gain*
B-239 : 128 (+14) KA Turun (-1.6%) 
B-125 : 27 (+6) KA Turun (-0.6%) 
BN-018 : 123 (+3) KA Turun (-0.3%) 
B-173 : 21 (+3) Gross Naik (+8) 
B-243 : 63 (+2) KA Turun (-0.1%)",6581.036105038629,4225.0251794348,6432.6106052146215,4129.736008547787,8060.8980999999985,3545.0,4402.5,255.0,1112.5,6296.0,8613.0,2470.0,4787.0,743.0,1500.0,822.0,1579.0,1604.0,2201.0,483.0,1080.0,12188.0,16716.5,4030.0,8558.5,4.0,16.8,0.0,399.0,20065.5478,3.0,25.0,0.0,290.4583333333333,8762.6116,28828.1594,20873.7113,26.45,407.304,80.0,1790.9941,577.75,340.9,0.0,134.4,3357.7981,341.6,74.80000000000001,3973.0,311.7,4701.099999999999,2.0,0.0,0.0,2.0,0.0,3600.2550665712442,3795.6907569083364,664.9522765204181,0.0859,1.6855,2.2016,0.3416,0.3,2.0161,28.0,665.12,4.0,0,
2026-07-15,2231.2213639790284,2120.1312684806276,1875.069,1875.084,0.0,1558.584,232.5,0.0,0.0,0.0,0.0,84.0,0.0,11517.0,431.75,14788.5,795.0,6181.916666666667,250.0,8378.5,326.0,72.0,40865.91666666667,1874.75,39063.16666666667,39192.47,39100.0,8.0,36.0,18.0,28.0,62.0,"*Sumur Low*
B-186 : 13 (-15) Gross Turun (-102) 
B-239 : 117 (-11) Gross Turun (-45) 
BN-026 : 22 (-4) Gross Turun (-7) 
B-125 : 24 (-3) KA Naik (+0.3%) 
B-144 : 14 (-3) KA Naik (+0.3%) 
B-140 : 16 (-3) KA Naik (+0.2%) 
B-229 : 15 (-2) Gross Turun (-44) 
BN-024 : 19 (-2) Gross Turun (-72) 
B-147 : 11 (-2) KA Naik (+0.2%)

*Sumur Gain*
B-173 : 27 (+6) Gross Naik (+78) 
B-225 : 26 (+5) KA Turun (-0.6%) 
B-220 : 16 (+3) Gross Naik (+56) 
B-217 : 11 (+3) KA Turun (-1%) 
BN-014 : 11 (+3) KA Turun (-0.3%) 
BN-038 : 13 (+2) Gross Naik (+59) 
BN-058 : 37 (+2) Gross Naik (+21)",6581.036105038629,4225.0251794348,6432.6106052146215,4129.736008547787,8082.2143,3524.0,4437.0,255.0,1168.0,6296.0,8662.0,2470.0,4836.0,831.2708333333334,1548.2708333333333,881.5416666666666,1598.5416666666665,1604.0,2188.0,483.0,1067.0,12255.270833333334,16835.270833333332,4089.5416666666665,8669.541666666666,4.0,16.8,0.0,400.0,19786.2224,3.0,25.0,0.0,294.6666666666667,8699.9704,28486.192799999997,20510.453499999996,26.475,420.643,80.0,1789.7963,576.0,347.0,0.0,129.8,3369.7143,331.6,75.39999999999999,4006.5,295.8,4709.3,3.2,0.0,0.0,3.2,0.0,3605.0259517486984,3756.983342525797,720.2050057255049,0.1534,1.6835,2.1696,0.3316,0.3,1.9852,28.0,655.0,4.0,0,
2026-07-16,2231.2213639790284,2120.1312684806276,1888.094,1888.087,0.0,1550.9203333333332,253.16666666666666,0.0,0.0,0.0,0.0,84.0,0.0,13478.0,437.75,14661.5,802.875,6620.333333333333,256.6666666666667,8445.0,323.0,67.5,43204.833333333336,1887.7916666666667,41384.54166666667,41412.339,40177.0,6.0,38.0,17.0,28.0,61.0,"*Sumur Gain*
B-234 : 12 (+12) KA Turun (-1.4%) Jam 17.00 aliran lemah, buka GI sumur jadi SB. Jam 17.00 ukur GI di 162 mscfd
B-148 : 52 (+12) Gross Naik (+49) 
B-191 : 53 (+5) KA Turun (-2.3%) 
B-186 : 16 (+3) KA Turun (-1.4%) 
BN-039 : 59 (+3) KA Turun (-0.3%) 
B-185 : 11 (+3) KA Turun (-0.5%) 
BN-022 : 14 (+3) KA Turun (-0.6%) 
B-173 : 30 (+3) KA Turun (-4.1%) 
B-146 : 21 (+2) Gross Naik (+72) 
B-179 : 139 (+1) Gross Naik (+21) 

*Sumur Low*
B-198 : 56 (-8) KA Naik (+2.4%) 
B-239 : 112 (-5) Gross Turun (-64) 
B-132 : 19 (-5) KA Naik (+3%) 
B-217 : 7 (-4) Gross Turun (-147) Jam 15.00 tutup sumur, program penyisipan FL
B-206 : 27 (-2) Gross Turun (-21) 
BN-017 : 11 (-2) Gross Turun (-16) 
BN-058 : 35 (-2) Gross Turun (-16) ",6581.036105038629,4225.0251794348,6432.6106052146215,4129.736008547787,8560.8662,3695.375,4342.3125,0.0,646.9375,6127.25,8450.625,2470.0,4793.375,824.0,1778.0,1134.5,2088.5,1604.0,2187.0,483.0,1066.0,12250.625,16757.9375,4087.5,8594.8125,4.0,16.8,0.0,401.0,19722.1235,3.0,24.916666666666668,0.0,283.9583333333333,8617.5875,28339.711000000003,19885.319800000005,26.475,419.01,80.0,1799.4312,575.25,344.8,0.0,487.2,3732.1662,339.8,76.39999999999999,4043.1,367.4,4826.7,2.0,0.0,0.0,2.0,0.0,3456.6060614687635,3791.9637715656972,1312.2963669655385,0.083,1.6849,2.2752,0.3398,0.3,1.9598,28.0,680.0,4.0,0,
2026-07-17,2231.2213639790284,2120.1312684806276,1924.04,1924.054,0.0,1544.054,291.0,0.0,0.0,0.0,0.0,89.0,0.0,13179.0,475.5,14313.0,801.5,6521.0,259.0,8519.5,320.0,68.0,42532.5,1924.0,40676.5,40767.4750000298,40103.7500000298,6.0,36.0,17.0,28.0,59.0,"*Sumur Gain*
B-194 : 35 (+35) KA Turun (-2.4%) 
B-173 : 38 (+9) KA Turun (-12.7%) 
B-234 : 21 (+9) KA Turun (-2%) Prod. 24 jam, ex. Aliran lemah, buka gas injeksi sumur jadi SB
B-232 : 21 (+5) KA Turun (-2.5%) 
B-231 : 29 (+5) KA Turun (-2.1%) 
BN-017 : 14 (+3) Gross Naik (+41) 
B-243 : 66 (+3) KA Turun (-0.1%) 
BN-038 : 16 (+3) KA Turun (-0.4%) 
BN-058 : 37 (+2) KA Turun (-0.5%) 

*Sumur Low*
BN-026 : 13 (-9) Gross Turun (-18) 
B-217 : 0 (-7) Gross Turun (-245) Shut in 24 jam, program penyisipan Flowline
B-239 : 106 (-6) KA Naik (+6.3%) Jam 13.03 upfreq dari 96 Hz ke 98 Hz
B-147 : 5 (-6) KA Naik (+0.8%) 
B-140 : 13 (-3) KA Naik (+0.3%) 
B-199 : 107 (-3) Gross Turun (-40) 
B-229 : 13 (-2) KA Naik (+0.2%) 
B-225 : 24 (-2) Gross Turun (-45) 
B-144 : 13 (-1) KA Naik (+0.1%) 
B-223 : 18 (-1) Gross Turun (-6) ",6581.036105038629,4225.0251794348,6432.6106052146215,4129.736008547787,8139.0132,3530.0,3965.0,0.0,435.0,5846.0,8048.0,2470.0,4672.0,1097.0,2118.0,819.0,1840.0,1604.0,2165.0,490.0,1051.0,12077.0,16296.0,3779.0,7998.0,4.0,16.4,0.0,400.0,19086.2071,4.0,25.0,100.69399999999999,254.375,9358.016,28444.2231,20411.7849,26.575,415.056,80.0,1774.7905,573.2917,331.7,0.0,225.1,3426.5132,358.8,78.10000000000001,3921.9000000000005,352.5,4711.3,1.2,0.0,0.0,1.2,0.0,3124.1273473368346,3881.244854313579,1133.6409983495876,0.0397,1.5989,2.2833,0.3588,0.3,1.8669,28.0,679.84,4.0,0,
2026-07-18,2231.2213639790284,2120.1312684806276,1953.06,1953.036,0.0,1953.036,0.0,0.0,0.0,0.0,0.0,0.0,0.0,13102.0,473.0,14346.791666666668,814.4583333333334,6213.0,268.0,8511.5,332.0,66.0,42173.29166666667,1953.4583333333335,40285.833333333336,40363.39133331346,40187.208333313465,6.0,36.0,17.0,28.0,59.0,"*Sumur Gain*
B-194 : 43 (+8) Gross Naik (+166) 
B-202 : 19 (+7) KA Turun (-9.7%) 
B-160 : 43 (+6) KA Turun (-0.2%) 
B-148 : 56 (+4) KA Turun (-2.6%) 
B-144 : 16 (+3) KA Turun (-0.6%) 
B-198 : 59 (+3) KA Turun (-3.2%) 
B-221 : 11 (+3) KA Turun (-0.4%) 
BN-022 : 16 (+3) KA Turun (-0.4%) 
BN-058 : 40 (+3) KA Turun (-1.2%) 
B-132 : 21 (+2) KA Turun (-1.9%) 
B-233 : 15 (+2) KA Turun (-0.2%) 
B-102 : 29 (+2) KA Turun (-0.1%) 
BN-014 : 13 (+2) KA Turun (-0.5%) 

*Sumur Low*
BN-024 : 11 (-8) Gross Turun (-260) 
BN-018 : 120 (-3) KA Naik (+0.3%) 
B-173 : 35 (-3) Gross Turun (-5) 
B-213 : 4 (-1) Gross Turun (-3) Jam 05.30 - 10.20 off, low intake pressure
BN-017 : 13 (-1) Gross Turun (-9) ",6581.036105038629,4225.0251794348,6432.6106052146215,4129.736008547787,7766.6046,3530.0,3989.0,0.0,459.0,5846.0,7975.291666666667,2470.0,4599.291666666668,1097.0,2106.0,835.0,1844.0,1604.0,2151.0,490.0,1037.0,12077.0,16221.291666666668,3795.0,7939.291666666668,4.0,16.5,0.0,400.0,19618.8837,3.0,25.0,0.0,264.9583333333333,8768.1221,28387.0058,20726.7012,26.3,409.014,80.0,1794.3906,575.5,333.6,0.0,208.8,3427.6046,349.7,76.6,3618.7999999999993,286.9,4331.999999999999,7.0,0.0,0.0,7.0,0.0,2957.5322272211547,3735.933155338164,1073.1392174406822,0.5185,1.7024,1.3979,0.3497,0.3,1.8762,28.0,679.84,4.0,0,
2026-07-19,2231.2213639790284,2120.1312684806276,1961.059,1961.077,0.0,1538.077,322.0,0.0,0.0,0.0,0.0,101.0,0.0,12865.25,478.0,14200.375,821.8125,6142.0,266.0,8507.5,332.0,63.0,41715.125,1960.8125,39817.3125,39454.75333331346,40195.208333313465,6.0,37.0,17.0,28.0,60.0,"*Sumur Gain*
B-194 : 59 (+16) KA Turun (-1.7%) 
B-207 : 11 (+6) KA Turun (-19.9%) 
BN-058 : 45 (+5) Gross Naik (+37) 
B-147 : 8 (+3) KA Turun (-0.4%) 
B-234 : 24 (+3) KA Turun (-3.5%) 
B-206 : 29 (+2) KA Turun (-1.5%) 
B-208 : 29 (+2) Gross Naik (+32) 
B-237 : 18 (+2) KA Turun (-5.7%) Jam 15.40 ukur GI di 259
B-185 : 13 (+2) KA Turun (-0.3%) 
B-213 : 5 (+1) Gross Naik (+3) Prod. 24 jam, ex. Off, low intake pressure

*Sumur Low*
B-140 : 5 (-8) KA Naik (+0.8%) 
BN-017 : 8 (-5) Gross Turun (-43) 
BN-026 : 8 (-5) Gross Turun (-8) 
B-216 : 16 (-3) KA Naik (+0.7%) 
B-179 : 136 (-3) Gross Turun (-115) 
BN-039 : 56 (-3) KA Naik (+0.1%) 
B-239 : 104 (-2) KA Naik (+2.8%) 
B-231 : 27 (-2) KA Naik (+2.5%) 
B-224 : 2 (-1) Gross Turun (-59) Jam 18.20 tutup sumur, program SBHP",6581.036105038629,4225.0251794348,6432.6106052146215,4129.736008547787,7894.1052,3671.75,4206.375,0.0,534.625,5728.3125,7911.25,2470.0,4652.9375,1097.0,2132.0,835.0,1870.0,1604.0,2158.0,495.0,1049.0,12101.0625,16407.625,3800.0,8106.5625,4.0,16.5,0.0,400.0,19963.795599999998,3.0,25.0,0.0,288.0416666666667,8653.422299999998,28617.217899999996,20829.512699999996,26.4,396.249,80.0,1800.8645,574.2917,346.7,0.0,197.9,3422.4051999999997,372.7,78.60000000000001,3718.3,296.4,4466.0,5.7,0.0,0.0,5.7,0.0,3081.625446911068,3737.413454543773,1075.0662985451604,0.4997,1.3096,1.909,0.3727,0.3,1.8472,28.0,679.84,4.0,0,
2026-07-20,2231.2213639790284,2120.1312684806276,1984.062,1984.047,0.0,1550.047,333.0,0.0,0.0,0.0,0.0,101.0,0.0,12741.0,496.0,14010.875,824.5,6181.0,277.0,8786.0,333.5,53.0,41718.875,1984.0,39787.875,39821.712,40102.0,6.0,37.0,17.0,28.0,60.0,"*Sumur Gain*
B-169 : 8 (+8) KA Turun (-4.8%) Prod. 24 jam, ex. Buka sumur
BN-017 : 14 (+6) Gross Naik (+57) 
B-223 : 24 (+6) KA Turun (-3.8%) 
B-173 : 40 (+5) KA Turun (-10.4%) 
B-234 : 29 (+5) Gross Naik (+27) 
B-225 : 27 (+3) Gross Naik (+40) 
B-125 : 27 (+3) KA Turun (-0.3%) 
B-144 : 19 (+3) KA Turun (-0.2%) 
BN-058 : 48 (+3) Gross Naik (+32) 
BN-026 : 10 (+2) Gross Naik (+8) 
B-132 : 23 (+2) KA Turun (-2.4%) 
B-198 : 61 (+2) Gross Naik (+79) 
B-243 : 67 (+1) KA Turun (-0.5%) 

*Sumur Low*
B-229 : 8 (-5) KA Naik (+1.5%) 
B-186 : 11 (-5) KA Naik (+6.8%) 
B-199 : 104 (-3) Gross Turun (-104) ",6581.036105038629,4225.0251794348,6432.6106052146215,4129.736008547787,7956.3097,3908.0,4643.0,0.0,735.0,5753.875,8070.625,2470.0,4786.75,1097.0,2102.0,918.0,1923.0,1604.0,2149.0,495.0,1040.0,12362.875,16964.625,3883.0,8484.75,4.0,16.9,0.0,395.0,19910.9682,3.0,25.0,0.0,276.8333333333333,8307.6574,28218.6256,20368.4159,26.1,406.774,80.0,1808.0774,573.4583,341.4,0.0,188.1,3423.9097,349.8,75.2,3787.2,314.5,4526.7,5.7,0.0,0.0,5.7,0.0,3383.055048195291,3614.906024750287,958.3486270544211,0.2233,0.9577,2.6062,0.3498,0.3,1.8955,28.0,680.0,4.0,0,
2026-07-21,2231.2213639790284,2120.1312684806276,1972.049,1972.053,0.0,1530.053,345.0,0.0,0.0,0.0,0.0,97.0,0.0,10621.0,498.0,13860.1875,815.0625,6198.0,272.0,8503.4375,326.0625,61.0,39182.625,1972.125,37271.5,37334.104666656734,37485.16666665673,6.0,36.0,17.0,28.0,59.0,"*Sumur Low*
BN-058 : 37 (-11) KA Naik (+1.8%) 
B-125 : 19 (-8) KA Naik (+0.9%) 
B-144 : 13 (-6) KA Naik (+0.7%) 
B-148 : 51 (-5) Gross Turun (-40) 
B-208 : 24 (-5) KA Naik (+0.4%) 
B-233 : 11 (-4) KA Naik (+0.5%) 
B-191 : 50 (-3) KA Naik (+3.6%) 
B-229 : 6 (-2) Gross Turun (-162) Jam 17.20 tutup sumur, imbangi tekanan jaringan Gas Lift
B-227 : 4 (-2) Gross Turun (-30) Jam 17.10 tutup sumur, imbangi tekanan jaringan Gas Lift
B-203 : 7 (-2) Gross Turun (-46) Jam 17.30 tutup sumur, imbangi tekanan jaringan Gas Lift
BN-026 : 8 (-2) Gross Turun (-13)

*Sumur Gain*
B-239 : 112 (+8) KA Turun (-2.3%) 
B-146 : 27 (+6) KA Turun (-0.9%) 
B-216 : 20 (+4) KA Turun (-1%) 
BN-038 : 19 (+3) KA Turun (-0.3%) 
B-147 : 11 (+3) KA Turun (-0.3%) 
B-194 : 62 (+3) Gross Naik (+222) 
B-173 : 43 (+3) Gross Naik (+29)",6581.036105038629,4225.0251794348,6432.6106052146215,4129.736008547787,7935.491300000001,3644.0,4305.0,0.0,661.0,5893.583333333334,8335.083333333334,2481.0,4922.5,1097.0,2080.0,919.0,1902.0,1405.9583333333335,1943.9583333333335,495.0,1033.0,12040.541666666668,16664.041666666668,3895.0,8518.5,4.0,16.9,0.0,396.0,19996.08,3.0,25.0,0.0,249.16666666666666,8410.8314,28406.9114,20577.795100000003,26.375,402.528,80.0,1804.38,573.7083,332.1,0.0,208.4,3427.4913000000006,337.4,77.9,3731.2,361.5,4508.0,0.0,0.0,0.0,0.0,0.0,3455.620705212186,3547.3793356107303,932.4912591770852,0.0,1.108,2.6232,0.3374,0.3214,1.8636,28.0,641.6,4.0,0,
2026-07-22,2231.2213639790284,2120.1312684806276,1947.043,1947.042,0.0,1506.4586666666667,358.0,0.0,0.0,0.0,0.0,82.58333333333334,0.0,10155.25,500.5,12712.833333333332,786.6458333333334,5980.75,279.75,8242.0,306.5,74.0,37090.83333333333,1947.3958333333335,35217.43749999999,35379.338,35399.5,6.0,33.0,17.0,28.0,56.0,"*Sumur Low*
B-231 : 19 (-8) KA Naik (+4.1%) 
B-239 : 104 (-8) KA Naik (+2%) 
B-232 : 13 (-8) KA Naik (+2.9%) 
B-181 : 7 (-8) Gross Turun (-655) Jam 10.20 tutup sumur karena perbaikan KN#4
B-216 : 13 (-7) KA Naik (+0.7%) 
B-203 : 0 (-7) Gross Turun (-125) Shut in 24 jam, imbangi tekanan jaringan Gas Lift
BN-024 : 6 (-6) KA Naik (+0.9%) Jam 16.25 tutup sumur karena perbaikan KN#4
BN-038 : 13 (-6) KA Naik (+0.8%) 
B-221 : 5 (-6) Gross Turun (-304) Jam 10.10 tutup sumur karena perbaikan KN#4
B-229 : 0 (-6) Gross Turun (-394) Shut in 24 jam, imbangi tekanan jaringan Gas Lift
B-208 : 19 (-5) KA Naik (+1%) 
B-219 : 27 (-5) KA Naik (+0.8%) 
B-227 : 0 (-4) Gross Turun (-73) Shut in 24 jam, imbangi tekanan jaringan Gas Lift
BN-017 : 11 (-3) KA Naik (+1.1%) 
B-140 : 4 (-1) Gross Turun (-247) Jam 18.00 tutup sumur karena perbaikan KN#4

*Sumur Gain*
B-194 : 78 (+16) KA Turun (-3.2%) 
BN-058 : 43 (+6) KA Turun (-1.2%) 
B-125 : 24 (+5) KA Turun (-0.5%) 
B-185 : 17 (+4) KA Turun (-0.9%) 
B-173 : 46 (+3) Gross Naik (+6) 
B-160 : 46 (+3) KA Turun (-0.1%) 
B-234 : 32 (+3) KA Turun (-1.7%) 
BN-022 : 19 (+3) KA Turun (-1.2%) 
B-238 : 29 (+2) Gross Naik (+184) 
B-198 : 63 (+2) Gross Naik (+27) 
B-179 : 138 (+2) KA Turun (-0.1%) 
B-220 : 17 (+1) Gross Naik (+74)",6581.036105038629,4225.0251794348,6432.6106052146215,4129.736008547787,7569.552900000001,3517.4375,4176.4375,0.0,659.0,5273.520833333334,7636.270833333333,2481.0,4843.749999999998,1055.75,1938.5,919.0,1801.75,925.0,1463.0,495.0,1033.0,10771.708333333334,15214.208333333332,3895.0,8337.499999999998,4.0,0.0,0.0,0.0,19860.1136,3.0,0.0,0.0,0.0,7400.0021,27260.115700000002,19797.1128,26.55,405.364,80.0,1794.0722,575.6667,343.9,0.0,208.1,3433.6529,373.3,80.0,3323.3,352.9,4129.5,6.4,0.0,0.0,6.4,0.0,3263.646211367316,3439.777337316342,866.1293513163419,0.4025,0.9755,1.9453,0.3733,0.3,2.0216,28.0,625.6,4.0,0,
2026-07-23,2231.2213639790284,2120.1312684806276,1940.085,1940.135,0.0,1481.3433333333332,373.0,0.0,0.0,0.0,0.0,85.79166666666667,0.0,10132.0,518.9166666666667,13287.791666666666,802.2083333333333,5391.875,267.0,6630.5,283.5,68.0,35442.166666666664,1939.625,33570.541666666664,33679.398,33770.5,6.0,34.0,17.0,28.0,57.0,"*Sumur Low*
B-136 : 7 (-32) Gross Turun (-1685) Pkl 15.54 upfreq from 35 Hz to 49 Hz 
B-239 : 96 (-8) KA Naik (+2.7%) Pkl 12.16 upfreq from 98 Hz to 100 Hz in 1 hours
B-234 : 24 (-8) KA Naik (+3.8%) 
B-140 : 0 (-4) KA Naik (+0.5%) Pkl 07.25 buka sumur ex imbangi tekanan jaringan Perbaikan KN#4
BN-024 : 3 (-3) Gross Turun (-247) Pkl 09.45 buka sumur ex imbangi tekanan jaringan Perbaikan KN#4
BN-039 : 53 (-3) KA Naik (+0.1%) 
B-169 : 5 (-3) KA Naik (+1.4%) 
BN-038 : 11 (-2) KA Naik (+0.4%) 
B-191 : 48 (-2) Gross Turun (-24) Pkl 12.35 upfreq from 52 Hz to 54 Hz in 1 hours
B-181 : 6 (-1) KA Naik (+0.6%) Pkl 07.15 buka sumur ex imbangi tekanan jaringan Perbaikan KN#4

*Sumur Gain*
B-194 : 102 (+24) KA Turun (-1.7%) 
B-217 : 13 (+13) Gross Naik (+294) Prod. 24 jam, ex. Program penyisipan flowline
B-148 : 56 (+5) KA Turun (-22%) Pkl 12.24 upfreq from 97 Hz to 101 Hz in 1 hours
BN-026 : 13 (+5) Gross Naik (+45) 
BN-058 : 48 (+5) KA Turun (-1.2%) 
B-221 : 8 (+3) Gross Naik (+152) Pkl 07.10 buka sumur ex imbangi tekanan jaringan Perbaikan KN#4
B-132 : 25 (+2) Gross Naik (+128) 
B-146 : 29 (+2) KA Turun (-1.1%) 
B-198 : 65 (+2) Gross Naik (+10) 
B-081 : 26 (+2) KA Turun (-0.2%) 
B-212 : 264 (+1) Gross Naik (+5)",6581.036105038629,4225.0251794348,6432.6106052146215,4129.736008547787,7633.0734,3475.25,4095.25,0.0,620.0,5877.666666666666,8314.041666666668,2503.0,4939.375000000002,1037.875,1995.875,919.0,1877.0,925.0,1434.0,495.0,1004.0,11315.791666666666,15839.166666666668,3917.0,8440.375000000002,4.0,16.8,0.0,397.0,20045.2491,3.0,24.791666666666668,0.0,260.75,8385.2134,28430.4625,20903.7141,26.325,398.985,80.0,1817.2551,573.7083,336.8,0.0,197.7,3430.7734,364.9,77.3,3394.6000000000004,363.9,4200.7,1.6,0.0,0.0,1.6,0.0,3261.999111864106,3463.104477126313,907.9698110095819,0.5802,1.3352,1.4792,0.3649,0.3,1.995,28.0,620.2,4.0,0,
2026-07-24,2231.2213639790284,2120.1312684806276,1970.07,1970.067,0.0,1512.1711666666667,395.0,0.0,0.0,0.0,0.0,62.895833333333336,0.0,10231.5,526.0,12419.4375,781.6458333333334,5768.0,282.5,7596.958333333334,318.1041666666667,62.0,36015.895833333336,1970.2500000000002,34107.645833333336,34104.0,33883.5,6.0,34.0,17.0,27.0,57.0,"*Sumur Gain*
B-136 : 37 (+30) Gross Naik (+1652) 
B-148 : 66 (+10) KA Turun (-12.7%) 
BN-024 : 11 (+8) Gross Naik (+510) Pkl 00.30 ukur GI 348 Mscfd
B-140 : 6 (+6) KA Turun (-0.7%) Pkl 18.20 restart sumur lanjut ukur GI 165 Mscfd
B-237 : 23 (+5) KA Turun (-24.9%) 
B-194 : 107 (+5) KA Turun (-0.5%) Pkl 14.00 upfreq dari 52 ke 54 Hz
B-239 : 100 (+4) KA Turun (-2.3%) 
B-234 : 27 (+3) KA Turun (-4.3%) 
B-216 : 16 (+3) KA Turun (-2.5%) 
B-213 : 8 (+3) Gross Naik (+67) 
BN-058 : 51 (+3) KA Turun (-3.1%) 
BN-038 : 13 (+2) KA Turun (-0.4%) 

*Sumur Low*
B-144 : 5 (-8) Gross Turun (-459) Pkl 08.30 tutup sumur imbangi debit air MGS perbaikan pompa HPS No. 4 
B-102 : 21 (-8) KA Naik (+0.5%) 
B-202 : 11 (-8) Gross Turun (-26) 
B-233 : 4 (-7) Gross Turun (-517) Pkl 08.40 tutup sumur imbangi debit air MGS perbaikan pompa HPS No. 4 
B-169 : 0 (-5) KA Naik (+1.3%) 
B-181 : 3 (-3) Gross Turun (-372) Pkl 08.50 tutup sumur imbangi debit air MGS perbaikan pompa HPS No. 4 
B-207 : 8 (-3) Gross Turun (-16) 
BN-022 : 16 (-3) KA Naik (+0.6%) ",6581.036105038629,4225.0251794348,6432.6106052146215,4129.736008547787,8097.238499999999,3587.0,4005.0,0.0,418.0,5612.583333333333,7958.125,2503.0,4848.541666666667,1097.0,2070.0,844.0,1817.0,793.25,1300.25,495.0,1002.0,11089.833333333332,15333.375,3842.0,8085.541666666667,4.0,16.5,0.0,398.0,19820.9565,3.0,24.958333333333332,0.0,244.70833333333334,8579.1515,28400.108,20409.3445,26.475,423.775,80.0,1802.6218,574.1667,332.9,0.0,186.7,3426.6384999999996,341.6,76.8,3861.7,386.5,4666.599999999999,4.0,0.0,0.0,4.0,0.0,3265.717479059842,3812.0483457843993,1019.4726751557557,0.6503,1.5714,1.64,0.3416,0.3,1.9372,28.0,615.0,4.0,0,
2026-07-25,2231.2213639790284,2120.1312684806276,1970.069,1970.086,0.0,1500.586,410.5,0.0,0.0,0.0,0.0,59.0,0.0,10586.25,537.5,11808.541666666668,762.75,6180.53125,291.75,7382.0,314.0,64.0,35957.32291666667,1970.0,34051.32291666667,34097.815,34122.5,6.0,32.0,18.0,27.0,56.0,"*Sumur Gain*
B-194 : 122 (+15) Gross Naik (+110) 
B-239 : 112 (+12) KA Turun (-2.6%) 
B-140 : 11 (+5) KA Turun (-0.4%) Prod. 24 jam, ex. Restart sumur
B-220 : 22 (+5) KA Turun (-1.8%) 
B-219 : 30 (+3) KA Turun (-0.7%) 
BN-018 : 123 (+3) Gross Naik (+88) 
B-243 : 70 (+3) KA Turun (-0.1%) 
B-173 : 48 (+2) Gross Naik (+16) 

*Sumur Low*
B-223 : 13 (-11) KA Naik (+5.3%) 
BN-058 : 43 (-8) KA Naik (+3.9%) 
B-144 : 0 (-5) Gross Turun (-251) Shut in 24 jam, imbangi debit air MGS perbaikan pompa HPS No. 4 
BN-026 : 8 (-5) Gross Turun (-40) 
B-233 : 0 (-4) Gross Turun (-284) Shut in 24 jam, imbangi debit air MGS perbaikan pompa HPS No. 4 
B-185 : 13 (-4) KA Naik (+0.9%) 
B-198 : 61 (-4) Gross Turun (-79) 
B-181 : 0 (-3) Gross Turun (-419) Shut in 24 jam, imbangi debit air MGS perbaikan pompa HPS No. 4 
B-199 : 101 (-3) KA Naik (+1.5%) 
B-225 : 24 (-3) KA Naik (+0.3%) 
B-132 : 24 (-1) Gross Turun (-8) ",6581.036105038629,4225.0251794348,6432.6106052146215,4129.736008547787,8049.7973999999995,3587.0,3950.0,0.0,363.0,5443.0,7803.0,2503.0,4863.0,1094.0,2218.604166666667,844.0,1968.604166666667,721.0,1240.0,495.0,1014.0,10845.0,15211.604166666668,3842.0,8208.604166666668,4.0,16.4,0.0,400.0,19785.8015,3.0,25.0,0.0,296.2916666666667,8589.8523,28375.6538,20432.131400000006,26.275,450.514,80.0,1826.2584,574.75,365.9,0.0,192.1,3515.7974,352.2,76.0,3735.3,367.20000000000005,4530.7,3.3,0.0,0.0,3.3,0.0,3409.3444650805955,3712.754609383952,927.6983255354513,0.5581,1.6044,1.5728,0.3522,0.3,1.9005,28.0,615.0,4.0,0,
2026-07-26,2231.2213639790284,2120.1312684806276,1998.084,1998.081,0.0,1501.9768333333332,435.1041666666667,0.0,0.0,0.0,0.0,61.0,0.0,10073.833333333332,559.625,11924.479166666668,757.5208333333334,5825.895833333333,292.49479166666663,7337.625,322.5,66.0,35161.83333333333,1998.140625,33229.69270833333,33383.684,33375.5,6.0,34.0,18.0,27.0,58.0,"*Sumur Gain*
B-194 : 136 (+14) KA Turun (-1%) 
B-148 : 74 (+8) Gross Naik (+77) 
B-173 : 54 (+6) KA Turun (-11.9%) 
BN-015 : 5 (+5) KA Turun (-2.4%) Pkl 21.12 upfreq from 95 Hz to 100 Hz in 2 hours
B-179 : 143 (+5) Gross Naik (+46) 
B-146 : 32 (+3) KA Turun (-1.5%) 
B-233 : 3 (+3) Gross Naik (+234) Pkl 17.05 buka sumur/GI, ex imbangi debit air MGS ( perbaikan pompa HPS No. 4 )
B-198 : 64 (+3) Gross Naik (+24) 
B-181 : 3 (+3) Gross Naik (+349) Pkl 16.35 buka sumur/GI, ex imbangi debit air MGS ( perbaikan pompa HPS No. 4 )
BN-022 : 19 (+3) KA Turun (-0.7%) 
B-186 : 14 (+3) KA Turun (-47.2%) Pkl 18.10 restart sumur dan optimasi GI di 382 Mscfd
B-206 : 32 (+3) KA Turun (-3.4%) 
BN-038 : 16 (+3) KA Turun (-0.6%) 
B-231 : 21 (+2) Gross Naik (+94) 

*Sumur Low*
B-216 : 10 (-6) Gross Turun (-189) Pkl 07.20 - 16.15 tutup sumur/GI imbangi tekanan jaringan PM 5K K#3 SKG Bunyu
B-223 : 8 (-5) Gross Turun (-97) Pkl 07.00 - 16.30 tutup sumur/GI imbangi tekanan jaringan PM 5K K#3 SKG Bunyu
B-185 : 8 (-5) Gross Turun (-235) Pkl 06.50 - 16.50 tutup sumur/GI imbangi tekanan jaringan PM 5K K#3 SKG Bunyu
B-232 : 8 (-5) Gross Turun (-121) Pkl 07.00 - 16.30 tutup sumur/GI imbangi tekanan jaringan PM 5K K#3 SKG Bunyu
BN-024 : 7 (-4) Gross Turun (-341) Pkl 15.00 kosongkan streamline dan flowline Program WO
B-140 : 6 (-4) Gross Turun (-361) Pkl 07.30 - 16.55 tutup sumur/GI imbangi tekanan jaringan PM 5K K#3 SKG Bunyu
BN-058 : 40 (-3) KA Naik (+1.3%) 
B-207 : 5 (-3) Gross Turun (-5) Pkl 06.40 - 16.40 tutup sumur/GI imbangi tekanan jaringan PM 5K K#3 SKG Bunyu
B-220 : 21 (-1) KA Naik (+0.2%) ",6581.036105038629,4225.0251794348,6432.6106052146215,4129.736008547787,8059.7872,3299.0,3652.0,0.0,353.0,5510.666666666666,7834.5625,2503.0,4826.895833333334,1029.875,2211.875,844.0,2026.0,617.125,1114.125,498.0,995.0,10456.666666666666,14812.5625,3845.0,8200.895833333334,4.0,16.9,0.0,395.0,17930.3831,3.0,24.833333333333332,27.74,282.125,8573.276300000001,26503.6594,18690.5988,26.35,447.82,80.0,1615.6739,575.1667,337.0,0.0,197.9,3279.9105999999997,339.0,77.3,3887.7,370.3,4674.3,105.5766,60.3766,40.0,205.95319999999998,0.0,3361.1333288406,3740.430199050409,958.2236721089913,0.5391,1.7279,1.6207,0.339,0.3,1.8788,28.0,615.0,4.0,0,
2026-07-27,2231.2213639790284,2120.1312684806276,2042.048,2042.078,0.0,1255.3835555555556,459.25,0.0,0.0,0.0,0.0,327.44444444444446,0.0,9719.458333333332,553.6944444444445,13132.25,785.0,5735.5,294.5,7379.0,342.25,67.0,35966.20833333333,2042.4444444444443,33990.76388888888,34137.874333343265,34272.33333334327,6.0,34.0,18.0,27.0,58.0,"*Sumur Gain*
B-148 : 87 (+14) KA Turun (-5.5%) 
B-186 : 21 (+8) Gross Naik (+28) Prod. 24 jam, ex. Restart sumur dan optimasi gas injeksi
B-216 : 16 (+6) Gross Naik (+189) Prod. 24 jam, ex. imbangi tekanan jaringan PM 5K K#3 SKG Bunyu
B-233 : 8 (+5) Gross Naik (+367) Pkl 12.05 - 18.15 tutup sumur/GI imbangi tekanan jaringan perbaikan cooler K#2 SKG Bunyu
BN-058 : 43 (+3) KA Turun (-2.8%) 
B-199 : 104 (+3) KA Turun (-0.2%) 
B-236 : 24 (+3) Gross Naik (+90) 
B-147 : 14 (+3) KA Turun (-0.7%) 
B-211 : 3 (+3) KA Turun (-75%) Pkl 17.58 update GI 350 Mscfd
B-238 : 32 (+3) Gross Naik (+24) 
B-239 : 115 (+3) Gross Naik (+16) 
BN-015 : 8 (+3) KA Turun (-1%) 
B-223 : 10 (+2) Gross Naik (+36) Pkl 12.00 - 18.10 tutup sumur/GI imbangi tekanan jaringan perbaikan cooler K#2 SKG Bunyu
B-185 : 10 (+2) Gross Naik (+94) Pkl 12.10 - 18.20 tutup sumur/GI imbangi tekanan jaringan perbaikan cooler K#2 SKG Bunyu
B-140 : 8 (+2) KA Turun (-0.5%) Prod. 24 jam, ex. imbangi tekanan jaringan PM 5K K#3 SKG Bunyu
B-208 : 21 (+2) Gross Naik (+94) 
B-181 : 4 (+2) Gross Naik (+751) Prod. 24 jam, ex. imbangi debit air MGS ( perbaikan pompa HPS No. 4 )
BN-034 : 2 (+2) Gross Naik (+167) Pkl 10.00 start sumur ex Program WO, lanjut ukur GI 410 Mscfd. Pkl 16.00 tutup GI sumur jadi SA, lanjut bean down ke SA 18. Pkl 21.30 cek aliran lemah lanjut buka GI dan bean up ke SB OF lanjut ukur GI 385 Mscfd
B-207 : 6 (+1) Gross Naik (+2) Pkl 12.15 - 18.30 tutup sumur/GI imbangi tekanan jaringan perbaikan cooler K#2 SKG Bunyu

*Sumur Low*
B-125 : 16 (-8) KA Naik (+1%) 
BN-024 : 0 (-7) Gross Turun (-568) Shut in 24 jam, Program WO
B-132 : 21 (-3) Gross Turun (-58) 
BN-022 : 16 (-3) KA Naik (+0.5%) 
B-206 : 29 (-3) KA Naik (+3%) 
B-173 : 51 (-3) Gross Turun (-17) ",6581.036105038629,4225.0251794348,6432.6106052146215,4129.736008547787,8250.9439,3050.8333333333335,3562.8888888888887,0.0,512.0555555555552,5931.0,8460.25,2401.0,4930.25,1094.0,2262.0,850.0,2018.0,721.0,1212.0,498.0,989.0,10796.833333333334,15497.138888888889,3749.0,8449.305555555555,4.0,16.7,0.0,400.0,18894.029000000002,3.0,24.25,139.97799999999998,242.70833333333334,8611.5275,27505.556500000002,19521.539200000003,26.55,452.196,80.0,1618.1463,552.375,338.8,0.0,193.6,3261.6673000000005,378.5,79.9,4054.3,364.09999999999997,4876.8,2.1,60.3766,50.0,112.47659999999999,0.0,3486.432377819017,3815.3308566141227,949.1806655668606,0.8616,1.449,1.7437,0.3785,0.3,1.8721,28.0,621.4,4.0,0,
2026-07-28,2231.2213639790284,2120.1312684806276,2050.053,2050.072,0.0,1500.0720000000001,402.25,0.0,0.0,0.0,0.0,147.75,0.0,10509.125,625.5,13409.25,770.75,5387.0,292.5,7473.729166666666,291.0,70.0,36779.104166666664,2049.75,34799.354166666664,34834.88,34916.0,7.0,33.0,18.0,27.0,58.0,"*Sumur Gain*
BN-034 : 86 (+84) KA Turun (-10.1%) Pkl 01.45 tutup GI sumur jadi SA lanjut bean down ke SA 28
B-144 : 7 (+7) Gross Naik (+204) Pkl 16.00 buka sumur/GI lanjut ukur GI 310 Mscfd,  ex Program SBHP
B-239 : 120 (+6) KA Turun (-1.8%) 
B-220 : 24 (+3) KA Turun (-0.5%) 
B-231 : 24 (+3) KA Turun (-2%) 
B-223 : 13 (+3) Gross Naik (+62) Prod. 24 jam, ex. imbangi tekanan jaringan perbaikan cooler K#2 SKG Bunyu
B-185 : 13 (+3) Gross Naik (+141) Prod. 24 jam, ex. imbangi tekanan jaringan perbaikan cooler K#2 SKG Bunyu
BN-018 : 125 (+2) Gross Naik (+162) 
B-207 : 8 (+2) Gross Naik (+3) Prod. 24 jam, ex. imbangi tekanan jaringan perbaikan cooler K#2 SKG Bunyu
BN-058 : 45 (+2) KA Turun (-1.5%) 
B-232 : 11 (+1) Gross Naik (+86) Prod. 24 jam, ex. imbangi tekanan jaringan perbaikan cooler K#2 SKG Bunyu

*Sumur Low*
B-148 : 23 (-64) Gross Turun (-107) Pkl 11.46 automatic stop due high motor temp (casing valve closed). Pkl 12.50 Automatic restart at 101 Hz 
B-217 : 0 (-13) KA Naik (+4.4%) 
B-140 : 0 (-8) KA Naik (+1.7%) 
B-233 : 0 (-8) KA Naik (+1.4%) Prod. 24 jam, ex. imbangi tekanan jaringan perbaikan cooler K#2 SKG Bunyu
B-173 : 46 (-5) KA Naik (+10.7%) 
BN-022 : 13 (-3) KA Naik (+1%) 
BN-017 : 8 (-3) KA Naik (+1.9%) 
BN-038 : 13 (-3) KA Naik (+0.7%) 
B-102 : 19 (-2) KA Naik (+0.2%) 
B-234 : 26 (-2) KA Naik (+0.5%) ",6581.036105038629,4225.0251794348,6432.6106052146215,4129.736008547787,8288.653,2882.25,3353.75,332.75,804.25,6340.0,8909.0,2401.0,4970.0,1094.0,2276.0,946.0,2128.0,824.3333333333333,1316.6458333333333,498.0,990.3125,11140.583333333334,15855.395833333332,4177.75,8892.5625,4.0,17.0,0.0,402.0,20031.7561,3.0,25.0,0.0,281.75,8906.0082,28937.7643,20855.602999999996,26.4,459.256,80.0,1775.1303,574.375,353.5,0.0,193.4,3462.0613,368.8,77.60000000000001,3959.5,357.70000000000005,4763.599999999999,2.9,20.0917,40.0,62.9917,0.0,3420.7638698069313,3957.8797226614934,910.0094075315748,0.6003,1.6679,1.6913,0.3688,0.3,1.8608,28.0,625.0,4.0,0,
2026-07-29,2231.2213639790284,2120.1312684806276,2170.079,2170.091,0.0,1512.716,440.375,0.0,0.0,0.0,0.0,217.0,0.0,9929.229166666668,706.375,13396.354166666666,759.25,5285.104166666666,274.0,8169.0,358.0,72.0,36779.6875,2169.625,34682.0625,34789.836,34858.0,6.0,34.0,18.0,27.0,58.0,"*Sumur Gain*
BN-034 : 155 (+69) KA Turun (-29%) Pkl 09.45 aliran lemah, lanjut buka GI di 384 Mscfd. Pkl 16.50 cek aliran kecil, lanjut bean up ke SB OF
B-148 : 64 (+41) KA Turun (-30.6%) Prod. 24 jam, ex. Automatic restart 
B-144 : 29 (+22) Gross Naik (+647) Prod. 24 jam, ex. Program SBHP
B-194 : 149 (+14) KA Turun (-1.6%) 
B-125 : 20 (+4) KA Turun (-0.4%) 
B-081 : 29 (+4) KA Turun (-0.2%) 
B-206 : 32 (+3) Gross Naik (+19) 
B-219 : 33 (+3) Gross Naik (+59) 
B-173 : 48 (+2) KA Turun (-13.5%) 
B-132 : 22 (+1) KA Turun (-0.3%) 
B-208 : 22 (+1) KA Turun (-0.8%) 

*Sumur Low*
B-212 : 249 (-15) KA Naik (+1.1%) 
B-239 : 109 (-11) KA Naik (+2.5%) 
B-160 : 40 (-6) KA Naik (+0.2%) 
BN-026 : 5 (-3) KA Naik (+12.2%) 
B-213 : 5 (-3) KA Naik (+5.5%) 
B-146 : 30 (-3) KA Naik (+0.8%) 
BN-015 : 5 (-3) KA Naik (+1.2%) 
BN-022 : 11 (-2) KA Naik (+0.7%) ",6581.036105038629,4225.0251794348,6432.6106052146215,4129.736008547787,8431.8021,2786.0,3247.5,166.5,628.0,6209.416666666667,8806.6875,2221.0,4818.270833333333,1056.875,2232.875,940.0,2116.0,1031.0,1537.0,498.0,1004.0,11083.291666666668,15824.0625,3825.5,8566.270833333332,4.0,16.8,0.0,400.0,20116.0268,3.0,25.0,9.861,278.0833333333333,8846.0567,28962.0835,20636.556399999998,26.275,495.609,80.0,1782.3514,574.6667,352.7,0.0,42.2,3353.8021,368.5,76.6,4242.1,387.7,5074.900000000001,3.1,0.0,0.0,3.1,0.0,3708.0194913636583,3857.685668904203,966.0969397321377,0.634,1.783,1.8251,0.3685,0.3,1.8397,28.0,625.0,4.0,0,
2026-07-30,2231.2213639790284,2120.1312684806276,2110.097,2110.097,0.0,1509.3053333333335,438.125,0.0,0.0,0.0,0.0,162.66666666666669,0.0,10137.229166666668,654.0416666666666,12119.25,751.25,5268.625,269.75,8364.0,362.0,73.0,35889.10416666667,2110.0416666666665,33852.06250000001,33967.344666686535,34085.916666686535,6.0,32.0,18.0,28.0,56.0,"*Sumur Low*
BN-034 : 100 (-55) KA Naik (+18.9%) Prod. 24 jam, ex. Bean up
B-185 : 5 (-8) Gross Turun (-542) 
BN-038 : 8 (-5) KA Naik (+0.7%) 
B-225 : 21 (-3) KA Naik (+0.4%) 
B-147 : 11 (-3) KA Naik (+0.5%) 
B-146 : 27 (-3) KA Naik (+1.2%) 
B-239 : 106 (-3) KA Naik (+0.6%) 
B-234 : 24 (-2) KA Naik (+1.9%)

*Sumur Gain*
B-199 : 109 (+5) KA Turun (-0.7%) 
B-173 : 51 (+3) Gross Naik (+33) 
B-216 : 19 (+3) KA Turun (-3.8%) 
BN-015 : 8 (+3) KA Turun (-1.5%) 
B-148 : 66 (+2) Gross Naik (+248) 
B-132 : 24 (+2) KA Turun (-0.8%) 
B-243 : 72 (+2) Gross Naik (+74) 
B-218 : 1 (+1) KA Turun (-2.7%)",6581.036105038629,4225.0251794348,6432.6106052146215,4129.736008547787,8562.478299999999,3170.0,3776.3333333333335,0.0,606.3333333333335,5755.25,8272.25,2221.0,4738.0,932.0,2103.0,940.0,2111.0,1031.0,1541.0,498.0,1008.0,10888.25,15692.583333333334,3659.0,8463.333333333334,4.0,16.8,0.0,399.0,20080.7566,3.0,25.0,0.0,278.6666666666667,8762.6008,28843.3574,20387.2041,26.325,502.587,80.0,1779.9163,573.75,339.5,0.0,20.9,3322.9783,356.6,76.7,4444.3,361.0,5238.6,0.9,0.0,0.0,0.9,0.0,3747.391054336354,3839.7943254745937,975.292920189051,1.0504,1.855,1.5389,0.3566,0.3,1.8146,28.0,619.8,4.0,0,
2026-07-31,2231.2213639790284,2120.1312684806276,2200.045,2200.073,0.0,1511.1354999999999,436.4375,0.0,0.0,0.0,0.0,252.5,0.0,10403.947916666668,759.1875,11980.25,750.25,5212.125,263.75,8823.5,352.0,75.0,36419.82291666667,2200.1875,34294.63541666667,34326.255666686535,34403.541666686535,6.0,31.0,18.0,0.0,55.0,"*Sumur Gain*
BN-034 : 192 (+92) Gross Naik (+371) 
B-194 : 158 (+8) KA Turun (-2.1%) 
B-185 : 9 (+4) Gross Naik (+90) Pkl 00.45 Optimasi GI 410 Mscfd
BN-015 : 11 (+3) KA Turun (-2.5%) 
B-206 : 35 (+3) Gross Naik (+80) 
B-208 : 25 (+3) KA Turun (-0.2%) 
B-198 : 67 (+3) Gross Naik (+23) 
B-231 : 27 (+3) Gross Naik (+177) 
B-234 : 27 (+3) KA Turun (-5%) 
BN-022 : 13 (+2) KA Turun (-0.8%) 

*Sumur Low*
B-144 : 19 (-10) KA Naik (+1.4%) 
B-238 : 24 (-8) KA Naik (+0.4%) 
B-239 : 98 (-8) KA Naik (+1.7%) 
B-221 : 3 (-5) Gross Turun (-216) 
B-125 : 16 (-4) KA Naik (+0.4%) ",6581.036105038629,4225.0251794348,6432.6106052146215,4129.736008547787,8605.416599999999,3170.0,3752.3333333333335,0.0,582.3333333333335,5575.0,7975.0,2221.0,4621.0,932.0,2117.0,934.0,2119.0,1031.0,1530.0,550.0,1049.0,10708.0,15374.333333333334,3705.0,8371.333333333334,4.0,16.8,0.0,398.0,20171.127500000002,3.0,25.0,0.0,266.8333333333333,8646.5669,28817.6944,20318.652800000003,26.375,511.833,80.0,1793.2503,574.4583,340.4,0.0,31.9,3358.2166000000007,354.1,74.3,4433.900000000001,384.9,5247.2,0.0,0.0,0.0,0.0,0.0,3598.8966532531667,4003.2285632635158,1003.2913834833164,1.1617,1.8289,1.4433,0.3541,0.3,1.824,28.0,617.2,4.0,0,
2026-08-01,2128.068163362681,2104.5820371829004,2203.042,2203.043,0.0,1511.9805000000001,425.875,0.0,0.0,0.0,0.0,265.1875,0.0,10496.114583333332,776.9791666666667,11230.75,733.1875,5246.0625,273.875,8868.0,340.5,78.0,35840.92708333333,2202.541666666667,33716.385416666664,34091.52,33899.0,6.0,31.0,18.0,28.0,55.0,"*Sumur Gain*
BN-034 : 214 (+22) Gross Naik (+165) 
B-234 : 32 (+5) Gross Naik (+32) 
B-237 : 28 (+5) Gross Naik (+81) 
B-173 : 54 (+3) KA Turun (-7%) 
B-132 : 27 (+3) KA Turun (-3.7%) 
B-186 : 24 (+3) KA Turun (-20.4%) 
BN-058 : 48 (+3) KA Turun (-0.8%) 
B-160 : 43 (+3) KA Turun (-0.1%) 
B-238 : 27 (+3) KA Turun (-0.2%) 
B-239 : 101 (+3) KA Turun (-1.3%) 

*Sumur Low*
B-148 : 54 (-12) KA Naik (+5.2%) 
B-102 : 11 (-8) KA Naik (+0.6%) 
B-223 : 7 (-6) Gross Turun (-77) Pkl 06.10 - 16.30 tutup sumur/GI imbangi tekanan jaringan Penggantian Cooler K#2 SKG Bunyu
B-232 : 6 (-5) Gross Turun (-124) Pkl 06.15 - 16.30 tutup sumur/GI imbangi tekanan jaringan Penggantian Cooler K#2 SKG Bunyu
BN-017 : 4 (-4) Gross Turun (-56) Pkl 05.40 - 17.00 tutup sumur/GI imbangi tekanan jaringan Penggantian Cooler K#2 SKG Bunyu
B-207 : 5 (-4) Gross Turun (-5) Pkl 06.00 - 16.40 tutup sumur/GI imbangi tekanan jaringan Penggantian Cooler K#2 SKG Bunyu
B-146 : 23 (-4) Gross Turun (-41) 
B-216 : 16 (-3) KA Naik (+3.9%) 
B-220 : 22 (-3) KA Naik (+0.4%) 
BN-026 : 2 (-3) Gross Turun (-10) Pkl 05.50 - 16.50 tutup sumur/GI imbangi tekanan jaringan Penggantian Cooler K#2 SKG Bunyu
B-181 : 2 (-2) Gross Turun (-481) Pkl 06.00 - 16.40 tutup sumur/GI imbangi tekanan jaringan Penggantian Cooler K#2 SKG Bunyu
B-221 : 2 (-1) Gross Turun (-101) Pkl 06.10 - 16.30 tutup sumur/GI imbangi tekanan jaringan Penggantian Cooler K#2 SKG Bunyu",5974.425306144951,3835.5810465450586,6480.20450250722,4160.291290609635,8652.6026,2889.375,3503.375,0.0,614.0,4865.8125,7189.875,2221.0,4545.0625,578.0,2161.0,934.0,2517.0,1031.0,1529.0,550.0,1048.0,9364.1875,14383.25,3705.0,8724.0625,4.0,16.8,0.0,401.0,20181.3823,3.0,25.0,0.0,283.0,8572.7131,28754.095400000002,20537.842800000002,26.35,501.876,80.0,1576.7349,575.0417,347.7,0.0,62.9,3170.6025999999997,355.8,78.10000000000001,4444.2,387.5,5265.599999999999,6.4,210.0,120.0,336.4,0.0,3461.4129683275423,3848.2804170261848,1342.9092146462729,1.0511,1.9704,1.4227,0.3558,0.3,1.7876,28.0,600.0,4.0,0,
2026-08-02,2128.068163362681,2104.5820371829004,2245.058,2245.057,0.0,1544.0569999999998,433.0,0.0,0.0,0.0,0.0,268.0,0.0,10449.28125,775.1875,12240.375,759.25,6017.979166666666,290.375,8996.854166666668,339.4166666666667,81.0,37704.48958333333,2245.2291666666665,35540.260416666664,35580.99,35771.5,6.0,34.0,18.0,28.0,58.0,"*Sumur Gain*
B-140 : 14 (+14) Gross Naik (+811) Pkl 07.50 buka sumur dan lanjut ukur GI di 182 Mscfd,  ex Program SBHP
B-229 : 10 (+10) Gross Naik (+421) Pkl 11.30 buka sumur/GI ex imbangi tekanan jaringan. Pkl 15.30 update GI di 324 Mscfd
B-223 : 16 (+9) Gross Naik (+147) Prod. 24 jam, ex. imbangi tekanan jaringan Penggantian Cooler K#2 SKG Bunyu
B-232 : 11 (+5) Gross Naik (+124) Prod. 24 jam, ex. imbangi tekanan jaringan Penggantian Cooler K#2 SKG Bunyu
B-125 : 21 (+5) KA Turun (-0.6%) 
BN-017 : 8 (+4) Gross Naik (+43) Prod. 24 jam, ex. imbangi tekanan jaringan Penggantian Cooler K#2 SKG Bunyu
B-207 : 8 (+4) Gross Naik (+5) Prod. 24 jam, ex. imbangi tekanan jaringan Penggantian Cooler K#2 SKG Bunyu
B-081 : 34 (+4) KA Turun (-0.2%) 
B-239 : 104 (+3) KA Turun (-0.7%) 
B-181 : 4 (+2) Gross Naik (+481) Prod. 24 jam, ex. imbangi tekanan jaringan Penggantian Cooler K#2 SKG Bunyu
B-203 : 2 (+2) Gross Naik (+146) Pkl 11.00 buka sumur/GI ex imbangi tekanan jaringan. Pkl 15.25 update GI di 355 Mscfd
BN-026 : 3 (+1) Gross Naik (+5) Prod. 24 jam, ex. imbangi tekanan jaringan Penggantian Cooler K#2 SKG Bunyu
B-221 : 3 (+1) Gross Naik (+101) Prod. 24 jam, ex. imbangi tekanan jaringan Penggantian Cooler K#2 SKG Bunyu
BN-022 : 14 (+1) KA Turun (-1.5%) 

*Sumur Low*
B-198 : 61 (-6) Gross Turun (-49) 
BN-014 : 8 (-5) KA Naik (+0.8%) 
BN-058 : 43 (-5) KA Naik (+2.6%) 
B-206 : 32 (-3) Gross Turun (-107) 
B-144 : 16 (-3) Gross Turun (-124) Pkl 16.25 update GI 332 Mscfd
B-173 : 51 (-3) Gross Turun (-11) 
B-219 : 32 (-1) Gross Turun (-67) ",5974.425306144951,3835.5810465450586,6480.20450250722,4160.291290609635,9168.1069,3170.0,3784.0,0.0,614.0,5845.291666666666,8245.291666666666,2221.0,4621.0,699.3333333333333,2288.333333333333,543.0,2132.0,1221.75,1799.7916666666667,550.0,1128.041666666667,10936.375,16117.416666666666,3314.0,8495.041666666668,4.0,17.0,0.0,407.0,23267.8922,3.0,25.0,0.0,299.583333333333,8695.330000000002,31963.2222,23011.6289,26.325,508.696,80.0,1771.8556,574.5417,344.0,0.0,70.9,3376.3183000000004,356.59999999999997,76.6,4840.0,392.1,5665.3,20.9,80.18860000000001,30.0,131.0886,0.0,3455.6695005258,4236.971242534615,1475.277556939587,1.2146,1.9883,1.6371,0.3566,0.3,1.7852,28.0,680.0,4.0,0,
2026-08-03,2128.068163362681,2104.5820371829004,2210.089,2210.093,0.0,1592.7804999999998,455.3125,0.0,0.0,0.0,0.0,162.0,0.0,10390.78125,694.6875,13125.625,746.625,6850.4375,308.625,9150.5,378.0,82.0,39517.34375,2209.9375,37389.40625,37153.147,37602.5,6.0,35.0,18.0,28.0,59.0,"*Sumur Gain*
B-148 : 82 (+28) KA Turun (-18.6%) 
B-140 : 37 (+23) Gross Naik (+790) Prod. 24 jam,  ex Program SBHP
B-169 : 19 (+19) Gross Naik (+347) Pkl 00.00 buka sumur dan lanjut ukur GI 382 Mscfd
B-229 : 20 (+10) Gross Naik (+388) Prod. 24 jam, ex. imbangi tekanan jaringan.
B-136 : 40 (+3) KA Turun (-0.1%) 
B-173 : 54 (+3) Gross Naik (+11) 
B-181 : 6 (+2) KA Turun (-0.2%) 
BN-026 : 5 (+2) Gross Naik (+3) 
BN-015 : 13 (+2) Gross Naik (+75) 
B-211 : 5 (+2) Gross Naik (+12) 
B-132 : 29 (+2) Gross Naik (+48) 
B-144 : 18 (+2) Gross Naik (+58) 
B-203 : 3 (+1) Gross Naik (+124) Prod. 24 jam, ex. imbangi tekanan jaringan.
",5974.425306144951,3835.5810465450586,6480.20450250722,4160.291290609635,9313.234699999999,3552.0,4611.5,0.0,1059.5,5845.291666666666,8424.291666666666,2392.0,4971.0,1114.0,3236.0,543.0,2665.0,1377.0,2060.0,550.0,1233.0,11888.291666666666,18331.791666666664,3485.0,9928.5,4.0,16.8,0.0,409.0,24106.0481,3.0,25.0,0.0,305.2083333333333,8698.6615,32804.7096,23786.8067,26.6,531.25,80.0,1817.6446,574.2083,331.5,0.0,122.1,3483.3029,354.4,75.39999999999999,4857.4,396.3,5683.5,10.7,135.73180000000002,53.0,199.4318,0.0,3407.864396948179,4964.52582462104,940.8444784307799,0.3052,2.0272,2.525,0.3544,0.3,1.6754,28.0,640.0,4.0,0,
2026-08-04,2128.068163362681,2104.5820371829004,2330.049,2330.077,0.0,1712.9498902400003,451.0,0.0,0.0,0.0,0.0,166.12710976,0.0,10318.53125,720.4375,13580.125,836.125,6626.28125,305.4375,9373.5,392.0,76.0,39898.4375,2330.0,37644.4375,37787.451666656736,37834.66666665673,6.0,35.0,18.0,28.0,59.0,"*Sumur Gain*
B-237 : 109 (+81) KA Turun (-27%) 
B-169 : 32 (+13) KA Turun (-3.4%) 
B-102 : 19 (+8) KA Turun (-0.6%) 
BN-058 : 51 (+8) KA Turun (-3.9%) 
B-198 : 69 (+8) KA Turun (-1.4%) 
B-148 : 88 (+6) Gross Naik (+79) 
BN-038 : 13 (+5) KA Turun (-0.9%) 
BN-026 : 10 (+5) Gross Naik (+15) 
B-125 : 25 (+4) KA Turun (-0.5%) 
B-185 : 13 (+4) Gross Naik (+428) 
B-199 : 112 (+3) Gross Naik (+22) 
BN-018 : 128 (+3) KA Turun (-0.1%) 
B-147 : 13 (+2) Gross Naik (+90) 
B-173 : 56 (+2) KA Turun (-9.3%) 

*Sumur Low*
BN-034 : 109 (-5) Gross Turun (-75) 
B-239 : 96 (-5) Gross Turun (-16) 
B-140 : 32 (-5) KA Naik (+0.2%) 
B-146 : 19 (-3) KA Naik (+0.6%) 
B-236 : 21 (-3) Gross Turun (-50) 
BN-015 : 11 (-2) Gross Turun (-30) Pkl 10.19 upfreq from 106 Hz to 108 Hz in 1 hour
B-229 : 19 (-1) KA Naik (+0.2%) ",5974.425306144951,3835.5810465450586,6480.20450250722,4160.291290609635,9398.730599999999,3552.0,4546.0,0.0,994.0,5845.291666666666,8424.291666666666,2392.0,4971.0,1114.0,3215.0,540.0,2641.0,1377.0,1991.0,550.0,1164.0,11888.291666666666,18176.291666666664,3482.0,9770.0,4.0,16.7,0.0,406.0,23688.5805,3.0,25.0,0.0,291.375,8587.0912,32275.6717,23168.731699999997,26.325,538.934,80.0,1798.4393,573.6667,340.9,0.0,143.0,3501.265,357.59999999999997,75.89999999999999,4916.299999999999,401.5,5751.299999999999,12.7,133.4656,52.0,198.16559999999998,0.0,3424.7165748208795,5028.368970951893,945.6450542272258,0.6222,1.735,2.5591,0.3576,0.3,1.7303,28.0,640.0,4.0,0,
2026-08-05,2128.068163362681,2104.5820371829004,2480.064,2480.067,0.0,1738.8586666666665,594.7083333333334,0.0,0.0,0.0,0.0,146.5,0.0,11318.114583333332,845.7708333333334,13634.125,854.125,6761.78125,306.9375,9295.0,395.5,78.0,41009.02083333333,2480.3333333333335,38606.68749999999,38692.08166662693,38715.04166662693,6.0,35.0,19.0,28.0,60.0,"*Sumur Gain*
BN-025 : 140 (+140) Gross Naik (+923) Pkl 04.00 start sumur ex Program WI
B-237 : 117 (+8) KA Turun (-2.6%) 
B-191 : 54 (+6) KA Turun (-3.1%) 
B-232 : 16 (+5) KA Turun (-1.6%) 
B-216 : 21 (+5) Gross Naik (+125) 
B-239 : 99 (+3) Gross Naik (+23) Pkl 11.49 upfreq from 100 Hz to 102 Hz in 1 hour
B-220 : 19 (+3) KA Turun (-0.9%) 
BN-017 : 8 (+3) Gross Naik (+46) 
B-218 : 5 (+3) Gross Naik (+59) 
B-144 : 21 (+3) KA Turun (-0.4%) 
B-234 : 30 (+2) KA Turun (-1.2%) 
B-169 : 33 (+1) KA Turun (-0.5%) 

*Sumur Low*
BN-034 : 94 (-15) KA Naik (+1.1%) 
B-231 : 21 (-6) Gross Turun (-132) 
B-186 : 20 (-4) Gross Turun (-4) 
BN-058 : 48 (-3) KA Naik (+4.7%) 
B-132 : 27 (-2) Gross Turun (-29) 
BN-026 : 8 (-2) Gross Turun (-5) 
BN-022 : 13 (-1) KA Naik (+1.4%) ",5974.425306144951,3835.5810465450586,6480.20450250722,4160.291290609635,10034.9922,3552.0,4643.166666666666,0.0,1091.166666666666,5845.291666666666,8457.291666666666,2392.0,5004.0,1114.0,3230.5,540.0,2656.5,1377.0,1907.0,533.0,1063.0,11888.291666666666,18237.958333333332,3465.0,9814.666666666666,4.0,16.7,0.0,406.0,22877.057199999996,3.0,25.0,0.0,275.125,7984.040300000001,30861.097499999996,21193.534299999996,26.225,528.268,80.0,1759.0202,573.875,343.8,0.0,151.1,3462.2882,357.20000000000005,80.0,5581.700000000001,391.40000000000003,6410.3,5.2,53.204,104.0,162.404,0.0,3538.6946071389752,5303.440892005161,1192.856700855865,1.1203,1.9916,2.4698,0.3572,0.3,1.724,28.0,654.4,4.0,0,
2026-08-06,2128.068163362681,2104.5820371829004,2400.058,2400.065,0.0,1722.28375,537.28125,0.0,0.0,0.0,0.0,140.5,0.0,11341.354166666668,751.8541666666667,13314.625,872.125,6643.5,316.0,9291.90625,382.09375,78.0,40591.38541666667,2400.072916666667,38269.31250000001,38390.86933334327,38405.58333334327,7.0,35.0,18.0,28.0,60.0,"*Sumur Low*
BN-025 : 89 (-51) KA Naik (+10.3%) Prod. 24 jam, ex. Program WI. Pkl 15.15 manual shut off, due to flowing well
BN-018 : 83 (-45) Gross Turun (-948) Pkl 09.20 - 17.51 manual stop perbaikan flowline
B-148 : 71 (-16) Gross Turun (-63) Pkl 14.58 - 15.58 ESP stop high motor temperature. Pkl 17.38 - 20.00 ESP stop high temperature. Pkl 21.52 - 23.08 ESP off due to high motor temp, restart forward at 70 Hz and programmed freq change to 101 Hz in 1 hour
BN-034 : 88 (-6) Gross Turun (-76) 
B-173 : 51 (-5) Gross Turun (-6) 
B-206 : 30 (-3) KA Naik (+1%) 
B-169 : 31 (-2) KA Naik (+1%) 
B-125 : 24 (-1) Gross Turun (-25)

*Sumur Gain*
B-208 : 32 (+8) KA Turun (-0.5%) 
B-239 : 106 (+8) Gross Naik (+20) 
BN-026 : 16 (+8) Gross Naik (+24) 
B-181 : 13 (+7) KA Turun (-1.3%) Pkl 10.40 Bean down sumur ke SB 23
B-243 : 77 (+5) Gross Naik (+123) 
B-229 : 23 (+4) KA Turun (-0.6%) 
B-223 : 19 (+3) KA Turun (-1%) 
B-219 : 35 (+3) KA Turun (-0.5%) 
BN-058 : 51 (+3) KA Turun (-2.3%) 
B-198 : 70 (+2) Gross Naik (+58)",5974.425306144951,3835.5810465450586,6480.20450250722,4160.291290609635,9789.713500000002,3552.0,4991.75,588.5,2028.25,5845.291666666666,8453.291666666666,2392.0,5000.0,1072.375,3087.25,375.0,2389.875,1377.0,1864.8125,533.0,1020.8125,11846.666666666666,18397.104166666664,3888.5,10438.9375,4.0,16.4,0.0,408.0,22528.204100000003,3.0,25.0,0.0,310.2083333333333,8289.4805,30817.6846,21496.3489,26.25,518.532,80.0,1742.6287,575.875,334.7,0.0,153.3,3431.2857,354.2,81.9,5305.3,390.90000000000003,6132.3,8.0,74.1278,144.0,226.12779999999998,0.0,5048.920932386558,3212.8111445070444,1527.9814231063986,1.1485,2.0825,2.0743,0.3542,0.3,1.6663,28.0,663.8,4.0,0,
2026-08-07,2128.068163362681,2104.5820371829004,2550.054,2550.06,0.0,1787.71625,611.84375,0.0,0.0,0.0,0.0,150.5,0.0,12669.390625,859.84375,12612.458333333332,886.2916666666666,7703.75,314.5,9306.5,415.0,74.0,42292.09895833333,2549.6354166666665,39816.463541666664,39871.52,40012.0,7.0,34.0,18.0,28.0,59.0,"*Sumur Gain*
BN-018 : 128 (+45) Gross Naik (+948) Prod. 24 jam, Manual stop, perbaikan flowline
BN-025 : 128 (+39) KA Turun (-1.1%) Prod. 24 jam, ex. Manual shut off, due to flowing well
B-148 : 101 (+30) Gross Naik (+115) Prod. 24 jam, ex. ESP off due to high motor temp
BN-034 : 98 (+10) KA Turun (-1.5%) 
B-194 : 167 (+9) Gross Naik (+34) 
BN-058 : 56 (+5) KA Turun (-2.8%) 
B-216 : 26 (+5) KA Turun (-0.9%) 
B-237 : 122 (+5) Gross Naik (+12) 
B-213 : 9 (+4) KA Turun (-11.8%) Pkl 16.02 ESP Off (Static monitoring for Sonolog)
B-234 : 33 (+3) Gross Naik (+26) 
BN-017 : 11 (+3) Gross Naik (+37) 
BN-039 : 54 (+3) Gross Naik (+63) 
B-179 : 146 (+3) KA Turun (-0.2%) 
B-203 : 6 (+3) KA Turun (-1.2%) 
B-173 : 53 (+2) KA Turun (-6.8%) 

*Sumur Low*
B-239 : 98 (-8) Gross Turun (-32) 
B-208 : 29 (-3) Gross Turun (-64) 
B-140 : 29 (-3) KA Naik (+1%) 
B-144 : 19 (-2) Gross Turun (-138) ",5974.425306144951,3835.5810465450586,6480.20450250722,4160.291290609635,9740.553399999999,3552.0,5095.5,648.5,2192.0,6008.0,8512.666666666668,2392.0,4896.666666666668,781.0,1889.0,375.0,1483.0,1377.0,1875.0,533.0,1031.0,11718.0,17372.166666666668,3948.5,9602.666666666668,4.0,15.8,0.0,412.0,22115.3815,3.0,24.958333333333332,0.0,313.7083333333333,8170.7963,30286.177799999998,20874.6171,26.1,533.047,80.0,1732.047,574.1667,330.29999999999995,0.0,112.0,3387.6607000000004,360.4,82.8,5385.0,387.79999999999995,6216.0,8.0,34.8927,94.0,136.8927,0.0,5315.918514121078,2554.156497625658,1870.4783882532624,1.1128,1.941,2.3312,0.3604,0.3,1.6714,28.0,680.0,4.0,0,
2026-08-08,2128.068163362681,2104.5820371829004,2480.085,2480.094,0.0,1735.5919166666665,592.7104166666667,0.0,0.0,0.0,0.0,151.79166666666666,0.0,11848.755208333334,847.91875,10844.020833333332,834.1666666666667,7709.25,310.0,9175.25,414.0,74.0,39577.276041666664,2480.085416666667,37171.190624999996,37296.94,37312.0,8.0,34.0,17.0,28.0,59.0,"*Sumur Low*
B-232 : 4 (-12) Gross Turun (-212) Pkl 06.30 tutup sumur/GI imbangi tekanan jaringan PM 5K K#4 SKG Bunyu. Pkl 15.00 kosongkan flowline dan gasline, Program penyisipan
BN-026 : 7 (-9) Gross Turun (-25) Pkl 05.58 - 19.00 tutup sumur/GI imbangi tekanan jaringan PM 5K K#4 SKG Bunyu
BN-017 : 2 (-9) Gross Turun (-105) Pkl 05.45 tutup sumur/GI imbangi tekanan jaringan PM 5K K#4 SKG Bunyu
B-213 : 0 (-9) Gross Turun (-53) Esp Off 24 jam (Static monitoring for Sonolog)
B-239 : 90 (-8) KA Naik (+2.5%) 
B-181 : 6 (-7) Gross Turun (-389) Pkl 06.00 - 18.50 tutup sumur/GI imbangi tekanan jaringan PM 5K K#4 SKG Bunyu
B-225 : 7 (-7) Gross Turun (-245) Pkl 06.30 - 18.45 tutup sumur/GI imbangi tekanan jaringan PM 5K K#4 SKG Bunyu
B-185 : 7 (-7) Gross Turun (-270) Pkl 06.50 - 19.00 tutup sumur/GI imbangi tekanan jaringan PM 5K K#4 SKG Bunyu
BN-038 : 6 (-7) Gross Turun (-327) Pkl 05.55 - 19.05 tutup sumur/GI imbangi tekanan jaringan PM 5K K#4 SKG Bunyu
B-186 : 14 (-6) KA Naik (+14.4%) 
BN-014 : 2 (-6) Gross Turun (-525) Pkl 05.40 tutup sumur/GI imbangi tekanan jaringan PM 5K K#4 SKG Bunyu
B-229 : 20 (-4) Gross Turun (-71) 
B-146 : 15 (-4) KA Naik (+0.9%) 
B-223 : 16 (-3) Gross Turun (-30) 
B-218 : 2 (-3) Gross Turun (-58) Pkl 06.00 - 18.50 tutup sumur/GI imbangi tekanan jaringan PM 5K K#4 SKG Bunyu
B-203 : 3 (-3) Gross Turun (-117) Pkl 06.50 - 19.00 tutup sumur/GI imbangi tekanan jaringan PM 5K K#4 SKG Bunyu
B-207 : 2 (-2) Gross Turun (-5) Pkl 06.00 - 18.50 tutup sumur/GI imbangi tekanan jaringan PM 5K K#4 SKG Bunyu
B-081 : 32 (-2) Gross Turun (-175) 
B-231 : 19 (-2) KA Naik (+1.9%)

*Sumur Gain*
BN-034 : 104 (+6) Gross Naik (+86) 
BN-018 : 134 (+6) KA Turun (-0.3%) 
B-191 : 58 (+4) Gross Naik (+16) 
B-236 : 24 (+3) Gross Naik (+32) 
B-199 : 115 (+3) Gross Naik (+44) 
B-125 : 27 (+3) KA Turun (-0.2%) 
B-206 : 32 (+3) Gross Naik (+17) 
B-173 : 56 (+3) Gross Naik (+12) 
BN-058 : 59 (+3) Gross Naik (+31) 
B-198 : 72 (+2) KA Turun (-2.7%) 
B-160 : 45 (+2) KA Turun (-0.1%) 
BN-025 : 130 (+2) Gross Naik (+75)",5974.425306144951,3835.5810465450586,6480.20450250722,4160.291290609635,8894.8138,2701.2875,3595.820833333333,1742.0,2636.5333333333333,4359.958333333333,6593.3125,2392.0,4625.354166666667,781.0,1849.0,310.0,1378.0,1377.0,1871.0,559.0,1053.0,9219.245833333332,13909.133333333333,5003.0,9692.8875,4.0,16.8,0.0,402.0,17594.077699999994,3.0,24.041666666666668,220.87000000000003,278.7916666666667,7640.4179,25234.495599999995,17118.519399999994,26.275,521.108,80.0,1402.7682,573.5,327.6,0.0,92.3,3023.5512,351.1,84.4,4600.200000000001,379.0,5414.700000000001,15.0,210.5626,231.0,456.5626,0.0,4597.037748668806,2695.0453072166783,1602.7307441145174,0.9098,1.6303,2.0601,0.3511,0.3,1.5971,28.0,641.6,4.0,0,
2026-08-09,2128.068163362681,2104.5820371829004,2580.092,2580.089,0.0,1946.339,492.25,0.0,0.0,0.0,0.0,141.5,0.0,12208.020833333332,925.5,12177.1875,856.9166666666666,7809.375,308.25,9144.25,414.0,75.0,41338.83333333333,2579.6666666666665,38834.166666666664,38995.831,39102.25,9.0,33.0,17.0,28.0,59.0,"*Sumur Gain*
BN-025 CS : 176 (+47) KA Turun (-2.8%) 
BN-025 : 29 (+29) Gross Naik (+227) 
BN-026 : 16 (+9) Gross Naik (+25) Prod. 24 jam, ex. imbangi tekanan jaringan PM 5K K#4 SKG Bunyu
B-181 : 13 (+7) Gross Naik (+352) Prod. 24 jam, ex. imbangi tekanan jaringan PM 5K K#4 SKG Bunyu
B-225 : 13 (+7) Gross Naik (+277) Prod. 24 jam, ex. imbangi tekanan jaringan PM 5K K#4 SKG Bunyu
B-185 : 13 (+7) Gross Naik (+257) Prod. 24 jam, ex. imbangi tekanan jaringan PM 5K K#4 SKG Bunyu
BN-038 : 13 (+7) Gross Naik (+327) Prod. 24 jam, ex. imbangi tekanan jaringan PM 5K K#4 SKG Bunyu
BN-015 : 16 (+3) KA Turun (-1.6%) 
B-218 : 5 (+3) Gross Naik (+58) Prod. 24 jam, ex. imbangi tekanan jaringan PM 5K K#4 SKG Bunyu
B-203 : 6 (+3) Gross Naik (+117) Prod. 24 jam, ex. imbangi tekanan jaringan PM 5K K#4 SKG Bunyu
B-132 : 29 (+2) Gross Naik (+84) 
B-234 : 35 (+2) Gross Naik (+76) 
B-194 : 169 (+2) KA Turun (-0.6%) 
B-207 : 4 (+2) Gross Naik (+5) Prod. 24 jam, ex. imbangi tekanan jaringan PM 5K K#4 SKG Bunyu

*Sumur Low*
BN-034 : 91 (-13) KA Naik (+1.7%) 
B-239 : 85 (-5) Gross Turun (-22) 
B-237 : 119 (-3) Gross Turun (-8) Pkl 17.25 update GI 242 Mscfd
B-220 : 18 (-2) Gross Turun (-27) 
B-146 : 13 (-2) KA Naik (+1%) 
BN-017 : 0 (-2) Gross Turun (-19) Shut in 24 jam, imbangi tekanan jaringan PM 5K K#4 SKG Bunyu
B-173 : 56 (-1) KA Naik (+21.4%) 
B-186 : 13 (-1) Gross Turun (-1) Pkl 09.30 - 10.30 tutup sumur Program Penggantian Wing Valve
B-232 : 3 (-1) Gross Turun (-24) Pkl 19.40 buka sumur, ex program penyisipan",5974.425306144951,3835.5810465450586,6480.20450250722,4160.291290609635,9232.5805,2970.0,3814.875,2267.666666666667,3112.541666666667,5736.416666666667,8111.229166666667,2392.0,4766.812500000001,781.0,1867.0,310.0,1396.0,1377.0,1869.0,559.0,1051.0,10864.416666666668,15662.104166666668,5528.666666666667,10326.354166666668,4.0,16.5,0.0,407.0,19309.810199999996,3.0,25.0,0.0,315.6666666666667,7727.3594,27037.169599999997,18391.2037,26.3,526.831,80.0,1543.8016,574.3333,321.5,0.0,120.0,3192.7659000000003,340.7,82.4,4851.5,350.3,5624.900000000001,14.6,320.3146,80.0,414.9146,0.0,4509.2149289580675,3023.2363455428517,1700.1292254990792,0.8654,1.8962,2.0899,0.3407,0.3,1.57,28.0,669.4,4.0,0,
2026-08-10,2128.068163362681,2104.5820371829004,2575.086,2575.111,0.0,1934.1676666666667,507.4433333333333,0.0,0.0,0.0,0.0,133.5,0.0,12803.852916666667,917.83625,12360.666666666666,851.5,7658.0,327.0,9039.625,404.75,75.0,41862.144583333335,2576.08625,39361.058333333334,39621.653,39475.0,9.0,34.0,17.0,28.0,60.0,"*Sumur Low*
B-212 : 235 (-14) KA Naik (+1.6%) 
B-243 : 69 (-8) KA Naik (+0.4%) 
B-231 : 11 (-8) KA Naik (+2.1%) 
BN-026 : 10 (-6) Gross Turun (-16) Tutup sumur jam 07.40-16.00, Perbaikan KN-4 SKG Nibung
BN-022 : 8 (-5) Gross Turun (-140) Tutup sumur jam 07.30-16.15, Perbaikan KN-4 SKG Nibung
BN-038 : 8 (-5) Gross Turun (-216) Tutup sumur jam 07.25-16.00, Perbaikan KN-4 SKG Nibung
B-229 : 15 (-4) KA Naik (+0.5%) 
BN-025 : 27 (-2) KA Naik (+3%) 
BN-039 : 53 (-1) Gross Turun (-41)

*Sumur Gain*
B-232 : 13 (+10) Gross Naik (+273) Prod. 24 jam, ex program penyisipan
B-239 : 93 (+8) KA Turun (-2.4%) 
B-125 : 32 (+6) KA Turun (-0.7%) 
B-211 : 11 (+6) Gross Naik (+11) 
B-234 : 40 (+5) KA Turun (-3.7%) 
BN-014 : 5 (+4) Gross Naik (+338) Tutup sumur jam 07.20-15.00, Perbaikan KN-4 SKG Nibung
B-198 : 75 (+3) KA Turun (-0.7%) 
BN-025 CS : 179 (+3) Gross Naik (+463) 
BN-017 : 2 (+2) Gross Naik (+24) Buka sumur jam 17.00, ex. Imbangi tekanan jaringan
B-173 : 56 (+1) KA Turun (-9.6%) 
B-186 : 14 (+1) Gross Naik (+1) Prod. 24 jam, ex. penggantian Wing Valve",5974.425306144951,3835.5810465450586,6480.20450250722,4160.291290609635,9254.2562,2837.359583333333,3708.82375,1994.5,2865.9641666666666,5769.333333333333,8088.416666666667,2405.0,4724.083333333335,781.0,1867.0,309.0,1395.0,1377.0,1894.0,553.0,1070.0,10764.692916666667,15558.240416666667,5261.5,10055.0475,4.0,16.9,0.0,402.0,19232.348900000005,3.0,25.0,24.016,285.75,7074.5648,26306.913700000005,17369.208800000008,26.2,527.616,80.0,1506.3639,574.625,330.1,0.0,526.4,3571.3049,343.7,79.3,4686.700000000001,393.0,5502.700000000001,14.9,120.3513,120.3513,255.6026,0.0,4664.380791995264,2782.782956392462,1807.0924516122743,0.9235,1.9053,1.8579,0.3437,0.3,1.6153,28.0,675.0,4.0,0,
2026-08-11,2128.068163362681,2104.5820371829004,2561.057,2561.045,0.0,1952.545,491.0,0.0,0.0,0.0,0.0,117.5,0.0,13165.0,926.5,12330.0,853.25,7721.0,316.5,9239.708333333334,392.25,73.0,42455.708333333336,2561.5,39967.208333333336,40209.693,40152.75,9.0,34.0,17.0,28.0,28.0,"*Sumur Low*
BN-034 : 75 (-16) KA Naik (+2%) 
B-148 : 85 (-16) KA Naik (+8.8%) 
B-146 : 5 (-8) KA Naik (+1.8%) 
BN-058 : 51 (-8) KA Naik (+2.5%) 
BN-025 : 21 (-6) KA Naik (+1.6%) 
B-236 : 19 (-5) KA Naik (+1.9%) 
BN-025 CS : 174 (-5) Gross Turun (-152) 
B-144 : 16 (-3) KA Naik (+0.5%) 
B-186 : 11 (-3) KA Naik (+11.4%) 

*Sumur Gain*
BN-026 : 18 (+8) Gross Naik (+10) Prod. 24 jam, Perbaikan KN-4 SKG Nibung
BN-014 : 13 (+8) Gross Naik (+251) Prod. 24 jam, Perbaikan KN-4 SKG Nibung
BN-017 : 8 (+6) Gross Naik (+57) Prod. 24 jam,ex. Imbangi tekanan jaringan
BN-022 : 13 (+5) Gross Naik (+140) Prod. 24 jam, Perbaikan KN-4 SKG Nibung
BN-038 : 13 (+5) Gross Naik (+216) Prod. 24 jam, Perbaikan KN-4 SKG Nibung
B-132 : 33 (+4) KA Turun (-1.3%) 
B-207 : 8 (+4) Gross Naik (+7) 
BN-018 : 136 (+3) KA Turun (-0.4%) 
B-179 : 149 (+3) Gross Naik (+83) 
B-173 : 59 (+3) Gross Naik (+14) 
B-234 : 43 (+3) Gross Naik (+21) 
B-239 : 96 (+3) Gross Naik (+16) 
B-203 : 8 (+3) KA Turun (-1.4%) 
B-216 : 27 (+1) Gross Naik (+29) ",5974.425306144951,3835.5810465450586,6480.20450250722,4160.291290609635,9293.0494,3552.0,4418.0,1894.5,2760.5,5611.0,7910.0,2405.0,4704.0,781.0,1848.0,309.0,1376.0,1404.625,1928.1666666666665,553.0,1076.5416666666665,11348.625,16104.166666666666,5161.5,9917.041666666666,4.0,16.8,0.0,402.0,18984.6125,3.0,25.0,0.0,276.3333333333333,8411.5532,27396.165699999998,18209.3163,26.2,528.364,80.0,1473.7104,572.875,334.1,0.0,214.2,3229.4494,347.6,82.3,5243.799999999999,382.40000000000003,6056.0999999999985,7.5,0.0,0.0,7.5,0.0,4744.937495367823,2784.529622873084,1763.5822817590927,1.2942,1.7855,2.1641,0.3476,0.3,1.5358,28.0,679.8,4.0,0,
2026-08-12,2128.068163362681,2104.5820371829004,2534.053,2534.08,0.0,1901.31419616,498.5,0.0,0.0,0.0,0.0,134.26580384,0.0,13164.5,908.0,12446.5,845.25,7718.0,308.0,9004.5,398.5,76.0,42333.5,2535.75,39873.75,39960.837,39913.0,9.0,34.0,17.0,28.0,28.0,"*Sumur Low*
B-199 : 104 (-11) Gross Turun (-79) 
BN-058 : 40 (-11) KA Naik (+2%) 
B-198 : 71 (-5) KA Naik (+1.4%) 
BN-025 CS : 169 (-5) Gross Turun (-107) 
BN-026 : 14 (-4) Gross Turun (-5) 
B-239 : 93 (-3) KA Naik (+0.6%) 
B-081 : 30 (-3) KA Naik (+0.4%) 
B-125 : 30 (-3) KA Naik (+0.3%) 
B-191 : 56 (-2) KA Naik (+1.3%) 
B-206 : 30 (-2) KA Naik (+1.3%) 
B-225 : 11 (-2) KA Naik (+0.4%) 
B-185 : 11 (-2) KA Naik (+0.5%) 

*Sumur Gain*
 B-117 : 10 (+10) KA Turun (-69%) Prod. 24 jam, Ex. program WO
BN-015 : 21 (+5) KA Turun (-1.5%) 
B-146 : 8 (+3) KA Turun (-0.9%) 
B-148 : 87 (+2) KA Turun (-5.9%) 
B-229 : 16 (+1) KA Turun (-0.5%) 
BN-025 : 22 (+1) KA Turun (-2.6%) ",5974.425306144951,3835.5810465450586,6480.20450250722,4160.291290609635,9317.7994,3552.0,4417.0,1901.0,2766.0,5611.0,7911.0,2405.0,4705.0,781.0,1877.0,308.0,1404.0,1479.0,2067.0,553.0,1141.0,11423.0,16272.0,5167.0,10016.0,4.0,16.8,0.0,400.0,19175.3842,3.0,25.0,0.0,261.7083333333333,8449.434799999999,27624.819,18413.2946,26.275,523.656,80.0,1469.8017,574.1667,325.2,0.0,218.0,3217.0994,335.1,79.69999999999999,5258.4,417.1,6090.3,10.4,0.0,0.0,10.4,0.0,4796.5828380990415,2749.9415960862625,1771.2749658146965,1.4054,1.7751,2.078,0.3351,0.3,1.4643,28.0,680.0,4.0,0,
2026-08-13,2128.068163362681,2104.5820371829004,2494.034,2494.024,0.0,1869.024,499.5,0.0,0.0,0.0,0.0,125.5,0.0,13143.5,871.0,12275.5,843.25,7672.5,314.0,8904.5,393.0,74.0,41996.0,2495.25,39574.75,39699.46166668653,39627.666666686535,9.0,34.0,17.0,28.0,28.0,"*Sumur Low*
BN-025 CS : 134 (-35) KA Naik (+1.2%) 
B-212 : 217 (-18) Gross Turun (-40) 
B-199 : 88 (-16) KA Naik (+1.3%) 
B-117 : 0 (-10) Gross Turun (-15) 
B-239 : 85 (-8) KA Naik (+1.7%) 
B-243 : 64 (-5) Gross Turun (-91) 
B-132 : 32 (-1) Gross Turun (-61)

*Sumur Gain*
B-237 : 127 (+8) Gross Naik (+25) 
B-218 : 13 (+8) KA Turun (-17.7%) 
B-146 : 15 (+7) KA Turun (-2.9%) 
BN-022 : 19 (+6) KA Turun (-0.7%) 
B-173 : 64 (+5) Gross Naik (+24) 
B-220 : 24 (+5) KA Turun (-0.8%) 
B-219 : 40 (+5) KA Turun (-0.6%) 
BN-058 : 45 (+5) KA Turun (-1.3%) 
BN-017 : 11 (+3) Gross Naik (+109) 
B-234 : 45 (+3) Gross Naik (+19) ",5974.425306144951,3835.5810465450586,6480.20450250722,4160.291290609635,8701.4137,3552.0,4408.0,1776.0,2632.0,5628.0,7935.0,2370.0,4677.0,781.0,1893.0,308.0,1420.0,1479.0,2130.0,553.0,1204.0,11440.0,16366.0,5007.0,9933.0,4.0,16.8,0.0,396.0,19194.4027,3.0,25.0,0.0,283.0833333333333,8412.9415,27607.3442,19012.1555,26.225,503.278,80.0,1468.5857,574.625,329.0,0.0,231.3,3213.0137000000004,328.40000000000003,78.2,4633.6,429.8,5470.000000000001,18.4,0.0,0.0,18.4,0.0,4581.5356539816785,2558.8270832276253,1561.0509627906977,1.0039,1.6304,1.9993,0.3284,0.3,1.4111,28.0,680.0,4.0,0,
2026-08-14,2128.068163362681,2104.5820371829004,2472.029,2472.047,0.0,1833.547,502.0,0.0,0.0,0.0,0.0,136.5,0.0,12856.0,836.5,12165.5,824.25,7644.5,325.25,9044.75,413.25,75.0,41710.75,2474.25,39311.5,39396.340666686534,39243.666666686535,9.0,34.0,17.0,28.0,28.0,"*Sumur Low*
B-212 : 198 (-19) Gross Turun (-56) 
BN-025 CS : 120 (-14) KA Naik (+0.5%) 
BN-025 : 14 (-8) KA Naik (+2.1%) 
B-194 : 164 (-6) KA Naik (+0.6%) 
B-173 : 59 (-5) Gross Turun (-38) 
B-198 : 66 (-5) KA Naik (+1%) 
BN-026 : 10 (-4) Gross Turun (-10) 
BN-017 : 8 (-3) Gross Turun (-95) 
B-234 : 43 (-2) Gross Turun (-16) 

*Sumur Gain*
B-148 : 101 (+14) Gross Naik (+96) 
BN-058 : 51 (+6) KA Turun (-0.9%) 
B-231 : 17 (+6) KA Turun (-1.7%) 
BN-034 : 80 (+5) KA Turun (-1.4%) 
B-206 : 35 (+5) KA Turun (-1.2%) 
B-160 : 48 (+3) KA Turun (-0.1%) 
B-239 : 88 (+3) KA Turun (-0.7%) 
B-125 : 31 (+1) KA Turun (-0.1%) ",5974.425306144951,3835.5810465450586,6480.20450250722,4160.291290609635,8325.1983,3552.0,4418.0,1775.0,2641.0,5628.0,7875.0,2415.0,4662.0,781.0,1896.0,308.0,1423.0,1479.0,2153.0,538.0,1212.0,11440.0,16342.0,5036.0,9938.0,4.0,16.9,0.0,398.0,19027.0927,3.0,25.0,0.0,298.0416666666667,8318.037400000001,27345.130100000002,19126.3318,26.4,516.532,80.0,1470.3663,575.5,332.3,0.0,316.4,3317.4983,338.2,79.3,4148.9,419.9,4986.299999999999,21.4,0.0,0.0,21.4,0.0,4386.268695793922,2446.961585258603,1491.9680189474743,0.7557,1.3674,2.0258,0.3382,0.3,1.4604,28.0,680.0,4.0,0,
2026-08-15,2128.068163362681,2104.5820371829004,2455.053,2455.051,0.0,1830.051,488.5,0.0,0.0,0.0,0.0,136.5,0.0,13028.5,822.5,12289.5,831.25,7647.0,315.75,9135.75,412.25,75.0,42100.75,2456.75,39719.0,39872.891333343265,39846.70833334327,9.0,34.0,17.0,28.0,28.0,"*Sumur Low*
B-212 : 187 (-11) KA Naik (+1.1%) 
B-239 : 77 (-11) Gross Turun (-32) 
BN-025 CS : 112 (-8) KA Naik (+0.3%) 
B-234 : 35 (-8) KA Naik (+2.7%) 
B-169 : 24 (-7) KA Naik (+1.6%) 
B-146 : 11 (-4) KA Naik (+1.8%) 
BN-025 : 11 (-3) KA Naik (+1.7%) 
B-220 : 21 (-3) Gross Turun (-50) 
B-144 : 13 (-3) KA Naik (+0.5%) 
BN-026 : 8 (-2) Gross Turun (-6)

*Sumur Gain*
BN-015 : 29 (+8) KA Turun (-4.6%) 
B-191 : 64 (+8) Gross Naik (+21) 
B-223 : 21 (+5) KA Turun (-2.2%) 
BN-058 : 56 (+5) KA Turun (-1.1%) 
BN-017 : 11 (+3) Gross Naik (+27) 
B-208 : 32 (+3) KA Turun (-0.3%) 
B-181 : 16 (+3) Gross Naik (+131) 
B-132 : 35 (+3) Gross Naik (+22) 
B-216 : 29 (+2) Gross Naik (+50) 
B-186 : 13 (+2) KA Turun (-63.1%)",5974.425306144951,3835.5810465450586,6480.20450250722,4160.291290609635,8501.8377,3552.0,4344.0,1540.0,2332.0,5628.0,7870.0,2410.0,4652.0,781.0,1819.0,308.0,1346.0,1479.0,2153.0,538.0,1212.0,11440.0,16186.0,4796.0,9542.0,4.0,16.7,0.0,397.0,18952.3161,3.0,25.0,0.0,293.0416666666667,8416.8943,27369.2104,18973.647699999998,26.275,530.479,80.0,1469.3087,574.875,332.4,0.0,282.3,3295.6377,340.7,79.3,4355.200000000001,409.8,5185.000000000001,21.2,0.0,0.0,21.2,0.0,4414.861224428841,2575.8554590966255,1511.1210164745335,0.7854,1.4466,2.1232,0.3407,0.3,1.4626,28.0,680.0,4.0,0,
2026-08-16,2128.068163362681,2104.5820371829004,2441.089,2441.102,0.0,1837.8519999999999,462.0,0.0,0.0,0.0,0.0,141.25,0.0,13268.0,810.0,12285.25,839.0,7636.0,323.0,9310.0,393.5,77.0,42499.25,2442.5,40133.75,40289.36,40202.0,9.0,34.0,17.0,28.0,60.0,"*Sumur Low*
B-148 : 83 (-18) Gross Turun (-178) 
B-194 : 155 (-9) KA Naik (+1.1%) 
BN-022 : 13 (-6) KA Naik (+0.8%) 
B-198 : 61 (-5) KA Naik (+2%) 
B-218 : 8 (-5) KA Naik (+8.2%) 
B-207 : 5 (-3) KA Naik (+18.8%) 
B-239 : 74 (-3) KA Naik (+0.4%) 
BN-025 CS : 110 (-2) KA Naik (+0.1%)

*Sumur Gain*
B-102 : 24 (+6) KA Turun (-0.4%) 
B-185 : 16 (+5) KA Turun (-1%) 
B-212 : 192 (+5) Gross Naik (+37) 
B-125 : 35 (+4) KA Turun (-0.6%) 
B-231 : 21 (+4) Gross Naik (+152) 
BN-015 : 32 (+3) KA Turun (-1.1%) 
BN-058 : 59 (+3) KA Turun (-0.4%) 
B-173 : 61 (+2) KA Turun (-10.9%) 
BN-018 : 138 (+2) Gross Naik (+195)",5974.425306144951,3835.5810465450586,6480.20450250722,4160.291290609635,8877.900100000003,3552.0,4374.0,1567.0,2389.0,5628.0,7856.0,2420.0,4648.0,781.0,1813.0,306.0,1338.0,1479.0,2107.0,543.0,1171.0,11440.0,16150.0,4836.0,9546.0,4.0,16.8,0.0,396.0,18895.6987,3.0,24.395833333333332,0.0,252.33333333333334,8445.8742,27341.5729,18569.947799999998,26.275,511.988,80.0,1470.1204,571.9167,329.9,0.0,185.7,3175.9001000000003,322.7,79.5,4867.6,413.7,5683.5,18.5,0.0,0.0,18.5,0.0,4577.521924596692,2697.966498020114,1602.411677383198,0.9834,1.5606,2.3236,0.3227,0.3,1.456,28.0,680.0,4.0,0,
2026-08-17,2128.068163362681,2104.5820371829004,2443.032,2443.027,0.0,1837.777,464.0,0.0,0.0,0.0,0.0,141.25,0.0,12996.5,821.0,12077.375,837.9791666666667,7675.0,323.5,9369.0,390.5,72.0,42117.875,2444.979166666667,39744.895833333336,39841.42966665673,39816.04166665673,9.0,34.0,17.0,28.0,60.0,"*Sumur Gain*
BN-015 : 37 (+5) KA Turun (-1.8%) 
B-208 : 35 (+3) KA Turun (-0.3%) 
B-237 : 130 (+3) KA Turun (-5.8%) 
B-199 : 91 (+3) Gross Naik (+33) 
B-234 : 38 (+3) KA Turun (-0.7%) 
B-132 : 37 (+2) KA Turun (-0.7%) 
B-219 : 42 (+2) KA Turun (-0.2%) 
BN-039 : 55 (+2) Gross Naik (+107) 
B-232 : 15 (+2) KA Turun (-0.9%) 
BN-025 : 13 (+2) KA Turun (-0.5%) 
BN-025 CS : 112 (+2) KA Turun (-1.6%) 
B-173 : 62 (+1) Gross Naik (+32) 
B-225 : 12 (+1) KA Turun (-0.2%) 

*Sumur Low*
B-239 : 67 (-7) KA Naik (+1%) 
B-229 : 13 (-3) KA Naik (+0.7%) 
B-179 : 146 (-3) Gross Turun (-67) 
B-203 : 5 (-3) Gross Turun (-93) Tutup sumur jam 14:00, Imbangi tekanan jaringan
B-147 : 11 (-2) KA Naik (+0.2%) 
B-207 : 3 (-2) Gross Turun (-7) Tutup sumur jam 14:00, Imbangi tekanan jaringan",5974.425306144951,3835.5810465450586,6480.20450250722,4160.291290609635,8446.7572,3552.0,4375.0,1325.0,2148.0,5316.333333333334,7619.333333333334,2420.0,4723.0,781.0,1696.0,306.0,1221.0,1479.0,2137.0,543.0,1201.0,11128.333333333334,15827.333333333334,4594.0,9293.0,4.0,16.9,0.0,396.0,18927.8047,3.0,24.208333333333332,0.0,241.54166666666666,8413.1856,27340.9903,19000.6581,26.425,525.176,80.0,1473.6729,573.0833,334.1,0.0,157.8,3170.2572000000005,328.3,72.6,4478.5,374.7,5254.099999999999,22.4,0.0,0.0,22.4,0.0,4464.701535177015,2636.828003572581,1345.2276612504038,0.883,1.2745,2.321,0.3283,0.3,1.3999,28.0,678.6,4.0,0,
2026-08-18,2128.068163362681,2104.5820371829004,2240.067,2240.078,0.0,1661.7394583333332,450.6875,0.0,0.0,0.0,0.0,127.65104166666666,0.0,10931.5,696.0,10367.151041666666,765.734375,7579.0,337.0,8734.9375,369.3958333333333,73.0,37612.588541666664,2241.1302083333335,35444.45833333333,35514.120000029805,35505.0000000298,9.0,32.0,17.0,28.0,58.0,"*Sumur Low*
BN-025 CS : 0 (-112) Gross Turun (-1605) 
BN-025 : 0 (-13) Gross Turun (-286) 
B-102 : 15 (-10) Gross Turun (-537) Tutup sumur jam 14.20, Imbangi tekanan jaringan, Perbaikan K-4 SKG Bunyu
B-236 : 9 (-10) Gross Turun (-173) Tutup sumur jam 13.40, Imbangi tekanan jaringan, Perbaikan K-4 SKG Bunyu
B-198 : 51 (-10) Gross Turun (-37) 
B-223 : 13 (-8) Gross Turun (-90) Tutup sumur jam 14.20, Imbangi tekanan jaringan, Perbaikan K-4 SKG Bunyu
B-199 : 83 (-8) Gross Turun (-199) 
B-185 : 9 (-7) Gross Turun (-225) Tutup sumur jam 14.00, Imbangi tekanan jaringan, Perbaikan K-4 SKG Bunyu
B-181 : 9 (-7) Gross Turun (-355) Tutup sumur jam 13.40, Imbangi tekanan jaringan, Perbaikan K-4 SKG Bunyu
B-229 : 7 (-6) Gross Turun (-347) Tutup sumur jam 13.30, Imbangi tekanan jaringan, Perbaikan K-4 SKG Bunyu
B-186 : 7 (-6) Gross Turun (-6) Tutup sumur jam 13.30, Imbangi tekanan jaringan, Perbaikan K-4 SKG Bunyu
B-238 : 21 (-6) KA Naik (+0.3%) 
B-232 : 9 (-6) Gross Turun (-105) Tutup sumur jam 13.50, Imbangi tekanan jaringan, Perbaikan K-4 SKG Bunyu
B-203 : 0 (-5) Gross Turun (-130) Shut in 24 jam, Imbangi tekanan jaringan
B-202 : 3 (-5) KA Naik (+11%) 
B-144 : 8 (-5) Gross Turun (-311) Tutup sumur jam 14.10, Imbangi tekanan jaringan, Perbaikan K-4 SKG Bunyu
B-225 : 7 (-5) Gross Turun (-218) Tutup sumur jam 13.50, Imbangi tekanan jaringan, Perbaikan K-4 SKG Bunyu
B-218 : 5 (-4) Gross Turun (-27) Tutup sumur jam 13.40, Imbangi tekanan jaringan, Perbaikan K-4 SKG Bunyu
B-207 : 0 (-3) Gross Turun (-9) Shut in 24 jam, Imbangi tekanan jaringan
B-211 : 8 (-3) Gross Turun (-8)

*Sumur Gain*
BN-015 : 48 (+11) KA Turun (-11%) 
B-191 : 68 (+4) Gross Naik (+64) 
B-239 : 70 (+3) KA Turun (-0.6%) 
B-231 : 24 (+3) KA Turun (-0.5%) 
B-216 : 32 (+3) KA Turun (-0.7%) 
BN-026 : 11 (+3) Gross Naik (+3) 
BN-022 : 16 (+3) Gross Naik (+69) 
B-081 : 31 (+2) Gross Naik (+74) 
BN-034 : 82 (+2) Gross Naik (+114)",5974.425306144951,3835.5810465450586,6480.20450250722,4160.291290609635,7422.3757,3552.0,4339.0,860.0,1647.0,3552.270833333333,5758.395833333334,2420.0,4626.125000000001,781.0,1730.0,689.0,1638.0,1160.6666666666667,1759.125,543.0,1141.4583333333333,9045.9375,13586.520833333334,4512.0,9052.583333333334,4.0,16.6,0.0,390.0,17106.9523,3.0,23.916666666666668,50.976,237.5,8435.0315,25541.9838,18226.133100000003,26.525,505.599,80.0,1357.3767,572.875,333.7,0.0,276.2,3152.2756999999997,337.3,78.0,3472.8999999999996,352.6,4240.8,29.3,0.0,0.0,29.3,0.0,4230.127595022138,2480.5593118046418,711.6887931732196,0.7249,0.9298,1.8182,0.3373,0.3,1.3061,28.0,639.0,4.0,0,
2026-08-19,2128.068163362681,2104.5820371829004,2102.075,2102.093,0.0,1561.0929999999998,439.0,0.0,0.0,0.0,0.0,102.0,0.0,10860.0,657.875,7906.5,677.5,7733.0,352.5,7900.5,342.5,72.0,34400.0,2102.375,32369.625,32487.8310000298,32459.750000029802,9.0,20.0,17.0,28.0,46.0,"*Sumur Low*
B-194 : 139 (-16) Gross Turun (-85) 
B-102 : 0 (-15) Gross Turun (-819) Shut in 24 jam, Imbangi tekanan jaringan, Perbaikan K-4 SKG Bunyu
B-223 : 0 (-13) Gross Turun (-137) Shut in 24 jam, Imbangi tekanan jaringan, Perbaikan K-4 SKG Bunyu
BN-058 : 48 (-11) KA Naik (+2.3%) 
B-236 : 0 (-9) Gross Turun (-233) Shut in 24 jam, Imbangi tekanan jaringan, Perbaikan K-4 SKG Bunyu
B-185 : 0 (-9) Gross Turun (-314) Shut in 24 jam, Imbangi tekanan jaringan, Perbaikan K-4 SKG Bunyu
B-181 : 0 (-9) Gross Turun (-457) Shut in 24 jam, Imbangi tekanan jaringan, Perbaikan K-4 SKG Bunyu
B-232 : 0 (-9) Gross Turun (-147) Shut in 24 jam, Imbangi tekanan jaringan, Perbaikan K-4 SKG Bunyu
B-144 : 0 (-8) Gross Turun (-436) Shut in 24 jam, Imbangi tekanan jaringan, Perbaikan K-4 SKG Bunyu
BN-038 : 5 (-8) Gross Turun (-378) Tutup sumur jam 09.00, imbangi tekanan jaringan
B-229 : 0 (-7) Gross Turun (-446) Shut in 24 jam, Imbangi tekanan jaringan, Perbaikan K-4 SKG Bunyu
B-186 : 0 (-7) Gross Turun (-8) Shut in 24 jam, Imbangi tekanan jaringan, Perbaikan K-4 SKG Bunyu
B-225 : 0 (-7) Gross Turun (-305) Shut in 24 jam, Imbangi tekanan jaringan, Perbaikan K-4 SKG Bunyu
B-173 : 55 (-7) Gross Turun (-40) 
BN-034 : 75 (-7) KA Naik (+0.9%) 
B-148 : 77 (-6) KA Naik (+6.1%) 
B-218 : 0 (-5) Gross Turun (-34) Shut in 24 jam, Imbangi tekanan jaringan, Perbaikan K-4 SKG Bunyu
B-212 : 187 (-5) Gross Turun (-21) 
B-136 : 35 (-5) KA Naik (+0.2%) 
B-219 : 37 (-5) KA Naik (+0.6%) 
B-206 : 32 (-3) KA Naik (+1.5%) 
BN-018 : 136 (-2) KA Naik (+0.2%)

*Sumur Gain*
BN-015 : 60 (+12) Gross Naik (+37) Jam 17.40, Upfreq 108 ke 112 Hz
B-146 : 16 (+5) Gross Naik (+96) Jam 17.10, Upfreq 80 ke 86 Hz
B-210 : 5 (+5) Gross Naik (+29) Prod. 24 jam, ex. Bean up 
B-239 : 74 (+5) KA Turun (-0.7%) 
B-237 : 134 (+4) Gross Naik (+7) 
BN-014 : 15 (+2) KA Turun (-0.3%) 
B-132 : 39 (+2) Gross Naik (+20)",5974.425306144951,3835.5810465450586,6480.20450250722,4160.291290609635,6961.1429,3353.25,4167.25,740.0,1554.0,1729.0,3773.0,2440.0,4484.0,781.0,1726.5,933.0,1878.5,721.0,1290.0,543.0,1112.0,6584.25,10956.75,4656.0,9028.5,3.0,16.8,0.0,383.0,13389.7727,3.0,23.958333333333332,49.022999999999996,217.41666666666666,7916.2008000000005,21305.9735,14451.2556,26.425,490.113,80.0,1111.1966,570.7083,344.0,0.0,553.8,3176.2429,338.1,77.89999999999999,2989.3999999999996,356.5,3761.8999999999996,23.0,0.0,0.0,23.0,0.0,4059.799295558508,2182.754117505676,718.5894869358143,1.0986,0.8585,1.0323,0.3381,0.3,1.2688,28.0,605.8,4.0,0,
2026-08-20,2128.068163362681,2104.5820371829004,2060.046,2060.059,0.0,1583.0590000000002,373.0,0.0,0.0,0.0,0.0,104.0,0.0,10897.5,629.75,7957.5,679.5,7725.5,321.0,7941.5,355.5,75.0,34522.0,2060.75,32536.25,32690.183,32696.5,9.0,19.0,17.0,28.0,45.0,"*Sumur Low*
B-194 : 102 (-37) KA Naik (+3.7%) 
BN-015 : 40 (-20) KA Naik (+10.4%) 
B-146 : 4 (-12) KA Naik (+3.5%) Jam 13.33 Upfreq from 86 hz to 88 Hz
BN-038 : 0 (-5) Gross Turun (-227) Shut in 24 jam, imbangi tekanan jaringan
B-191 : 65 (-4) Gross Turun (-35) 
BN-058 : 46 (-3) KA Naik (+0.4%) 
B-212 : 184 (-3) KA Naik (+0.6%) 
BN-026 : 8 (-3) Gross Turun (-5)

*Sumur Gain*
BN-039 : 61 (+7) KA Turun (-0.3%) 
B-199 : 89 (+6) Gross Naik (+254) Jam 09.12 update GI  354 mscfd
B-147 : 16 (+5) KA Turun (-1%) 
B-237 : 137 (+4) Gross Naik (+44) 
B-206 : 35 (+3) Gross Naik (+48) 
B-179 : 149 (+3) Gross Naik (+75) 
B-216 : 35 (+3) Gross Naik (+51) 
BN-022 : 19 (+3) KA Turun (-0.9%) 
B-239 : 77 (+3) KA Turun (-0.6%) 
B-198 : 53 (+2) Gross Naik (+59) 
B-202 : 5 (+2) KA Turun (-7.1%) 
B-173 : 56 (+1) Gross Naik (+37)",5974.425306144951,3835.5810465450586,6480.20450250722,4160.291290609635,7423.237099999999,2913.0,3728.0,555.625,1370.625,1729.0,3759.0,2425.0,4455.0,781.0,1715.0,933.0,1867.0,721.0,1289.0,543.0,1111.0,6144.0,10491.0,4456.625,8803.625,3.0,16.8,0.0,396.0,15615.5549,3.0,24.0,83.74600000000001,249.95833333333334,7887.3892,23502.9441,16186.056999999997,26.35,515.641,80.0,1271.9711,572.375,354.4,0.0,368.0,3188.7371,342.1,75.89999999999999,3494.4,304.70000000000005,4217.1,17.4,0.0,0.0,17.4,0.0,4419.223404120462,2374.45775729884,629.5559385806984,1.1903,0.9636,1.3405,0.3421,0.3,1.4497,28.0,605.0,4.0,0,
2026-08-21,2128.068163362681,2104.5820371829004,2088.025,2088.031,0.0,1608.1143333333332,376.5,0.0,0.0,0.0,0.0,103.41666666666666,0.0,10399.5625,604.9270833333333,9330.256944444445,736.7682291666666,7793.5,303.0,8252.072916666668,353.53125,91.0,35775.39236111111,2089.2265625,33777.16579861111,32494.082,32477.5,9.0,34.0,17.0,28.0,60.0,"*Sumur Gain*
B-102 : 8 (+8) Gross Naik (+452) Buka sumur jam 16.00, ex. Imbangi tekanan jaringan (Perbaikan K-4)
B-223 : 7 (+7) Gross Naik (+76) Buka sumur jam 16.00, ex. Imbangi tekanan jaringan (Perbaikan K-4)
B-236 : 6 (+6) Gross Naik (+135) Buka sumur jam 16.00, ex. Imbangi tekanan jaringan (Perbaikan K-4)
B-185 : 5 (+5) Gross Naik (+180) Buka sumur jam 16.00, ex. Imbangi tekanan jaringan (Perbaikan K-4)
B-181 : 5 (+5) Gross Naik (+271) Buka sumur jam 16.05, ex. Imbangi tekanan jaringan (Perbaikan K-4)
B-232 : 5 (+5) Gross Naik (+84) Buka sumur jam 16.05, ex. Imbangi tekanan jaringan (Perbaikan K-4)
BN-038 : 4 (+4) Gross Naik (+195) Buka sumur jam 16.15, ex. Imbangi tekanan jaringan (Perbaikan K-4)
B-144 : 4 (+4) Gross Naik (+249) Buka sumur jam 16.05, ex. Imbangi tekanan jaringan (Perbaikan K-4)
B-229 : 4 (+4) Gross Naik (+256) Buka sumur jam 16.15, ex. Imbangi tekanan jaringan (Perbaikan K-4)
B-186 : 4 (+4) Gross Naik (+5) Buka sumur jam 16.15, ex. Imbangi tekanan jaringan (Perbaikan K-4)
B-225 : 4 (+4) Gross Naik (+169) Buka sumur jam 16.15, ex. Imbangi tekanan jaringan (Perbaikan K-4)
B-219 : 41 (+4) KA Turun (-0.9%) 
B-081 : 35 (+4) KA Turun (-0.3%) 
BN-015 : 43 (+3) Gross Naik (+19) 
B-173 : 59 (+3) KA Turun (-5.4%) 
B-237 : 140 (+3) Gross Naik (+19) 
B-218 : 2 (+2) Gross Naik (+18) Buka sumur jam 17.00, ex. Imbangi tekanan jaringan (Perbaikan K-4)
B-146 : 5 (+1) KA Turun (-0.3%) 
B-203 : 1 (+1) Gross Naik (+38) Buka sumur jam 17.00, ex. Imbangi tekanan jaringan (Perbaikan K-4)
B-207 : 1 (+1) Gross Naik (+3) Buka sumur jam 17.00, ex. Imbangi tekanan jaringan (Perbaikan K-4)

*Sumur Low*
BN-039 : 44 (-17) Gross Turun (-568) Pkl. 14.06 - 20.47 ESP Auto Stop ( Disabling Power Supply ) 
B-125 : 19 (-16) KA Naik (+1.9%) 
BN-034 : 64 (-11) Gross Turun (-134) 
B-216 : 29 (-6) KA Naik (+0.7%) 
B-191 : 61 (-4) Gross Turun (-25) 
B-148 : 74 (-3) Gross Turun (-40) 
BN-017 : 8 (-3) Gross Turun (-43) 
B-160 : 45 (-3) KA Naik (+0.1%) 
BN-022 : 16 (-3) KA Naik (+0.4%) 
B-239 : 74 (-3) KA Naik (+1.3%) 
BN-014 : 13 (-2) Gross Turun (-102) 
B-132 : 37 (-2) Gross Turun (-26) ",5974.425306144951,3835.5810465450586,6480.20450250722,4160.291290609635,8237.729500000001,3015.6875,3843.1666666666665,560.0,1387.479166666666,2881.149305555556,5002.545138888888,2425.0,4546.395833333332,781.0,1721.0,923.0,1863.0,936.2916666666666,1489.625,543.0,1096.3333333333335,7614.128472222223,12056.336805555553,4451.0,8893.208333333332,4.0,16.9,0.0,396.0,18101.449200000003,3.0,24.75,0.0,272.875,7899.468800000001,26000.918000000005,17869.3135,26.125,507.804,80.0,1435.9588,574.5417,347.6,0.0,233.9,3205.9295,352.0,76.30000000000001,4297.9,291.3,5017.5,14.3,0.0,0.0,14.3,0.0,4966.057511282018,2714.9690257453035,556.7029629726808,1.5835,1.0831,1.6313,0.352,0.3,1.1968,28.0,605.0,4.0,0,
2026-08-22,2128.068163362681,2104.5820371829004,2108.079,2108.084,0.0,1694.167333333333,307.0,0.0,0.0,0.0,0.0,106.91666666666666,0.0,11203.5,608.0,12237.354166666668,824.5625,7327.5,229.0,8999.208333333332,361.4583333333333,86.0,39767.5625,2109.020833333333,37744.541666666664,37894.7499999702,37894.2499999702,7.0,34.0,17.0,28.0,58.0,"*Sumur Gain*
BN-039 : 67 (+23) Gross Naik (+461) Prod. 24 jam, ex. Imbangi tekanan jaringan (Perbaikan K-4)
B-102 : 24 (+16) Gross Naik (+904) Prod. 24 jam, ex. Imbangi tekanan jaringan (Perbaikan K-4)
B-181 : 18 (+13) Gross Naik (+530) Prod. 24 jam, ex. Imbangi tekanan jaringan (Perbaikan K-4)
B-236 : 18 (+12) Gross Naik (+313) Prod. 24 jam, ex. Imbangi tekanan jaringan (Perbaikan K-4)
B-144 : 16 (+12) Gross Naik (+509) Prod. 24 jam, ex. Imbangi tekanan jaringan (Perbaikan K-4)
B-185 : 16 (+11) Gross Naik (+386) Prod. 24 jam, ex. Imbangi tekanan jaringan (Perbaikan K-4)
B-232 : 15 (+10) Gross Naik (+168) Prod. 24 jam, ex. Imbangi tekanan jaringan (Perbaikan K-4)
B-223 : 16 (+9) Gross Naik (+170) Prod. 24 jam, ex. Imbangi tekanan jaringan (Perbaikan K-4)
B-229 : 9 (+5) Gross Naik (+306) Tutup sumur jam 13.20-20.20, Imbangi tekanan jaringan (perbaikan K-5)
B-186 : 9 (+5) Gross Naik (+5) Tutup sumur jam 13.10-20.10, Imbangi tekanan jaringan (perbaikan K-5)
B-225 : 9 (+5) Gross Naik (+202) Tutup sumur jam 13.10-20.10, Imbangi tekanan jaringan (perbaikan K-5)
BN-022 : 19 (+3) Gross Naik (+70) 
B-218 : 6 (+3) Gross Naik (+25) Tutup sumur jam 13.00-20.00, Imbangi tekanan jaringan (perbaikan K-5)
B-203 : 5 (+3) Gross Naik (+92) Prod. 24 jam, ex. Imbangi tekanan jaringan (Perbaikan K-4)
B-220 : 24 (+3) Gross Naik (+43) 
BN-026 : 10 (+2) Gross Naik (+8) 
B-125 : 21 (+2) KA Turun (-0.3%) 
BN-038 : 5 (+1) Gross Naik (+219) Prod. 24 jam, ex. Imbangi tekanan jaringan (Perbaikan K-4)
B-207 : 2 (+1) Gross Naik (+4) Tutup sumur jam 13.00-20.00, Imbangi tekanan jaringan (perbaikan K-5)

*Sumur Low*
B-239 : 4 (-70) Gross Turun (-468) Jam 17.53 Upfreq 102 Hz ke 105 Hz (monitoring)
BN-034 : 51 (-13) KA Naik (+2.8%) 
B-173 : 47 (-12) Gross Turun (-40) 
B-234 : 29 (-9) KA Naik (+2.5%) 
B-206 : 26 (-9) Gross Turun (-97) Manual off jam 09.10-15.26, Perbaikan flowline bocor
B-231 : 21 (-3) Gross Turun (-56) ",5974.425306144951,3835.5810465450586,6480.20450250722,4160.291290609635,8915.1344,3231.0,4120.0,560.0,1449.0,4895.791666666667,7155.041666666667,2870.0,5129.250000000001,781.0,1866.5,920.0,2005.5,1282.5,1818.75,528.0,1064.25,10190.291666666668,14960.291666666668,4878.0,9648.0,4.0,16.5,0.0,396.0,21366.6997,3.0,24.875,0.0,271.4583333333333,8022.905199999999,29389.6049,20580.7205,26.25,521.694,80.0,1679.3404,573.75,396.6,0.0,-52.9,3224.7344,346.4,73.1,5075.1,178.4,5673.0,17.4,0.0,0.0,17.4,0.0,5244.386949336651,3119.557808291874,551.1896423714759,1.5311,1.3857,2.1583,0.3464,0.3,1.1789,28.0,675.32,4.0,0,
2026-08-23,2128.068163362681,2104.5820371829004,2148.079,2148.071,0.0,1695.321,343.5,0.0,0.0,0.0,0.0,109.25,0.0,11246.5,601.0,12494.041666666668,844.0625,7508.0,258.5,9229.0,362.0,83.0,40477.54166666667,2148.5625,38411.97916666667,38490.42033334327,38592.08333334327,7.0,34.0,17.0,28.0,58.0,"*Sumur Gain*
B-239 : 39 (+35) Gross Naik (+249) 
B-207 : 9 (+7) Gross Naik (+10) Prod. 24 jam, ex. Imbangi tekanan jaringan (perbaikan K-5)
B-194 : 107 (+5) Gross Naik (+30) 
B-218 : 11 (+5) Gross Naik (+48) Prod. 24 jam, ex. Imbangi tekanan jaringan (perbaikan K-5)
B-198 : 57 (+4) KA Turun (-1.7%) 
B-229 : 13 (+4) Gross Naik (+236) Prod. 24 jam, ex. Imbangi tekanan jaringan (perbaikan K-5)
B-186 : 13 (+4) Gross Naik (+4) Prod. 24 jam, ex. Imbangi tekanan jaringan (perbaikan K-5)
BN-018 : 139 (+3) KA Turun (-0.1%) 
B-243 : 67 (+3) KA Turun (-0.1%) 
BN-017 : 11 (+3) KA Turun (-2.1%) 
BN-038 : 8 (+3) KA Turun (-0.6%) 
B-225 : 11 (+3) Gross Naik (+174) Prod. 24 jam, ex. Imbangi tekanan jaringan (perbaikan K-5)
B-206 : 27 (+1) Gross Naik (+20) 

*Sumur Low*
B-173 : 34 (-13) KA Naik (+17.9%) 
B-132 : 29 (-8) KA Naik (+2%) 
B-169 : 22 (-5) Gross Turun (-70) 
BN-034 : 48 (-3) KA Naik (+0.7%) 
BN-015 : 40 (-3) KA Naik (+4.7%) 
B-140 : 27 (-2) Gross Turun (-117) 
B-191 : 59 (-2) Gross Turun (-32) ",5974.425306144951,3835.5810465450586,6480.20450250722,4160.291290609635,9478.154100000002,3231.0,4167.0,560.0,1496.0,5480.083333333334,7768.083333333334,2870.0,5158.0,751.0,1837.5,920.0,2006.5,1377.0,1943.0,528.0,1094.0,10839.083333333334,15715.583333333334,4878.0,9754.5,4.0,16.7,0.0,401.0,22677.5524,3.0,24.791666666666668,0.0,275.7083333333333,7979.382500000001,30656.9349,21285.255800000003,26.475,534.028,80.0,1763.5344,574.9167,343.0,0.0,-63.4,3258.5541,313.59999999999997,73.0,5571.1,248.20000000000002,6205.900000000001,13.700000000000001,0.0,0.0,13.700000000000001,0.0,5628.883766600032,3280.3576033215436,568.9127300784255,1.5964,1.534,2.4407,0.3136,0.3,1.1859,28.0,698.0,4.0,0,
2026-08-24,2128.068163362681,2104.5820371829004,2181.046,2181.066,0.0,1693.3159999999998,378.5,0.0,0.0,0.0,0.0,109.25,0.0,11709.25,602.5,12569.541666666668,849.0625,7737.5,296.5,9202.5,357.0,78.0,41218.79166666667,2183.0625,39113.72916666667,39298.92166665673,39267.66666665673,7.0,34.0,18.0,28.0,59.0,"*Sumur Gain*
B-239 : 72 (+34) Gross Naik (+302) 
B-199 : 93 (+4) KA Turun (-0.5%) 
B-237 : 143 (+3) KA Turun (-2.5%) 
B-208 : 38 (+3) Gross Naik (+414) Jam 16.30, Bean up SB43 ke SBOF, Update GI 111 Mscfd
B-234 : 31 (+2) Gross Naik (+8) 
B-160 : 47 (+2) KA Turun (-0.1%) 
B-125 : 23 (+2) KA Turun (-0.2%) 
B-219 : 42 (+1) Gross Naik (+22) 
B-186 : 14 (+1) Gross Naik (+7) 

*Sumur Low*
B-220 : 21 (-3) KA Naik (+0.6%) 
BN-039 : 64 (-3) Gross Turun (-88) 
B-216 : 27 (-2) KA Naik (+0.4%) 
BN-026 : 8 (-2) Gross Turun (-8) ",5974.425306144951,3835.5810465450586,6480.20450250722,4160.291290609635,9557.332299999998,3144.0,4053.0,290.0,1199.0,5480.083333333334,7875.416666666667,2870.0,5265.333333333334,751.0,1681.0,921.0,1851.0,1317.0,1945.5,528.0,1156.5,10692.083333333334,15554.916666666668,4609.0,9471.833333333334,4.0,16.5,0.0,400.0,22397.5126,3.0,24.75,65.51,283.5,7944.7592,30342.2718,20891.439499999997,26.5,550.785,80.0,1754.4473,574.5,355.9,0.0,-83.5,3258.6323,339.6,76.6,5620.699999999999,251.9,6288.799999999998,9.9,0.0,0.0,9.9,0.0,5749.938390478788,3232.24871647516,575.1451930460488,1.5709,1.572,2.4778,0.3396,0.3,1.2894,28.0,685.04,4.0,0,
2026-08-25,2128.068163362681,2104.5820371829004,2176.045,2176.051,0.0,1700.301,367.0,0.0,0.0,0.0,0.0,108.75,0.0,11982.75,608.0,12771.041666666668,846.5625,7748.5,288.0,9336.5,354.0,81.0,41838.79166666667,2177.5625,39742.22916666667,39834.02733334327,39821.33333334327,7.0,34.0,18.0,27.0,59.0,"*Sumur Low*
B-194 : 102 (-6) KA Naik (+0.6%) 
B-210 : 0 (-5) KA Naik (+17.2%) 
BN-015 : 36 (-4) KA Naik (+0.7%) 
B-238 : 19 (-3) KA Naik (+0.1%) 
B-239 : 70 (-3) Gross Turun (-20) 
B-216 : 26 (-2) KA Naik (+0.4%) 
B-179 : 148 (-2) Gross Turun (-43) 
B-185 : 15 (-2) KA Naik (+0.3%) 
B-169 : 21 (-1) KA Naik (+3.2%) 
B-231 : 20 (-1) KA Naik (+0.4%) 
B-198 : 56 (-1) KA Naik (+0.7%)

*Sumur Gain*
B-208 : 45 (+8) Gross Naik (+144) 
B-173 : 38 (+4) Gross Naik (+29) 
B-132 : 32 (+3) Gross Naik (+56) 
B-146 : 8 (+3) KA Turun (-1.1%) 
B-213 : 1 (+1) KA Turun (-0.2%) Prod. 24 jam, ex. Program WO
BN-022 : 19 (+1) KA Turun (-0.4%)",5974.425306144951,3835.5810465450586,6480.20450250722,4160.291290609635,9499.598800000002,2884.0,4088.0,290.0,1494.0,5480.083333333334,8092.583333333334,2870.0,5482.5,751.0,1695.0,826.0,1770.0,1317.0,1979.5,528.0,1190.5,10432.083333333334,15855.083333333334,4514.0,9937.0,4.0,16.4,0.0,400.0,22483.2443,3.0,24.541666666666668,0.0,287.8333333333333,7849.3264,30332.570699999997,20939.3969,26.425,538.942,80.0,1741.2568,574.375,351.9,0.0,126.1,3438.9988000000003,333.5,74.6,5388.200000000001,250.2,6046.500000000001,14.1,0.0,0.0,14.1,0.0,5676.146510516253,3246.9947996578453,576.4574898259033,1.5267,1.5402,2.3213,0.3335,0.3,1.2509,27.0,680.0,4.0,0,
2026-08-26,2128.068163362681,2104.5820371829004,2160.038,2160.046,0.0,1685.2959999999998,348.0,0.0,0.0,0.0,0.0,126.75,0.0,12706.0,587.5,12648.541666666668,867.5625,7752.5,276.5,9622.5,350.0,78.0,42729.54166666667,2159.5625,40647.97916666667,41850.998,40754.0,7.0,34.0,18.0,27.0,59.0,"*Sumur Low*
B-199 : 80 (-13) KA Naik (+0.9%) 
BN-015 : 24 (-12) Gross Turun (-63) 
BN-022 : 11 (-8) KA Naik (+1.7%) 
B-243 : 61 (-6) KA Naik (+0.2%) 
B-239 : 64 (-6) KA Naik (+1.4%) 
B-136 : 31 (-4) KA Naik (+0.3%) 
B-144 : 13 (-3) KA Naik (+0.6%) 
BN-018 : 136 (-3) KA Naik (+0.1%) 
BN-017 : 8 (-3) KA Naik (+5.8%) 
B-234 : 29 (-2) KA Naik (+1.5%)

*Sumur Gain*
B-213 : 19 (+18) KA Turun (-10%) Jam 12.20, Up Freq 105 Hz ke 109 Hz
B-191 : 68 (+9) KA Turun (-2.5%) 
B-125 : 27 (+5) KA Turun (-0.4%) 
BN-058 : 51 (+3) KA Turun (-0.9%) 
BN-038 : 11 (+3) Gross Naik (+97) 
B-198 : 59 (+3) KA Turun (-0.8%) 
B-173 : 40 (+2) KA Turun (-13.6%) 
B-169 : 22 (+1) KA Turun (-2.2%)",5974.425306144951,3835.5810465450586,6480.20450250722,4160.291290609635,9477.978599999999,2884.0,4084.0,914.0,2114.0,5480.083333333334,8104.583333333334,2870.0,5494.5,751.0,1694.0,820.0,1763.0,1317.0,2072.5,528.0,1283.5,10432.083333333334,15955.083333333334,5132.0,10655.0,4.0,16.8,0.0,401.0,22610.073,3.0,24.916666666666668,96.47,270.9166666666667,8064.8153,30674.8883,21303.159700000004,26.25,535.208,80.0,1741.4123,573.7083,339.3,0.0,153.8,3449.6786,346.9,78.0,5330.8,249.4,6005.099999999999,23.2,0.0,0.0,23.2,0.0,5389.238230699201,3553.2412499014536,535.4991193993429,1.3713,1.5545,2.405,0.3469,0.3,1.1779,27.0,680.0,4.0,0,
2026-08-27,2128.068163362681,2104.5820371829004,2080.067,2080.07,0.0,1631.1533333333334,310.5,0.0,0.0,0.0,0.0,138.41666666666669,0.0,12332.166666666666,498.66666666666663,12423.15972222222,886.34375,7064.5,268.5,9374.75,342.75,84.0,41194.57638888889,2080.2604166666665,39198.315972222226,39267.861,39258.125,7.0,34.0,18.0,27.0,59.0,"*Sumur Low*
B-199 : 37 (-43) Gross Turun (-550) Pkl 06.45 - 19.50 tutup sumur Perbaikan kebocoran streamline
B-194 : 68 (-34) KA Naik (+2.9%) 
B-140 : 19 (-8) Gross Turun (-691) 
B-239 : 56 (-8) KA Naik (+1%) 
BN-039 : 59 (-5) KA Naik (+0.3%) 
BN-014 : 9 (-4) KA Naik (+0.7%) 
B-231 : 16 (-4) Gross Turun (-108) 
B-216 : 22 (-3) Gross Turun (-44) 
BN-038 : 8 (-3) KA Naik (+0.9%) 
BN-026 : 5 (-3) KA Naik (+11.1%) 
B-220 : 19 (-2) Gross Turun (-27) 
B-218 : 9 (-2) Gross Turun (-15) Pkl 13.40 - 17.40 tutup sumur/GI, imbangi tekanan jaringan Perbaikan K#5 SKG Bunyu
B-207 : 8 (-2) Gross Turun (-3) Pkl 13.40 - 17.40 tutup sumur/GI, imbangi tekanan jaringan Perbaikan K#5 SKG Bunyu
B-185 : 12 (-2) Gross Turun (-96) Pkl 13.50 - 17.50 tutup sumur/GI, imbangi tekanan jaringan Perbaikan K#5 SKG Bunyu
B-203 : 4 (-1) Gross Turun (-22) Pkl 13.50 - 17.50 tutup sumur/GI, imbangi tekanan jaringan Perbaikan K#5 SKG Bunyu

*Sumur Gain*
B-213 : 36 (+18) KA Turun (-20.1%) 
B-237 : 149 (+6) KA Turun (-8.8%) 
BN-015 : 29 (+5) Gross Naik (+51) 
B-173 : 43 (+3) Gross Naik (+54) 
B-146 : 11 (+3) KA Turun (-1.2%) 
B-132 : 34 (+2) Gross Naik (+24) 
B-081 : 37 (+2) Gross Naik (+104)",5974.425306144951,3835.5810465450586,6480.20450250722,4160.291290609635,9568.594000000001,2692.25,3894.75,914.0,2116.5,5173.402777777778,7790.736111111112,2870.0,5487.333333333335,751.0,1686.0,820.0,1755.0,1317.0,2070.0,528.0,1281.0,9933.652777777777,15441.486111111113,5132.0,10639.833333333336,4.0,16.9,0.0,402.0,22103.008100000003,3.0,24.958333333333332,0.0,275.75,7875.1437,29978.151800000003,20676.082800000004,26.525,527.148,80.0,1728.671,574.25,345.8,0.0,124.1,3406.494,349.5,79.1,5384.1,249.0,6061.700000000001,100.4,0.0,0.0,100.4,0.0,5430.38206456868,3616.6074754617093,521.6044599696113,1.5826,1.5249,2.2766,0.3495,0.3,1.1046,27.0,682.6,4.0,0,
2026-08-28,2128.068163362681,2104.5820371829004,2111.051,2111.06,0.0,1669.935,297.0,0.0,0.0,0.0,0.0,144.125,0.0,12616.5,560.5,12317.625,876.125,6883.5,259.0,9542.75,336.25,79.0,41360.375,2110.875,39328.5,39421.96,39363.0,7.0,34.0,18.0,27.0,59.0,"*Sumur Gain*
B-199 : 86 (+49) Gross Naik (+499) Prod. 24 jam, ex. Tutup sumur, Perbaikan kebocoran streamline. Pkl 00.30 update GI 396 Mscfd
B-203 : 11 (+7) Gross Naik (+111) Prod. 24 jam, ex. imbangi tekanan jaringan Perbaikan K#5 SKG Bunyu
B-198 : 64 (+5) Gross Naik (+86) Pkl 00.40 update GI 289 Mscfd
BN-034 : 53 (+5) KA Turun (-2.5%) 
B-102 : 29 (+4) KA Turun (-1%) Pkl 17.00 update GI 375 Mscfd
B-208 : 48 (+3) KA Turun (-0.3%) 
B-202 : 8 (+3) KA Turun (-39.6%) 
B-234 : 32 (+3) KA Turun (-2.4%) 
BN-022 : 14 (+3) KA Turun (-0.7%) 
B-194 : 70 (+2) Gross Naik (+106) Pkl 15.00 upfreq dari 54 Hz ke 56 Hz
B-218 : 11 (+2) Gross Naik (+15) Prod. 24 jam, ex. imbangi tekanan jaringan Perbaikan K#5 SKG Bunyu
B-207 : 9 (+2) Gross Naik (+3) Prod. 24 jam, ex. imbangi tekanan jaringan Perbaikan K#5 SKG Bunyu
B-185 : 15 (+2) Gross Naik (+96) Prod. 24 jam, ex. imbangi tekanan jaringan Perbaikan K#5 SKG Bunyu
BN-058 : 53 (+2) KA Turun (-1.6%) 

*Sumur Low*
B-212 : 160 (-24) KA Naik (+2.2%) 
BN-015 : 15 (-15) Gross Turun (-95) 
B-213 : 28 (-9) KA Naik (+4.7%) Pkl 20.15 upfreq from 109 Hz to 111 Hz
B-148 : 70 (-4) Gross Turun (-19) 
B-220 : 16 (-3) KA Naik (+1.5%) 
B-147 : 14 (-3) KA Naik (+0.2%) 
B-144 : 11 (-2) KA Naik (+0.4%) ",5974.425306144951,3835.5810465450586,6480.20450250722,4160.291290609635,8748.9617,2926.0,4142.0,914.0,2130.0,5635.0,8273.0,2770.0,5408.0,751.0,1632.5,827.0,1708.5,1412.0,1953.0,528.0,1069.0,10724.0,16000.5,5039.0,10315.5,4.0,16.4,0.0,399.0,21928.6767,3.0,24.791666666666668,84.752,263.875,7735.1329000000005,29663.8096,21171.197900000003,26.35,521.762,80.0,1685.7414,573.7083,344.8,0.0,144.4,3376.7617000000005,343.4,78.5,4606.4,260.90000000000003,5289.199999999999,8.0,0.0,75.0,83.0,0.0,4900.114024695846,3338.2689400610734,510.5787352430808,0.9132,1.5128,2.1804,0.3434,0.3,1.3065,27.0,678.26,4.0,0,
2026-08-29,2128.068163362681,2104.5820371829004,2100.07,2100.068,0.0,1661.609666666667,290.5,0.0,0.0,0.0,0.0,147.95833333333334,0.0,12438.75,559.25,12275.458333333334,887.7083333333334,6915.25,247.75,9527.25,330.25,75.0,41156.708333333336,2099.9583333333335,39131.75,39341.734000000004,39224.5,7.0,34.0,18.0,27.0,59.0,"*Sumur Low*
B-213 : 16 (-12) KA Naik (+14.5%) 
BN-058 : 45 (-8) KA Naik (+2.8%) 
BN-034 : 45 (-8) KA Naik (+1.4%) 
B-146 : 5 (-6) KA Naik (+1.9%) 
B-238 : 15 (-4) KA Naik (+0.2%) 
BN-039 : 56 (-3) KA Naik (+0.1%) 
B-206 : 24 (-3) Gross Turun (-37) 
BN-015 : 13 (-2) KA Naik (+2.7%) 
B-219 : 40 (-2) Gross Turun (-41) 
B-132 : 32 (-2) Gross Turun (-61)

*Sumur Gain*
B-242 : 15 (+15) KA Turun (-58.2%) Pkl 16.00 bean up ke SA 23 tambah suction SKG Bunyu
B-218 : 16 (+5) KA Turun (-12.9%) 
B-199 : 91 (+5) KA Turun (-3%) 
B-239 : 59 (+3) KA Turun (-0.4%) 
B-231 : 19 (+3) Gross Naik (+38) 
B-181 : 21 (+3) KA Turun (-0.3%) 
BN-022 : 16 (+3) KA Turun (-0.4%) 
B-160 : 48 (+2) KA Turun (-0.1%) 
B-194 : 72 (+2) KA Turun (-0.3%) 
B-179 : 149 (+2) KA Turun (-0.3%)",5974.425306144951,3835.5810465450586,6480.20450250722,4160.291290609635,9387.5031,2926.0,4080.0,914.0,2068.0,5635.0,8181.0,2948.0,5494.0,751.0,1616.0,827.0,1692.0,1412.0,1932.0,519.0,1039.0,10724.0,15809.0,5208.0,10293.0,4.0,16.8,0.0,400.0,22298.020899999992,3.0,25.0,0.0,284.5,7839.9162,30137.937099999992,20921.03399999999,26.6,536.346,80.0,1714.5821,574.375,345.7,0.0,156.4,3434.0031,349.8,73.3,5203.0,258.40000000000003,5884.5,37.0,0.0,32.0,69.0,0.0,5291.585833692801,3578.797451122122,517.1198151850772,1.3532,1.5221,2.3277,0.3498,0.3,1.5278,27.0,678.0,4.0,0,
2026-08-30,2128.068163362681,2104.5820371829004,2350.071,2350.084,0.0,1636.0006666666663,269.125,0.0,0.0,0.0,0.0,444.95833333333337,0.0,11603.25,869.25,11536.352083333333,849.8187499999999,6781.625,256.375,8878.6,304.14166666666665,70.0,38799.82708333333,2349.585416666667,36520.24166666666,36601.077,36681.75,7.0,35.0,18.0,27.0,60.0,"*Sumur Gain*
BN-024 : 295 (+295) Gross Naik (+301) Pkl 12.00 start sumur ex Program WO, lanjut ukur GI 387 Mscfd
B-242 : 25 (+10) KA Turun (-18.8%) Prod. 24 jam, ex. Bean up, tambah suction SKG Bunyu
B-208 : 56 (+8) KA Turun (-0.9%) 
BN-058 : 51 (+6) KA Turun (-2%) 
B-186 : 18 (+4) Gross Naik (+11) Pkl 10.00 optimasi GI 482 Mscfd
B-234 : 36 (+4) KA Turun (-1.1%) 
B-220 : 19 (+3) KA Turun (-0.7%) 
B-169 : 25 (+3) Gross Naik (+34) 
B-198 : 67 (+3) KA Turun (-1.4%) 
B-136 : 34 (+3) KA Turun (-0.2%) 
BN-015 : 14 (+2) KA Turun (-3.8%) 
BN-026 : 7 (+2) KA Turun (-8%) 
B-173 : 45 (+2) KA Turun (-28.1%) 
B-199 : 93 (+2) Gross Naik (+115) 

*Sumur Low*
B-148 : 43 (-27) Gross Turun (-110) 
B-191 : 48 (-20) KA Naik (+6.6%) 
B-229 : 6 (-7) Gross Turun (-406) Pkl 06.30 - 18.15 tutup sumur/GI imbangi tekanan jaringan, Perbaikan K#5 SKG Bunyu
B-225 : 6 (-7) Gross Turun (-274) Pkl 06.30 - 18.15 tutup sumur/GI imbangi tekanan jaringan, Perbaikan K#5 SKG Bunyu
B-218 : 9 (-7) Gross Turun (-29) Pkl 06.50 - 17.40 tutup sumur/GI imbangi tekanan jaringan, Perbaikan K#5 SKG Bunyu
B-185 : 8 (-6) Gross Turun (-252) Pkl 07.00 - 17.30 tutup sumur/GI imbangi tekanan jaringan, Perbaikan K#5 SKG Bunyu
B-203 : 6 (-5) Gross Turun (-96) Pkl 07.00 - 17.30 tutup sumur/GI imbangi tekanan jaringan, Perbaikan K#5 SKG Bunyu
B-207 : 5 (-4) Gross Turun (-7) Pkl 06.50 - 17.40 tutup sumur/GI imbangi tekanan jaringan, Perbaikan K#5 SKG Bunyu
B-125 : 24 (-3) KA Naik (+0.3%) 
B-236 : 16 (-2) Gross Turun (-37) 
B-147 : 13 (-1) Gross Turun (-31) ",5974.425306144951,3835.5810465450586,6480.20450250722,4160.291290609635,8459.6848,3233.5,4768.5,0.0,1535.0,4818.670833333334,7317.395833333333,2794.0,5292.7249999999985,751.0,1621.0,847.0,1717.0,1247.3,1802.3,519.0,1074.0000000000002,10050.470833333333,15509.195833333333,4160.0,9618.724999999999,4.0,16.7,0.0,399.0,20747.496700000003,3.0,25.0,0.0,299.5416666666667,7956.0913,28703.588000000003,20524.453200000007,26.55,519.906,80.0,1613.1121,574.9167,347.1,0.0,152.2,3313.7848,323.5,72.8,4403.5,256.5,5056.3,2.6,0.0,87.0,89.6,0.0,5011.158711479953,2971.836177788637,476.68991073141206,0.6546,1.5021,2.2468,0.3235,0.3,1.6099,27.0,624.96,4.0,0,
2026-08-31,2128.068163362681,2104.5820371829004,2870.055,2870.056,0.0,1559.5143333333333,256.75,0.0,0.0,0.0,0.0,1053.7916666666667,0.0,12276.75,1470.75,12011.041666666666,774.0416666666666,6856.25,247.0,9373.25,309.75,68.0,40517.291666666664,2869.5416666666665,37715.75,37807.82933334326,37906.83333334327,7.0,35.0,18.0,27.0,60.0,"*Sumur Gain*
BN-024 : 895 (+601) Gross Naik (+757) Prod. 24 jam, ex. Program WO
B-229 : 13 (+7) Gross Naik (+406) Prod. 24 jam, ex. imbangi tekanan jaringan, Perbaikan K#5 SKG Bunyu
B-225 : 13 (+7) Gross Naik (+288) Prod. 24 jam, ex. imbangi tekanan jaringan, Perbaikan K#5 SKG Bunyu
B-218 : 16 (+7) Gross Naik (+29) Prod. 24 jam, ex. imbangi tekanan jaringan, Perbaikan K#5 SKG Bunyu
B-185 : 13 (+5) Gross Naik (+202) Prod. 24 jam, ex. imbangi tekanan jaringan, Perbaikan K#5 SKG Bunyu
B-203 : 11 (+5) Gross Naik (+96) Prod. 24 jam, ex. imbangi tekanan jaringan, Perbaikan K#5 SKG Bunyu
B-207 : 9 (+4) Gross Naik (+7) Prod. 24 jam, ex. imbangi tekanan jaringan, Perbaikan K#5 SKG Bunyu
B-213 : 19 (+3) KA Turun (-3.6%) 
B-146 : 8 (+3) KA Turun (-1.1%) 
B-173 : 48 (+3) KA Turun (-7.2%) 
B-144 : 13 (+2) KA Turun (-0.2%) 

*Sumur Low*
B-237 : 43 (-107) KA Naik (+35.9%) Pkl 04.30 optimasi GI 294 Mscfd
BN-015 : 5 (-9) KA Naik (+7.8%) Pkl 11.40 program up freq 112 Hz to 114 Hz in 1 hour
B-148 : 40 (-3) KA Naik (+3.9%) 
B-239 : 56 (-3) KA Naik (+0.5%) 
BN-034 : 43 (-2) Gross Turun (-83) ",5974.425306144951,3835.5810465450586,6480.20450250722,4160.291290609635,9358.2122,3427.0,5116.0,0.0,1689.0,5752.5,8394.5,2529.0,5171.0,751.0,1613.0,315.0,1177.0,1412.0,2041.0,519.0,1148.0,11342.5,17164.5,3363.0,9185.0,4.0,16.7,0.0,406.0,22051.345100000002,3.0,25.0,0.0,311.9166666666667,7713.0376,29764.382700000002,20661.058100000002,26.475,523.211,80.0,1637.4719,576.0417,341.8,0.0,132.0,3316.9996,336.3,74.2,5268.0,257.40000000000003,5935.9,19.900000000000002,22.4126,63.0,105.3126,0.0,5374.476794229722,3351.024488383234,632.710917387044,1.3886,1.4267,2.4527,0.3363,0.3,1.5414,27.0,641.6,4.0,0,
2026-09-01,2108.0511240495534,2102.5745587453694,2925.056,2925.068,0.0,1560.859666666667,261.75,0.0,0.0,0.0,0.0,1102.4583333333333,0.0,12553.25,1523.9166666666665,12126.041666666666,779.5416666666666,6909.0,241.0,9328.25,315.25,65.0,40916.541666666664,2924.708333333333,38056.83333333333,38194.16566668653,38259.666666686535,6.0,35.0,18.0,27.0,59.0,"*Sumur Gain*
BN-024 : 947 (+52) Gross Naik (+377) 
B-243 : 71 (+10) KA Turun (-0.3%) 
B-207 : 13 (+4) KA Turun (-13.2%) Pkl 10.50 update GI 413 Mscfd
BN-015 : 8 (+3) KA Turun (-1.3%) 
B-147 : 16 (+3) KA Turun (-0.3%) 
B-223 : 19 (+3) KA Turun (-0.9%) 
B-144 : 16 (+3) KA Turun (-0.3%) 
B-146 : 11 (+3) KA Turun (-1.2%) Pkl 11.05 upfreq from 88 Hz to 92 Hz in 1 hour
BN-026 : 8 (+2) Gross Naik (+4) 
B-220 : 19 (+1) KA Turun (-0.5%) 

*Sumur Low*
B-219 : 32 (-8) KA Naik (+1.1%) 
BN-058 : 43 (-8) KA Naik (+3%) 
B-239 : 53 (-3) KA Naik (+1%) 
B-213 : 16 (-3) KA Naik (+1.9%) PKl 00.20 upfreq from 116 Hz to 118 Hz 
B-216 : 21 (-1) KA Naik (+0.1%) 
B-234 : 35 (-1) KA Naik (+1.9%) ",5806.82649558188,3727.982610163567,6868.2394977061185,4409.409757527328,9398.2945,3427.0,5148.666666666666,0.0,1721.666666666666,5772.5,8420.5,2529.0,5177.0,751.0,1696.0,315.0,1260.0,1412.0,2089.0,519.0,1196.0,11362.5,17354.166666666664,3363.0,9354.666666666666,4.0,16.5,0.0,405.0,21446.7772,3.0,24.833333333333332,120.34200000000001,308.4583333333333,7970.141299999999,29416.9185,20124.924000000003,26.3,522.793,80.0,1717.3765,575.125,336.1,0.0,128.0,3385.6945,339.3,75.7,5318.799999999999,259.90000000000003,5993.699999999999,18.9,0.0,0.0,18.9,0.0,5440.254210109035,3326.1067906927046,631.933499198261,1.4926,1.4382,2.388,0.3393,0.3,1.4513,27.0,661.52,4.0,0,
2026-09-02,2108.0511240495534,2102.5745587453694,2930.062,2930.054,0.0,1566.679,258.25,0.0,0.0,0.0,0.0,1105.125,0.0,12856.729166666668,1528.8125000000002,12052.291666666666,779.9166666666666,6953.0,240.5,9235.5,318.0,63.0,41097.520833333336,2930.229166666667,38230.29166666667,38391.99633334327,38377.33333334327,6.0,36.0,18.0,27.0,60.0,"*Sumur Gain*
B-191 : 56 (+8) KA Turun (-4.3%) 
BN-024 : 952 (+6) KA Turun (-3.1%) 
B-146 : 14 (+3) KA Turun (-0.5%) Pkl 09.05 upfreq from 92 Hz to 96 Hz in 1 hour
B-206 : 27 (+3) Gross Naik (+45) 
B-199 : 96 (+3) Gross Naik (+106) 
BN-025 : 2 (+2) Gross Naik (+271) Pkl 14.30 start sumur ex Program WS. Pkl 15.00 ukur GI 377 Mscfd
B-198 : 69 (+2) KA Turun (-1.5%) 
B-136 : 35 (+2) KA Turun (-0.1%) 
BN-058 : 45 (+2) Gross Naik (+37) 

*Sumur Low*
B-179 : 144 (-5) KA Naik (+0.3%) 
B-148 : 36 (-4) Gross Turun (-28) 
BN-026 : 5 (-3) Gross Turun (-5) 
BN-034 : 40 (-3) KA Naik (+0.8%) 
B-125 : 21 (-3) KA Naik (+0.2%) 
B-181 : 19 (-3) KA Naik (+0.3%) 
B-239 : 51 (-2) Gross Turun (-26) ",5806.82649558188,3727.982610163567,6868.2394977061185,4409.409757527328,9390.5126,3576.2291666666665,5503.375,0.0,1927.1458333333335,5772.5,8341.5,2529.0,5098.0,751.0,1696.0,298.0,1243.0,1412.0,2148.0,519.0,1255.0,11511.729166666666,17688.875,3346.0,9523.145833333334,4.0,16.5,0.0,405.0,21751.5242,3.0,25.0,32.876,305.8333333333333,7496.25,29247.7742,29247.7742,26.6,536.278,80.0,1730.5096,576.125,334.3,0.0,153.0,3436.8126,348.4,80.9,5178.200000000001,257.40000000000003,5864.900000000001,15.8,0.0,73.0,88.8,0.0,5273.988436638365,3443.0366185893586,673.4875447722759,1.4348,1.4668,2.2766,0.3484,0.3,1.4209,27.0,672.68,4.0,0,
2026-09-03,2108.0511240495534,2102.5745587453694,2730.075,2730.091,0.0,1566.1326666666664,254.75,0.0,0.0,0.0,0.0,909.2083333333334,0.0,13771.791666666666,1312.3333333333333,12109.958333333334,789.3333333333334,6809.0,245.5,9302.979166666668,320.5,62.0,41993.72916666667,2729.6666666666665,39326.06250000001,39403.01066665673,39387.91666665673,6.0,36.0,18.0,27.0,60.0,"*Sumur Low*
BN-024 : 744 (-208) Gross Turun (-198) 
B-147 : 11 (-5) KA Naik (+0.8%) 
B-223 : 16 (-3) KA Naik (+2.5%) 
BN-039 : 53 (-3) KA Naik (+0.3%) 
BN-017 : 5 (-3) KA Naik (+2.1%) Pkl 14.30 tutup sumur Program SBHP
B-239 : 48 (-3) Gross Turun (-35) 
BN-025 : 0 (-2) KA Naik (+0.7%) Prod. 24 jam, ex. Program WS

*Sumur Gain*
B-242 : 32 (+6) Gross Naik (+6) 
B-216 : 27 (+6) KA Turun (-0.9%) 
B-213 : 22 (+6) KA Turun (-9%) 
BN-058 : 48 (+3) KA Turun (-3.7%) 
BN-015 : 11 (+3) KA Turun (-1.2%) 
B-160 : 51 (+3) KA Turun (-0.1%) 
B-220 : 21 (+2) KA Turun (-0.8%) Pkl 06.25 - 09.45 manual off due to flowline leak",5806.82649558188,3727.982610163567,6868.2394977061185,4409.409757527328,9385.5996,3697.125,5650.791666666666,0.0,1953.666666666666,5772.5,8350.5,2535.0,5113.0,751.0,1735.0,298.0,1282.0,1412.0,2143.145833333333,519.0,1250.145833333333,11632.625,17879.4375,3352.0,9598.8125,4.0,16.3,0.0,410.0,21370.7766,3.0,24.625,125.246,286.1666666666667,8523.7036,29894.4802,20677.180600000003,26.3,518.126,80.0,1724.3903,574.5833,329.3,0.0,161.0,3413.6996,356.1,75.9,5221.200000000001,271.8,5925.000000000001,15.9,0.0,31.0,46.9,0.0,5106.149312164913,3609.665798764173,669.7844890709137,1.3047,1.4677,2.4488,0.3561,0.3,1.3263,27.0,677.6,4.0,0,
2026-09-04,2108.0511240495534,2102.5745587453694,2628.053,2628.061,47869.209,1578.8526666666667,258.125,0.0,0.0,0.0,0.0,791.0833333333334,0.0,14285.5,1191.25,12190.083333333334,803.2083333333334,6685.5,253.75,9191.715625,316.795,63.0,42352.79895833334,2628.0033333333336,39787.795625000006,39893.438,39782.0,6.0,35.0,18.0,26.0,59.0,"*Sumur Low*
BN-024 : 615 (-130) Gross Turun (-146) 
B-186 : 8 (-10) KA Naik (+24.9%) Pkl 05.00 optimasi GI 502 Mscfd
BN-017 : 0 (-5) Gross Turun (-74) Shut in 24 jam, Program SBHP
B-132 : 30 (-3) KA Naik (+1.6%) 
B-231 : 16 (-3) Gross Turun (-61) 
B-148 : 33 (-3) Gross Turun (-18) Pkl 15.41 - 17.02 manual off esp due to flowline modification
B-173 : 46 (-2) KA Naik (+4.1%) 
B-146 : 12 (-1) KA Naik (+0.5%)

*Sumur Gain*
B-102 : 43 (+14) KA Turun (-1.6%) Pkl 06.00 update GI 420 Mscfd
BN-025 : 11 (+11) KA Turun (-0.5%) 
B-232 : 21 (+6) KA Turun (-1.4%) 
B-194 : 77 (+5) KA Turun (-0.6%) 
BN-058 : 53 (+5) Gross Naik (+24) 
B-239 : 51 (+3) KA Turun (-2.4%) 
B-225 : 16 (+3) KA Turun (-0.4%) Pkl 15.00 update GI 540 Mscfd
B-220 : 24 (+3) Gross Naik (+55) Pkl 17.10 - 17.30 manual off esp due to flowline leak
B-229 : 15 (+2) KA Turun (-0.2%) 
B-125 : 23 (+2) KA Turun (-0.5%)",5806.82649558188,3727.982610163567,6868.2394977061185,4409.409757527328,9744.401300000001,3534.0,5645.5,0.0,2111.5,5945.5,8609.5,2535.0,5199.0,751.0,1910.0,325.0,1484.0,1412.0,2141.6275,528.0,1257.6275,11642.5,18306.627500000002,3388.0,10052.1275,4.0,16.4,0.0,411.0,20970.6916,3.0,24.833333333333332,214.42600000000004,314.0,8773.632,29744.323599999996,29744.323599999996,26.425,536.619,80.0,1713.624,575.3333,327.29999999999995,0.0,182.0,3441.3013,346.5,74.2,5499.8,364.5,6285.0,18.1,0.0,0.0,18.1,0.0,5507.604719448085,3581.8848103050823,654.9117702468334,1.4563,1.4883,2.5552,0.3465,0.3,1.3973,27.0,680.0,4.0,0,
2026-09-05,2108.0511240495534,2102.5745587453694,2593.043,2593.045,74327.209,1606.7116666666666,232.75,0.0,0.0,0.0,0.0,753.5833333333334,0.0,14097.458333333332,1188.0833333333333,11983.583333333334,808.9583333333334,6720.0,248.0,8995.875,288.3125,60.0,41796.916666666664,2593.3541666666665,39263.5625,39337.244,39398.0,6.0,36.0,18.0,26.0,60.0,"*Sumur Low*
BN-024 : 572 (-43) Gross Turun (-78) 
B-148 : 8 (-25) Gross Turun (-157) Prod. 24 jam, ex. Manual Off ESP, due to flowline modification
B-212 : 149 (-11) Gross Turun (-91) Pkl 07.43 bean up ke SA 48
B-220 : 18 (-6) KA Naik (+1.1%) Pkl 16.05 - 17.42 manual stop due to repair flowline
BN-058 : 48 (-5) KA Naik (+2%) 
B-081 : 34 (-4) Gross Turun (-92) 
B-234 : 31 (-4) Gross Turun (-30) 
B-198 : 66 (-3) KA Naik (+2.3%)

*Sumur Gain*
BN-025 : 43 (+33) KA Turun (-1.7%) 
B-237 : 48 (+5) Gross Naik (+22) 
B-236 : 21 (+5) KA Turun (-1.5%) 
B-203 : 16 (+5) KA Turun (-3.9%) 
B-218 : 21 (+5) Gross Naik (+14) 
BN-039 : 56 (+3) KA Turun (-0.1%) 
BN-015 : 13 (+3) KA Turun (-1.2%) 
B-216 : 30 (+3) KA Turun (-0.5%) 
B-144 : 18 (+2) KA Turun (-0.4%) 
B-173 : 48 (+2) KA Turun (-4.9%) 
BN-017 : 2 (+2) Gross Naik (+28) Pkl 18.30 buka sumur ex Program SBHP
B-146 : 13 (+1) KA Turun (-0.4%)",5806.82649558188,3727.982610163567,6868.2394977061185,4409.409757527328,9891.332499999999,3595.875,5869.375,0.0,2273.5,5935.0,8514.0,2603.0,5182.0,751.0,1962.0,325.0,1536.0,1412.0,2091.625,528.0,1207.625,11693.875,18437.0,3456.0,10199.125,4.0,16.2,0.0,408.0,20958.596700000002,3.0,24.916666666666668,308.772,317.8333333333333,8847.0334,29805.630100000002,20020.847600000005,26.55,543.422,80.0,1741.5605,575.5,326.90000000000003,0.0,186.0,3479.9325000000003,361.59999999999997,76.7,5585.6,369.0,6392.900000000001,18.5,0.0,0.0,18.5,0.0,5617.81328523893,3690.6563875577563,582.8628272033139,1.524,1.497,2.5646,0.3616,0.3,1.3246,27.0,680.0,4.0,0,
2026-09-06,2108.0511240495534,2102.5745587453694,2554.078,2554.068,0.0,1604.4846666666667,229.0,0.0,0.0,0.0,0.0,720.5833333333334,0.0,13779.5,1155.75,11856.929166666667,819.6958333333333,6543.125,240.34375,9049.458333333332,280.125,58.0,41229.0125,2553.914583333333,38733.097916666666,38873.350333313465,38897.458333313465,6.0,36.0,17.0,26.0,59.0,"*Sumur Low*
BN-024 : 528 (-44) KA Naik (+3.1%) 
B-148 : 0 (-8) Gross Turun (-13) Pkl 00.01 - 00.35 manual start ESP from 60 Hz not succesful, problem overload 
BN-058 : 40 (-8) KA Naik (+2.5%) 
B-238 : 11 (-4) KA Naik (+0.2%) 
B-140 : 15 (-4) Gross Turun (-393) Pkl 13.15 - 18.30 tutup sumur/GI imbangi tekanan jaringan, Perbaikan K-3 SKG Bunyu
B-185 : 9 (-4) Gross Turun (-101) Pkl 13.25 - 17.45 tutup sumur/GI imbangi tekanan jaringan, Perbaikan K-3 SKG Bunyu
B-229 : 12 (-3) Gross Turun (-167) Pkl 13.50 - 18.45 tutup sumur/GI imbangi tekanan jaringan, Perbaikan K-3 SKG Bunyu
B-181 : 15 (-3) Gross Turun (-154) Pkl 13.35 - 17.45 tutup sumur/GI imbangi tekanan jaringan, Perbaikan K-3 SKG Bunyu
B-203 : 13 (-3) Gross Turun (-36) Pkl 13.25 - 18.15 tutup sumur/GI imbangi tekanan jaringan, Perbaikan K-3 SKG Bunyu
B-207 : 10 (-2) Gross Turun (-4) Pkl 13.35 - 18.15 tutup sumur/GI imbangi tekanan jaringan, Perbaikan K-3 SKG Bunyu
B-186 : 6 (-2) Gross Turun (-5) Pkl 14.05 - 17.50 tutup sumur/GI imbangi tekanan jaringan, Perbaikan K-3 SKG Bunyu
BN-015 : 11 (-2) KA Naik (+1.2%) 
BN-025 : 43 (-1) Gross Turun (-273)

*Sumur Gain*
BN-017 : 11 (+9) Gross Naik (+59) Prod. 24 jam, ex. Program SBHP
B-213 : 30 (+8) Gross Naik (+65) 
B-243 : 78 (+7) KA Turun (-0.2%) 
B-239 : 56 (+5) KA Turun (-0.9%) 
B-223 : 21 (+5) KA Turun (-1.4%) 
B-225 : 19 (+3) KA Turun (-0.4%) 
B-191 : 59 (+3) KA Turun (-1.9%) 
BN-018 : 139 (+3) KA Turun (-0.3%) 
B-132 : 32 (+3) KA Turun (-2%) 
B-231 : 19 (+3) Gross Naik (+141) 
B-125 : 24 (+2) Gross Naik (+163) 
B-220 : 19 (+1) Gross Naik (+20) Prod. 24 jam, ex. Manual Stop, due to repair flowline",5806.82649558188,3727.982610163567,6868.2394977061185,4409.409757527328,8906.5787,3804.0,6465.0,0.0,2661.0,5561.620833333333,8103.81875,2603.0,5145.197916666667,717.75,1862.53125,334.0,1478.78125,1493.5,2046.5,528.0,1081.0,11576.870833333334,18477.85,3465.0,10365.979166666668,4.0,16.6,0.0,408.0,20577.0783,4.0,25.0,0.0,320.0,8740.86,29317.9383,20579.6596,26.3,536.574,80.0,1672.913,575.7917,324.29999999999995,0.0,173.3,3389.1787000000004,334.9,77.5,4694.700000000001,362.5,5469.6,16.8,0.0,31.0,47.8,0.0,5270.821077580508,3216.461930645721,419.29569177377107,1.3772,0.7461,2.5714,0.3349,0.3,1.2209,27.0,680.0,4.0,0,
2026-09-07,,,,,,,,,,,,,,,,,,,,,,,,,,,,,,,,,,,,,,,,,,,,,,,,,,,,,,,,,,,,,,,,,,,,,,,,,,,,,,,,,,,,,,,,,,,,,,,,,,,,,,0,
2026-09-08,,,,,,,,,,,,,,,,,,,,,,,,,,,,,,,,,,,,,,,,,,,,,,,,,,,,,,,,,,,,,,,,,,,,,,,,,,,,,,,,,,,,,,,,,,,,,,,,,,,,,,0,
2026-09-09,,,,,,,,,,,,,,,,,,,,,,,,,,,,,,,,,,,,,,,,,,,,,,,,,,,,,,,,,,,,,,,,,,,,,,,,,,,,,,,,,,,,,,,,,,,,,,,,,,,,,,0,
2026-09-10,,,,,,,,,,,,,,,,,,,,,,,,,,,,,,,,,,,,,,,,,,,,,,,,,,,,,,,,,,,,,,,,,,,,,,,,,,,,,,,,,,,,,,,,,,,,,,,,,,,,,,0,
2026-09-11,,,,,,,,,,,,,,,,,,,,,,,,,,,,,,,,,,,,,,,,,,,,,,,,,,,,,,,,,,,,,,,,,,,,,,,,,,,,,,,,,,,,,,,,,,,,,,,,,,,,,,0,
2026-09-12,,,,,,,,,,,,,,,,,,,,,,,,,,,,,,,,,,,,,,,,,,,,,,,,,,,,,,,,,,,,,,,,,,,,,,,,,,,,,,,,,,,,,,,,,,,,,,,,,,,,,,0,
2026-09-13,,,,,,,,,,,,,,,,,,,,,,,,,,,,,,,,,,,,,,,,,,,,,,,,,,,,,,,,,,,,,,,,,,,,,,,,,,,,,,,,,,,,,,,,,,,,,,,,,,,,,,0,
2026-09-14,,,,,,,,,,,,,,,,,,,,,,,,,,,,,,,,,,,,,,,,,,,,,,,,,,,,,,,,,,,,,,,,,,,,,,,,,,,,,,,,,,,,,,,,,,,,,,,,,,,,,,0,
2026-09-15,,,,,,,,,,,,,,,,,,,,,,,,,,,,,,,,,,,,,,,,,,,,,,,,,,,,,,,,,,,,,,,,,,,,,,,,,,,,,,,,,,,,,,,,,,,,,,,,,,,,,,0,
2026-09-16,,,,,,,,,,,,,,,,,,,,,,,,,,,,,,,,,,,,,,,,,,,,,,,,,,,,,,,,,,,,,,,,,,,,,,,,,,,,,,,,,,,,,,,,,,,,,,,,,,,,,,0,
2026-09-17,,,,,,,,,,,,,,,,,,,,,,,,,,,,,,,,,,,,,,,,,,,,,,,,,,,,,,,,,,,,,,,,,,,,,,,,,,,,,,,,,,,,,,,,,,,,,,,,,,,,,,0,
2026-09-18,,,,,,,,,,,,,,,,,,,,,,,,,,,,,,,,,,,,,,,,,,,,,,,,,,,,,,,,,,,,,,,,,,,,,,,,,,,,,,,,,,,,,,,,,,,,,,,,,,,,,,0,
2026-09-19,,,,,,,,,,,,,,,,,,,,,,,,,,,,,,,,,,,,,,,,,,,,,,,,,,,,,,,,,,,,,,,,,,,,,,,,,,,,,,,,,,,,,,,,,,,,,,,,,,,,,,0,
2026-09-20,,,,,,,,,,,,,,,,,,,,,,,,,,,,,,,,,,,,,,,,,,,,,,,,,,,,,,,,,,,,,,,,,,,,,,,,,,,,,,,,,,,,,,,,,,,,,,,,,,,,,,0,
2026-09-21,,,,,,,,,,,,,,,,,,,,,,,,,,,,,,,,,,,,,,,,,,,,,,,,,,,,,,,,,,,,,,,,,,,,,,,,,,,,,,,,,,,,,,,,,,,,,,,,,,,,,,0,
2026-09-22,,,,,,,,,,,,,,,,,,,,,,,,,,,,,,,,,,,,,,,,,,,,,,,,,,,,,,,,,,,,,,,,,,,,,,,,,,,,,,,,,,,,,,,,,,,,,,,,,,,,,,0,
2026-09-23,,,,,,,,,,,,,,,,,,,,,,,,,,,,,,,,,,,,,,,,,,,,,,,,,,,,,,,,,,,,,,,,,,,,,,,,,,,,,,,,,,,,,,,,,,,,,,,,,,,,,,0,
2026-09-24,,,,,,,,,,,,,,,,,,,,,,,,,,,,,,,,,,,,,,,,,,,,,,,,,,,,,,,,,,,,,,,,,,,,,,,,,,,,,,,,,,,,,,,,,,,,,,,,,,,,,,0,
2026-09-25,,,,,,,,,,,,,,,,,,,,,,,,,,,,,,,,,,,,,,,,,,,,,,,,,,,,,,,,,,,,,,,,,,,,,,,,,,,,,,,,,,,,,,,,,,,,,,,,,,,,,,0,
2026-09-26,,,,,,,,,,,,,,,,,,,,,,,,,,,,,,,,,,,,,,,,,,,,,,,,,,,,,,,,,,,,,,,,,,,,,,,,,,,,,,,,,,,,,,,,,,,,,,,,,,,,,,0,
2026-09-27,,,,,,,,,,,,,,,,,,,,,,,,,,,,,,,,,,,,,,,,,,,,,,,,,,,,,,,,,,,,,,,,,,,,,,,,,,,,,,,,,,,,,,,,,,,,,,,,,,,,,,0,
2026-09-28,,,,,,,,,,,,,,,,,,,,,,,,,,,,,,,,,,,,,,,,,,,,,,,,,,,,,,,,,,,,,,,,,,,,,,,,,,,,,,,,,,,,,,,,,,,,,,,,,,,,,,0,
2026-09-29,,,,,,,,,,,,,,,,,,,,,,,,,,,,,,,,,,,,,,,,,,,,,,,,,,,,,,,,,,,,,,,,,,,,,,,,,,,,,,,,,,,,,,,,,,,,,,,,,,,,,,0,
2026-09-30,,,,,,,,,,,,,,,,,,,,,,,,,,,,,,,,,,,,,,,,,,,,,,,,,,,,,,,,,,,,,,,,,,,,,,,,,,,,,,,,,,,,,,,,,,,,,,,,,,,,,,0,
2026-10-01,,,,,,,,,,,,,,,,,,,,,,,,,,,,,,,,,,,,,,,,,,,,,,,,,,,,,,,,,,,,,,,,,,,,,,,,,,,,,,,,,,,,,,,,,,,,,,,,,,,,,,0,
2026-10-02,,,,,,,,,,,,,,,,,,,,,,,,,,,,,,,,,,,,,,,,,,,,,,,,,,,,,,,,,,,,,,,,,,,,,,,,,,,,,,,,,,,,,,,,,,,,,,,,,,,,,,0,
2026-10-03,,,,,,,,,,,,,,,,,,,,,,,,,,,,,,,,,,,,,,,,,,,,,,,,,,,,,,,,,,,,,,,,,,,,,,,,,,,,,,,,,,,,,,,,,,,,,,,,,,,,,,0,
2026-10-04,,,,,,,,,,,,,,,,,,,,,,,,,,,,,,,,,,,,,,,,,,,,,,,,,,,,,,,,,,,,,,,,,,,,,,,,,,,,,,,,,,,,,,,,,,,,,,,,,,,,,,0,
2026-10-05,,,,,,,,,,,,,,,,,,,,,,,,,,,,,,,,,,,,,,,,,,,,,,,,,,,,,,,,,,,,,,,,,,,,,,,,,,,,,,,,,,,,,,,,,,,,,,,,,,,,,,0,
2026-10-06,,,,,,,,,,,,,,,,,,,,,,,,,,,,,,,,,,,,,,,,,,,,,,,,,,,,,,,,,,,,,,,,,,,,,,,,,,,,,,,,,,,,,,,,,,,,,,,,,,,,,,0,
2026-10-07,,,,,,,,,,,,,,,,,,,,,,,,,,,,,,,,,,,,,,,,,,,,,,,,,,,,,,,,,,,,,,,,,,,,,,,,,,,,,,,,,,,,,,,,,,,,,,,,,,,,,,0,
2026-10-08,,,,,,,,,,,,,,,,,,,,,,,,,,,,,,,,,,,,,,,,,,,,,,,,,,,,,,,,,,,,,,,,,,,,,,,,,,,,,,,,,,,,,,,,,,,,,,,,,,,,,,0,
2026-10-09,,,,,,,,,,,,,,,,,,,,,,,,,,,,,,,,,,,,,,,,,,,,,,,,,,,,,,,,,,,,,,,,,,,,,,,,,,,,,,,,,,,,,,,,,,,,,,,,,,,,,,0,
2026-10-10,,,,,,,,,,,,,,,,,,,,,,,,,,,,,,,,,,,,,,,,,,,,,,,,,,,,,,,,,,,,,,,,,,,,,,,,,,,,,,,,,,,,,,,,,,,,,,,,,,,,,,0,
2026-10-11,,,,,,,,,,,,,,,,,,,,,,,,,,,,,,,,,,,,,,,,,,,,,,,,,,,,,,,,,,,,,,,,,,,,,,,,,,,,,,,,,,,,,,,,,,,,,,,,,,,,,,0,
2026-10-12,,,,,,,,,,,,,,,,,,,,,,,,,,,,,,,,,,,,,,,,,,,,,,,,,,,,,,,,,,,,,,,,,,,,,,,,,,,,,,,,,,,,,,,,,,,,,,,,,,,,,,0,
2026-10-13,,,,,,,,,,,,,,,,,,,,,,,,,,,,,,,,,,,,,,,,,,,,,,,,,,,,,,,,,,,,,,,,,,,,,,,,,,,,,,,,,,,,,,,,,,,,,,,,,,,,,,0,
2026-10-14,,,,,,,,,,,,,,,,,,,,,,,,,,,,,,,,,,,,,,,,,,,,,,,,,,,,,,,,,,,,,,,,,,,,,,,,,,,,,,,,,,,,,,,,,,,,,,,,,,,,,,0,
2026-10-15,,,,,,,,,,,,,,,,,,,,,,,,,,,,,,,,,,,,,,,,,,,,,,,,,,,,,,,,,,,,,,,,,,,,,,,,,,,,,,,,,,,,,,,,,,,,,,,,,,,,,,0,
2026-10-16,,,,,,,,,,,,,,,,,,,,,,,,,,,,,,,,,,,,,,,,,,,,,,,,,,,,,,,,,,,,,,,,,,,,,,,,,,,,,,,,,,,,,,,,,,,,,,,,,,,,,,0,
2026-10-17,,,,,,,,,,,,,,,,,,,,,,,,,,,,,,,,,,,,,,,,,,,,,,,,,,,,,,,,,,,,,,,,,,,,,,,,,,,,,,,,,,,,,,,,,,,,,,,,,,,,,,0,
2026-10-18,,,,,,,,,,,,,,,,,,,,,,,,,,,,,,,,,,,,,,,,,,,,,,,,,,,,,,,,,,,,,,,,,,,,,,,,,,,,,,,,,,,,,,,,,,,,,,,,,,,,,,0,
2026-10-19,,,,,,,,,,,,,,,,,,,,,,,,,,,,,,,,,,,,,,,,,,,,,,,,,,,,,,,,,,,,,,,,,,,,,,,,,,,,,,,,,,,,,,,,,,,,,,,,,,,,,,0,
2026-10-20,,,,,,,,,,,,,,,,,,,,,,,,,,,,,,,,,,,,,,,,,,,,,,,,,,,,,,,,,,,,,,,,,,,,,,,,,,,,,,,,,,,,,,,,,,,,,,,,,,,,,,0,
2026-10-21,,,,,,,,,,,,,,,,,,,,,,,,,,,,,,,,,,,,,,,,,,,,,,,,,,,,,,,,,,,,,,,,,,,,,,,,,,,,,,,,,,,,,,,,,,,,,,,,,,,,,,0,
2026-10-22,,,,,,,,,,,,,,,,,,,,,,,,,,,,,,,,,,,,,,,,,,,,,,,,,,,,,,,,,,,,,,,,,,,,,,,,,,,,,,,,,,,,,,,,,,,,,,,,,,,,,,0,
2026-10-23,,,,,,,,,,,,,,,,,,,,,,,,,,,,,,,,,,,,,,,,,,,,,,,,,,,,,,,,,,,,,,,,,,,,,,,,,,,,,,,,,,,,,,,,,,,,,,,,,,,,,,0,
2026-10-24,,,,,,,,,,,,,,,,,,,,,,,,,,,,,,,,,,,,,,,,,,,,,,,,,,,,,,,,,,,,,,,,,,,,,,,,,,,,,,,,,,,,,,,,,,,,,,,,,,,,,,0,
2026-10-25,,,,,,,,,,,,,,,,,,,,,,,,,,,,,,,,,,,,,,,,,,,,,,,,,,,,,,,,,,,,,,,,,,,,,,,,,,,,,,,,,,,,,,,,,,,,,,,,,,,,,,0,
2026-10-26,,,,,,,,,,,,,,,,,,,,,,,,,,,,,,,,,,,,,,,,,,,,,,,,,,,,,,,,,,,,,,,,,,,,,,,,,,,,,,,,,,,,,,,,,,,,,,,,,,,,,,0,
2026-10-27,,,,,,,,,,,,,,,,,,,,,,,,,,,,,,,,,,,,,,,,,,,,,,,,,,,,,,,,,,,,,,,,,,,,,,,,,,,,,,,,,,,,,,,,,,,,,,,,,,,,,,0,
2026-10-28,,,,,,,,,,,,,,,,,,,,,,,,,,,,,,,,,,,,,,,,,,,,,,,,,,,,,,,,,,,,,,,,,,,,,,,,,,,,,,,,,,,,,,,,,,,,,,,,,,,,,,0,
2026-10-29,,,,,,,,,,,,,,,,,,,,,,,,,,,,,,,,,,,,,,,,,,,,,,,,,,,,,,,,,,,,,,,,,,,,,,,,,,,,,,,,,,,,,,,,,,,,,,,,,,,,,,0,
2026-10-30,,,,,,,,,,,,,,,,,,,,,,,,,,,,,,,,,,,,,,,,,,,,,,,,,,,,,,,,,,,,,,,,,,,,,,,,,,,,,,,,,,,,,,,,,,,,,,,,,,,,,,0,
2026-10-31,,,,,,,,,,,,,,,,,,,,,,,,,,,,,,,,,,,,,,,,,,,,,,,,,,,,,,,,,,,,,,,,,,,,,,,,,,,,,,,,,,,,,,,,,,,,,,,,,,,,,,0,
2026-11-01,,,,,,,,,,,,,,,,,,,,,,,,,,,,,,,,,,,,,,,,,,,,,,,,,,,,,,,,,,,,,,,,,,,,,,,,,,,,,,,,,,,,,,,,,,,,,,,,,,,,,,0,
2026-11-02,,,,,,,,,,,,,,,,,,,,,,,,,,,,,,,,,,,,,,,,,,,,,,,,,,,,,,,,,,,,,,,,,,,,,,,,,,,,,,,,,,,,,,,,,,,,,,,,,,,,,,0,
2026-11-03,,,,,,,,,,,,,,,,,,,,,,,,,,,,,,,,,,,,,,,,,,,,,,,,,,,,,,,,,,,,,,,,,,,,,,,,,,,,,,,,,,,,,,,,,,,,,,,,,,,,,,0,
2026-11-04,,,,,,,,,,,,,,,,,,,,,,,,,,,,,,,,,,,,,,,,,,,,,,,,,,,,,,,,,,,,,,,,,,,,,,,,,,,,,,,,,,,,,,,,,,,,,,,,,,,,,,0,
2026-11-05,,,,,,,,,,,,,,,,,,,,,,,,,,,,,,,,,,,,,,,,,,,,,,,,,,,,,,,,,,,,,,,,,,,,,,,,,,,,,,,,,,,,,,,,,,,,,,,,,,,,,,0,
2026-11-06,,,,,,,,,,,,,,,,,,,,,,,,,,,,,,,,,,,,,,,,,,,,,,,,,,,,,,,,,,,,,,,,,,,,,,,,,,,,,,,,,,,,,,,,,,,,,,,,,,,,,,0,
2026-11-07,,,,,,,,,,,,,,,,,,,,,,,,,,,,,,,,,,,,,,,,,,,,,,,,,,,,,,,,,,,,,,,,,,,,,,,,,,,,,,,,,,,,,,,,,,,,,,,,,,,,,,0,
2026-11-08,,,,,,,,,,,,,,,,,,,,,,,,,,,,,,,,,,,,,,,,,,,,,,,,,,,,,,,,,,,,,,,,,,,,,,,,,,,,,,,,,,,,,,,,,,,,,,,,,,,,,,0,
2026-11-09,,,,,,,,,,,,,,,,,,,,,,,,,,,,,,,,,,,,,,,,,,,,,,,,,,,,,,,,,,,,,,,,,,,,,,,,,,,,,,,,,,,,,,,,,,,,,,,,,,,,,,0,
2026-11-10,,,,,,,,,,,,,,,,,,,,,,,,,,,,,,,,,,,,,,,,,,,,,,,,,,,,,,,,,,,,,,,,,,,,,,,,,,,,,,,,,,,,,,,,,,,,,,,,,,,,,,0,
2026-11-11,,,,,,,,,,,,,,,,,,,,,,,,,,,,,,,,,,,,,,,,,,,,,,,,,,,,,,,,,,,,,,,,,,,,,,,,,,,,,,,,,,,,,,,,,,,,,,,,,,,,,,0,
2026-11-12,,,,,,,,,,,,,,,,,,,,,,,,,,,,,,,,,,,,,,,,,,,,,,,,,,,,,,,,,,,,,,,,,,,,,,,,,,,,,,,,,,,,,,,,,,,,,,,,,,,,,,0,
2026-11-13,,,,,,,,,,,,,,,,,,,,,,,,,,,,,,,,,,,,,,,,,,,,,,,,,,,,,,,,,,,,,,,,,,,,,,,,,,,,,,,,,,,,,,,,,,,,,,,,,,,,,,0,
2026-11-14,,,,,,,,,,,,,,,,,,,,,,,,,,,,,,,,,,,,,,,,,,,,,,,,,,,,,,,,,,,,,,,,,,,,,,,,,,,,,,,,,,,,,,,,,,,,,,,,,,,,,,0,
2026-11-15,,,,,,,,,,,,,,,,,,,,,,,,,,,,,,,,,,,,,,,,,,,,,,,,,,,,,,,,,,,,,,,,,,,,,,,,,,,,,,,,,,,,,,,,,,,,,,,,,,,,,,0,
2026-11-16,,,,,,,,,,,,,,,,,,,,,,,,,,,,,,,,,,,,,,,,,,,,,,,,,,,,,,,,,,,,,,,,,,,,,,,,,,,,,,,,,,,,,,,,,,,,,,,,,,,,,,0,
2026-11-17,,,,,,,,,,,,,,,,,,,,,,,,,,,,,,,,,,,,,,,,,,,,,,,,,,,,,,,,,,,,,,,,,,,,,,,,,,,,,,,,,,,,,,,,,,,,,,,,,,,,,,0,
2026-11-18,,,,,,,,,,,,,,,,,,,,,,,,,,,,,,,,,,,,,,,,,,,,,,,,,,,,,,,,,,,,,,,,,,,,,,,,,,,,,,,,,,,,,,,,,,,,,,,,,,,,,,0,
2026-11-19,,,,,,,,,,,,,,,,,,,,,,,,,,,,,,,,,,,,,,,,,,,,,,,,,,,,,,,,,,,,,,,,,,,,,,,,,,,,,,,,,,,,,,,,,,,,,,,,,,,,,,0,
2026-11-20,,,,,,,,,,,,,,,,,,,,,,,,,,,,,,,,,,,,,,,,,,,,,,,,,,,,,,,,,,,,,,,,,,,,,,,,,,,,,,,,,,,,,,,,,,,,,,,,,,,,,,0,
2026-11-21,,,,,,,,,,,,,,,,,,,,,,,,,,,,,,,,,,,,,,,,,,,,,,,,,,,,,,,,,,,,,,,,,,,,,,,,,,,,,,,,,,,,,,,,,,,,,,,,,,,,,,0,
2026-11-22,,,,,,,,,,,,,,,,,,,,,,,,,,,,,,,,,,,,,,,,,,,,,,,,,,,,,,,,,,,,,,,,,,,,,,,,,,,,,,,,,,,,,,,,,,,,,,,,,,,,,,0,
2026-11-23,,,,,,,,,,,,,,,,,,,,,,,,,,,,,,,,,,,,,,,,,,,,,,,,,,,,,,,,,,,,,,,,,,,,,,,,,,,,,,,,,,,,,,,,,,,,,,,,,,,,,,0,
2026-11-24,,,,,,,,,,,,,,,,,,,,,,,,,,,,,,,,,,,,,,,,,,,,,,,,,,,,,,,,,,,,,,,,,,,,,,,,,,,,,,,,,,,,,,,,,,,,,,,,,,,,,,0,
2026-11-25,,,,,,,,,,,,,,,,,,,,,,,,,,,,,,,,,,,,,,,,,,,,,,,,,,,,,,,,,,,,,,,,,,,,,,,,,,,,,,,,,,,,,,,,,,,,,,,,,,,,,,0,
2026-11-26,,,,,,,,,,,,,,,,,,,,,,,,,,,,,,,,,,,,,,,,,,,,,,,,,,,,,,,,,,,,,,,,,,,,,,,,,,,,,,,,,,,,,,,,,,,,,,,,,,,,,,0,
2026-11-27,,,,,,,,,,,,,,,,,,,,,,,,,,,,,,,,,,,,,,,,,,,,,,,,,,,,,,,,,,,,,,,,,,,,,,,,,,,,,,,,,,,,,,,,,,,,,,,,,,,,,,0,
2026-11-28,,,,,,,,,,,,,,,,,,,,,,,,,,,,,,,,,,,,,,,,,,,,,,,,,,,,,,,,,,,,,,,,,,,,,,,,,,,,,,,,,,,,,,,,,,,,,,,,,,,,,,0,
2026-11-29,,,,,,,,,,,,,,,,,,,,,,,,,,,,,,,,,,,,,,,,,,,,,,,,,,,,,,,,,,,,,,,,,,,,,,,,,,,,,,,,,,,,,,,,,,,,,,,,,,,,,,0,
2026-11-30,,,,,,,,,,,,,,,,,,,,,,,,,,,,,,,,,,,,,,,,,,,,,,,,,,,,,,,,,,,,,,,,,,,,,,,,,,,,,,,,,,,,,,,,,,,,,,,,,,,,,,0,
2026-12-01,,,,,,,,,,,,,,,,,,,,,,,,,,,,,,,,,,,,,,,,,,,,,,,,,,,,,,,,,,,,,,,,,,,,,,,,,,,,,,,,,,,,,,,,,,,,,,,,,,,,,,0,
2026-12-02,,,,,,,,,,,,,,,,,,,,,,,,,,,,,,,,,,,,,,,,,,,,,,,,,,,,,,,,,,,,,,,,,,,,,,,,,,,,,,,,,,,,,,,,,,,,,,,,,,,,,,0,
2026-12-03,,,,,,,,,,,,,,,,,,,,,,,,,,,,,,,,,,,,,,,,,,,,,,,,,,,,,,,,,,,,,,,,,,,,,,,,,,,,,,,,,,,,,,,,,,,,,,,,,,,,,,0,
2026-12-04,,,,,,,,,,,,,,,,,,,,,,,,,,,,,,,,,,,,,,,,,,,,,,,,,,,,,,,,,,,,,,,,,,,,,,,,,,,,,,,,,,,,,,,,,,,,,,,,,,,,,,0,
2026-12-05,,,,,,,,,,,,,,,,,,,,,,,,,,,,,,,,,,,,,,,,,,,,,,,,,,,,,,,,,,,,,,,,,,,,,,,,,,,,,,,,,,,,,,,,,,,,,,,,,,,,,,0,
2026-12-06,,,,,,,,,,,,,,,,,,,,,,,,,,,,,,,,,,,,,,,,,,,,,,,,,,,,,,,,,,,,,,,,,,,,,,,,,,,,,,,,,,,,,,,,,,,,,,,,,,,,,,0,
2026-12-07,,,,,,,,,,,,,,,,,,,,,,,,,,,,,,,,,,,,,,,,,,,,,,,,,,,,,,,,,,,,,,,,,,,,,,,,,,,,,,,,,,,,,,,,,,,,,,,,,,,,,,0,
2026-12-08,,,,,,,,,,,,,,,,,,,,,,,,,,,,,,,,,,,,,,,,,,,,,,,,,,,,,,,,,,,,,,,,,,,,,,,,,,,,,,,,,,,,,,,,,,,,,,,,,,,,,,0,
2026-12-09,,,,,,,,,,,,,,,,,,,,,,,,,,,,,,,,,,,,,,,,,,,,,,,,,,,,,,,,,,,,,,,,,,,,,,,,,,,,,,,,,,,,,,,,,,,,,,,,,,,,,,0,
2026-12-10,,,,,,,,,,,,,,,,,,,,,,,,,,,,,,,,,,,,,,,,,,,,,,,,,,,,,,,,,,,,,,,,,,,,,,,,,,,,,,,,,,,,,,,,,,,,,,,,,,,,,,0,
2026-12-11,,,,,,,,,,,,,,,,,,,,,,,,,,,,,,,,,,,,,,,,,,,,,,,,,,,,,,,,,,,,,,,,,,,,,,,,,,,,,,,,,,,,,,,,,,,,,,,,,,,,,,0,
2026-12-12,,,,,,,,,,,,,,,,,,,,,,,,,,,,,,,,,,,,,,,,,,,,,,,,,,,,,,,,,,,,,,,,,,,,,,,,,,,,,,,,,,,,,,,,,,,,,,,,,,,,,,0,
2026-12-13,,,,,,,,,,,,,,,,,,,,,,,,,,,,,,,,,,,,,,,,,,,,,,,,,,,,,,,,,,,,,,,,,,,,,,,,,,,,,,,,,,,,,,,,,,,,,,,,,,,,,,0,
2026-12-14,,,,,,,,,,,,,,,,,,,,,,,,,,,,,,,,,,,,,,,,,,,,,,,,,,,,,,,,,,,,,,,,,,,,,,,,,,,,,,,,,,,,,,,,,,,,,,,,,,,,,,0,
2026-12-15,,,,,,,,,,,,,,,,,,,,,,,,,,,,,,,,,,,,,,,,,,,,,,,,,,,,,,,,,,,,,,,,,,,,,,,,,,,,,,,,,,,,,,,,,,,,,,,,,,,,,,0,
2026-12-16,,,,,,,,,,,,,,,,,,,,,,,,,,,,,,,,,,,,,,,,,,,,,,,,,,,,,,,,,,,,,,,,,,,,,,,,,,,,,,,,,,,,,,,,,,,,,,,,,,,,,,0,
2026-12-17,,,,,,,,,,,,,,,,,,,,,,,,,,,,,,,,,,,,,,,,,,,,,,,,,,,,,,,,,,,,,,,,,,,,,,,,,,,,,,,,,,,,,,,,,,,,,,,,,,,,,,0,
2026-12-18,,,,,,,,,,,,,,,,,,,,,,,,,,,,,,,,,,,,,,,,,,,,,,,,,,,,,,,,,,,,,,,,,,,,,,,,,,,,,,,,,,,,,,,,,,,,,,,,,,,,,,0,
2026-12-19,,,,,,,,,,,,,,,,,,,,,,,,,,,,,,,,,,,,,,,,,,,,,,,,,,,,,,,,,,,,,,,,,,,,,,,,,,,,,,,,,,,,,,,,,,,,,,,,,,,,,,0,
2026-12-20,,,,,,,,,,,,,,,,,,,,,,,,,,,,,,,,,,,,,,,,,,,,,,,,,,,,,,,,,,,,,,,,,,,,,,,,,,,,,,,,,,,,,,,,,,,,,,,,,,,,,,0,
2026-12-21,,,,,,,,,,,,,,,,,,,,,,,,,,,,,,,,,,,,,,,,,,,,,,,,,,,,,,,,,,,,,,,,,,,,,,,,,,,,,,,,,,,,,,,,,,,,,,,,,,,,,,0,
2026-12-22,,,,,,,,,,,,,,,,,,,,,,,,,,,,,,,,,,,,,,,,,,,,,,,,,,,,,,,,,,,,,,,,,,,,,,,,,,,,,,,,,,,,,,,,,,,,,,,,,,,,,,0,
2026-12-23,,,,,,,,,,,,,,,,,,,,,,,,,,,,,,,,,,,,,,,,,,,,,,,,,,,,,,,,,,,,,,,,,,,,,,,,,,,,,,,,,,,,,,,,,,,,,,,,,,,,,,0,
2026-12-24,,,,,,,,,,,,,,,,,,,,,,,,,,,,,,,,,,,,,,,,,,,,,,,,,,,,,,,,,,,,,,,,,,,,,,,,,,,,,,,,,,,,,,,,,,,,,,,,,,,,,,0,
2026-12-25,,,,,,,,,,,,,,,,,,,,,,,,,,,,,,,,,,,,,,,,,,,,,,,,,,,,,,,,,,,,,,,,,,,,,,,,,,,,,,,,,,,,,,,,,,,,,,,,,,,,,,0,
2026-12-26,,,,,,,,,,,,,,,,,,,,,,,,,,,,,,,,,,,,,,,,,,,,,,,,,,,,,,,,,,,,,,,,,,,,,,,,,,,,,,,,,,,,,,,,,,,,,,,,,,,,,,0,
2026-12-27,,,,,,,,,,,,,,,,,,,,,,,,,,,,,,,,,,,,,,,,,,,,,,,,,,,,,,,,,,,,,,,,,,,,,,,,,,,,,,,,,,,,,,,,,,,,,,,,,,,,,,0,
2026-12-28,,,,,,,,,,,,,,,,,,,,,,,,,,,,,,,,,,,,,,,,,,,,,,,,,,,,,,,,,,,,,,,,,,,,,,,,,,,,,,,,,,,,,,,,,,,,,,,,,,,,,,0,
2026-12-29,,,,,,,,,,,,,,,,,,,,,,,,,,,,,,,,,,,,,,,,,,,,,,,,,,,,,,,,,,,,,,,,,,,,,,,,,,,,,,,,,,,,,,,,,,,,,,,,,,,,,,0,
2026-12-30,,,,,,,,,,,,,,,,,,,,,,,,,,,,,,,,,,,,,,,,,,,,,,,,,,,,,,,,,,,,,,,,,,,,,,,,,,,,,,,,,,,,,,,,,,,,,,,,,,,,,,0,
2026-12-31,,,,,,,,,,,,,,,,,,,,,,,,,,,,,,,,,,,,,,,,,,,,,,,,,,,,,,,,,,,,,,,,,,,,,,,,,,,,,,,,,,,,,,,,,,,,,,,,,,,,,,0,
