DATE,Fasilitas Produksi,Sumur WIP,Flowrate (BWPD),Tekanan (PSI)
2026-01-01,GS-1,B-050,3741.4189525942456,450
2026-01-01,GS-1,B-061,703.7814445272815,460
2026-01-01,GS-1,B-031,0.0,0
2026-01-01,GS-1, B-074 ,2942.4910896008296,455
2026-01-01,GS-1,B-020,0.0,0
2026-01-01,GS-1,B-023,134.4131943410473,477
2026-01-01,GS-1, B-049 ,52.85912137007479,500
2026-01-01,GS-1,B-057,0.0,0
2026-01-01,GS-1,B-078,100.68404070490435,435
2026-01-01,GS-1,B-079,127.365311491704,436
2026-01-01,GS-1,B-106,2421.4511789529497,421
2026-01-01,GS-1,B-108,0.0,0
2026-01-01,GS-1, B-045 ,0.0,0
2026-01-01,GS-1, B-067 ,865.8827500621775,480
2026-01-01,GS-1,B-052,0.0,0
2026-01-01,GS-1,B-066,1827.4153387940141,500
2026-01-01,GS-1,B-069,0.0,0
2026-01-01,GS-1,B-205,0.0,0
2026-01-01,GS-1, B-077 ,105.71824274014958,500
2026-01-01,GS-2,B-092,252.71694216930993,570
2026-01-01,GS-2,B-115,0.0,0
2026-01-01,GS-2,B-116,1429.713378009642,549
2026-01-01,GS-2,B-091,1696.0226656741138,534
2026-01-01,GS-2,B-090,0.0,0
2026-01-01,GS-2,B-075,0.0,0
2026-01-01,GS-2,B-038,0.0,0
2026-01-01,GS-2,B-046,0.0,0
2026-01-01,GS-2,B-073,0.0,0
2026-01-01,GS-2,B-076,0.0,0
2026-01-01,GS-2,B-130,797.921022586367,578
2026-01-01,GS-2,B-137,368.50358897994994,550
2026-01-01,GS-2,BN-14,0.0,0
2026-01-01,GS-3,B-053,2552.3404318693256,510
2026-01-01,GS-3,B-059,0.0,0
2026-01-01,GS-3,B-062,2571.9738198067816,485
2026-01-01,GS-3,B-063,0.0,0
2026-01-01,GS-3,B-065,1719.1799950362417,320
2026-01-01,GS-3,B-101,0.0,0
2026-01-01,GS-3,B-107,0.0,0
2026-01-01,GS-3,B-110,0.0,0
2026-01-01,GS-3,B-129,0.0,0
2026-01-01,PLTG,B-133,1011.8746090842887,585
2026-01-01,GS-4,BN- 33,98.16693968728174,483
2026-01-01,GS-4,BN-37,0.0,0
2026-01-01,GS-4,BN-40,75.51303052867827,290
2026-01-01,GS-4,BN-41,98.16693968728174,570
2026-01-01,GS-4,BN-42,528.5912137007479,560
2026-01-01,GS-4,BN-43,128.37215189875306,535
2026-01-01,GS-4,BN-45,0.0,0
2026-01-01,GS-4,BN-46,159.5842045172734,410
2026-01-01,GS-4,BN-49,327.22313229093913,540
2026-01-01,GS-4,B-226,0.0,0
2026-01-01,PLTG,B-120,2429.0024820058175,580
2026-01-01,MGS,B-32,0.0,0
2026-01-01,PLTG,B-047,4536.319453959466,470
2026-01-02,GS-1,B-050,3713.403688259015,450
2026-01-02,GS-1,B-061,698.5116195083561,460
2026-01-02,GS-1,B-031,0.0,0
2026-01-02,GS-1, B-074 ,2920.458094439443,455
2026-01-02,GS-1,B-020,0.0,0
2026-01-02,GS-1,B-023,133.40672561425686,477
2026-01-02,GS-1, B-049 ,52.4633190617864,500
2026-01-02,GS-1,B-057,0.0,0
2026-01-02,GS-1,B-078,99.93013154625982,435
2026-01-02,GS-1,B-079,126.41161640601867,436
2026-01-02,GS-1,B-106,2403.3196636875487,421
2026-01-02,GS-1,B-108,0.0,0
2026-01-02,GS-1, B-045 ,0.0,0
2026-01-02,GS-1, B-067 ,859.3991312978344,480
2026-01-02,GS-1,B-052,0.0,0
2026-01-02,GS-1,B-066,1813.7318875646156,500
2026-01-02,GS-1,B-069,0.0,0
2026-01-02,GS-1,B-205,0.0,0
2026-01-02,GS-1, B-077 ,104.9266381235728,500
2026-01-02,GS-2,B-092,250.82463018111213,570
2026-01-02,GS-2,B-115,0.0,0
2026-01-02,GS-2,B-116,1419.0078679568894,549
2026-01-02,GS-2,B-091,1683.3230658967466,534
2026-01-02,GS-2,B-090,0.0,0
2026-01-02,GS-2,B-075,0.0,0
2026-01-02,GS-2,B-038,0.0,0
2026-01-02,GS-2,B-046,0.0,0
2026-01-02,GS-2,B-073,0.0,0
2026-01-02,GS-2,B-076,0.0,0
2026-01-02,GS-2,B-130,791.946292504109,578
2026-01-02,GS-2,B-137,365.7442814593109,550
2026-01-02,GS-2,BN-14,0.0,0
2026-01-02,GS-3,B-053,2533.228834697686,510
2026-01-02,GS-3,B-059,0.0,0
2026-01-02,GS-3,B-062,2552.715210349207,485
2026-01-02,GS-3,B-063,0.0,0
2026-01-02,GS-3,B-065,1706.3069961523863,320
2026-01-02,GS-3,B-101,0.0,0
2026-01-02,GS-3,B-107,0.0,0
2026-01-02,GS-3,B-110,0.0,0
2026-01-02,GS-3,B-129,0.0,0
2026-01-02,PLTG,B-133,1004.2978220399111,585
2026-01-02,GS-4,BN- 33,97.43187825760332,483
2026-01-02,GS-4,BN-37,0.0,0
2026-01-02,GS-4,BN-40,74.94759865969486,290
2026-01-02,GS-4,BN-41,97.43187825760332,570
2026-01-02,GS-4,BN-42,524.633190617864,560
2026-01-02,GS-4,BN-43,127.41091772148127,535
2026-01-02,GS-4,BN-45,0.0,0
2026-01-02,GS-4,BN-46,158.3892585008218,410
2026-01-02,GS-4,BN-49,324.7729275253444,540
2026-01-02,GS-4,B-226,0.0,0
2026-01-02,PLTG,B-120,2410.814423553518,580
2026-01-02,MGS,B-32,0.0,0
2026-01-02,PLTG,B-047,4502.352076816736,470
2026-01-03,GS-1,B-050,3772.971288160834,450
2026-01-03,GS-1,B-061,709.7166120625465,460
2026-01-03,GS-1,B-031,0.0,0
2026-01-03,GS-1, B-074 ,2967.3058637379,455
2026-01-03,GS-1,B-020,0.0,0
2026-01-03,GS-1,B-023,135.5467349218168,477
2026-01-03,GS-1, B-049 ,53.30489575577066,500
2026-01-03,GS-1,B-057,0.0,0
2026-01-03,GS-1,B-078,101.53313477289649,435
2026-01-03,GS-1,B-079,128.43941548771406,436
2026-01-03,GS-1,B-106,2441.871891288161,421
2026-01-03,GS-1,B-108,0.0,0
2026-01-03,GS-1, B-045 ,0.0,0
2026-01-03,GS-1, B-067 ,873.1849590469099,480
2026-01-03,GS-1,B-052,0.0,0
2026-01-03,GS-1,B-066,1842.8263961280713,500
2026-01-03,GS-1,B-069,0.0,0
2026-01-03,GS-1,B-205,0.0,0
2026-01-03,GS-1, B-077 ,106.60979151154132,500
2026-01-03,GS-2,B-092,254.8481682799702,570
2026-01-03,GS-2,B-115,0.0,0
2026-01-03,GS-2,B-116,1441.7705137751302,549
2026-01-03,GS-2,B-091,1710.3256552494415,534
2026-01-03,GS-2,B-090,0.0,0
2026-01-03,GS-2,B-075,0.0,0
2026-01-03,GS-2,B-038,0.0,0
2026-01-03,GS-2,B-046,0.0,0
2026-01-03,GS-2,B-073,0.0,0
2026-01-03,GS-2,B-076,0.0,0
2026-01-03,GS-2,B-130,804.6500930752047,578
2026-01-03,GS-2,B-137,371.61127326880114,550
2026-01-03,GS-2,BN-14,0.0,0
2026-01-03,GS-3,B-053,2573.864966492926,510
2026-01-03,GS-3,B-059,0.0,0
2026-01-03,GS-3,B-062,2593.663927773641,485
2026-01-03,GS-3,B-063,0.0,0
2026-01-03,GS-3,B-065,1733.6782762472076,320
2026-01-03,GS-3,B-101,0.0,0
2026-01-03,GS-3,B-107,0.0,0
2026-01-03,GS-3,B-110,0.0,0
2026-01-03,GS-3,B-129,0.0,0
2026-01-03,PLTG,B-133,1020.4080044676098,585
2026-01-03,GS-4,BN- 33,98.99480640357409,483
2026-01-03,GS-4,BN-37,0.0,0
2026-01-03,GS-4,BN-40,76.14985107967237,290
2026-01-03,GS-4,BN-41,98.99480640357409,570
2026-01-03,GS-4,BN-42,533.0489575577066,560
2026-01-03,GS-4,BN-43,129.45474683544302,535
2026-01-03,GS-4,BN-45,0.0,0
2026-01-03,GS-4,BN-46,160.93001861504095,410
2026-01-03,GS-4,BN-49,329.9826880119136,540
2026-01-03,GS-4,B-226,0.0,0
2026-01-03,PLTG,B-120,2449.486876396128,580
2026-01-03,MGS,B-32,0.0,0
2026-01-03,PLTG,B-047,4574.575387192852,470
2026-01-04,GS-1,B-050,3754.137652023934,450
2026-01-04,GS-1,B-061,706.1739017127907,460
2026-01-04,GS-1,B-031,0.0,0
2026-01-04,GS-1,B-074 ,2952.4938880624186,455
2026-01-04,GS-1,B-020,0.0,0
2026-01-04,GS-1,B-023,134.8701228593098,477
2026-01-04,GS-1,B-049 ,53.03881236040273,500
2026-01-04,GS-1,B-057,0.0,0
2026-01-04,GS-1,B-078,101.02630925790996,435
2026-01-04,GS-1,B-079,127.7982812112561,436
2026-01-04,GS-1,B-106,2429.6827376527344,421
2026-01-04,GS-1,B-108,0.0,0
2026-01-04,GS-1,B-045 ,0.0,0
2026-01-04,GS-1,B-067 ,868.8262596180257,480
2026-01-04,GS-1,B-052,0.0,0
2026-01-04,GS-1,B-066,1833.6275130310657,500
2026-01-04,GS-1,B-069,0.0,0
2026-01-04,GS-1,B-205,0.0,0
2026-01-04,GS-1,B-077 ,106.07762472080546,500
2026-01-04,GS-2,B-092,253.576036237354,570
2026-01-04,GS-2,B-115,0.0,0
2026-01-04,GS-2,B-116,1434.5735914623215,549
2026-01-04,GS-2,B-091,1701.7881794494933,534
2026-01-04,GS-2,B-090,0.0,0
2026-01-04,GS-2,B-075,0.0,0
2026-01-04,GS-2,B-038,0.0,0
2026-01-04,GS-2,B-046,0.0,0
2026-01-04,GS-2,B-073,0.0,0
2026-01-04,GS-2,B-076,0.0,0
2026-01-04,GS-2,B-130,800.6335008689365,578
2026-01-04,GS-2,B-137,369.75629188395044,550
2026-01-04,GS-2,BN-14,0.0,0
2026-01-04,GS-3,B-053,2561.0169396880174,510
2026-01-04,GS-3,B-059,0.0,0
2026-01-04,GS-3,B-062,2580.71706999331,485
2026-01-04,GS-3,B-063,0.0,0
2026-01-04,GS-3,B-065,1725.0242305788126,320
2026-01-04,GS-3,B-101,0.0,0
2026-01-04,GS-3,B-107,0.0,0
2026-01-04,GS-3,B-110,0.0,0
2026-01-04,GS-3,B-129,0.0,0
2026-01-04,PLTG,B-133,1015.3144080419951,585
2026-01-04,GS-4,BN- 33,98.50065152646222,483
2026-01-04,GS-4,BN-37,0.0,0
2026-01-04,GS-4,BN-40,75.76973194343248,290
2026-01-04,GS-4,BN-41,98.50065152646222,570
2026-01-04,GS-4,BN-42,530.3881236040273,560
2026-01-04,GS-4,BN-43,128.8085443038352,535
2026-01-04,GS-4,BN-45,0.0,0
2026-01-04,GS-4,BN-46,160.1267001737873,410
2026-01-04,GS-4,BN-49,328.33550508820736,540
2026-01-04,GS-4,B-226,0.0,0
2026-01-04,PLTG,B-120,2437.2597108470777,580
2026-01-04,MGS,B-32,0.0,0
2026-01-04,PLTG,B-047,4551.740363615133,470
2026-01-05,GS-1,B-050,3859.46582278481,450
2026-01-05,GS-1,B-061,725.9867088607594,460
2026-01-05,GS-1,B-031,0.0,0
2026-01-05,GS-1,B-074 ,3035.3306962025317,455
2026-01-05,GS-1,B-020,0.0,0
2026-01-05,GS-1,B-023,138.65411392405062,477
2026-01-05,GS-1,B-049 ,54.526898734177216,500
2026-01-05,GS-1,B-057,0.0,0
2026-01-05,GS-1,B-078,103.86075949367088,435
2026-01-05,GS-1,B-079,131.38386075949367,436
2026-01-05,GS-1,B-106,2497.8512658227846,421
2026-01-05,GS-1,B-108,0.0,0
2026-01-05,GS-1,B-045 ,0.0,0
2026-01-05,GS-1,B-067 ,893.2025316455696,480
2026-01-05,GS-1,B-052,0.0,0
2026-01-05,GS-1,B-066,1885.0727848101264,500
2026-01-05,GS-1,B-069,0.0,0
2026-01-05,GS-1,B-205,0.0,0
2026-01-05,GS-1,B-077 ,109.05379746835443,500
2026-01-05,GS-2,B-092,260.69050632911393,570
2026-01-05,GS-2,B-115,0.0,0
2026-01-05,GS-2,B-116,1474.8227848101264,549
2026-01-05,GS-2,B-091,1749.5344936708861,534
2026-01-05,GS-2,B-090,0.0,0
2026-01-05,GS-2,B-075,0.0,0
2026-01-05,GS-2,B-038,0.0,0
2026-01-05,GS-2,B-046,0.0,0
2026-01-05,GS-2,B-073,0.0,0
2026-01-05,GS-2,B-076,0.0,0
2026-01-05,GS-2,B-130,823.0965189873417,578
2026-01-05,GS-2,B-137,380.13037974683544,550
2026-01-05,GS-2,BN-14,0.0,0
2026-01-05,GS-3,B-053,2632.8702531645567,510
2026-01-05,GS-3,B-059,0.0,0
2026-01-05,GS-3,B-062,2653.1231012658227,485
2026-01-05,GS-3,B-063,0.0,0
2026-01-05,GS-3,B-065,1773.4224683544303,320
2026-01-05,GS-3,B-101,0.0,0
2026-01-05,GS-3,B-107,0.0,0
2026-01-05,GS-3,B-110,0.0,0
2026-01-05,GS-3,B-129,0.0,0
2026-01-05,PLTG,B-133,1043.8006329113923,585
2026-01-05,GS-4,BN- 33,101.26424050632912,483
2026-01-05,GS-4,BN-37,0.0,0
2026-01-05,GS-4,BN-40,77.89556962025317,290
2026-01-05,GS-4,BN-41,101.26424050632912,570
2026-01-05,GS-4,BN-42,545.2689873417721,560
2026-01-05,GS-4,BN-43,132.42246835443038,535
2026-01-05,GS-4,BN-45,0.0,0
2026-01-05,GS-4,BN-46,164.61930379746835,410
2026-01-05,GS-4,BN-49,337.54746835443035,540
2026-01-05,GS-4,B-226,0.0,0
2026-01-05,PLTG,B-120,2505.64082278481,580
2026-01-05,MGS,B-32,0.0,0
2026-01-05,PLTG,B-047,4679.446518987342,470
2026-01-06,GS-1,B-050,3896.6488806149873,450
2026-01-06,GS-1,B-061,732.9810461651981,460
2026-01-06,GS-1,B-031,0.0,0
2026-01-06,GS-1,B-074 ,3064.573830354494,455
2026-01-06,GS-1,B-020,0.0,0
2026-01-06,GS-1,B-023,139.9899422933533,477
2026-01-06,GS-1,B-049 ,55.05222449738612,500
2026-01-06,GS-1,B-057,0.0,0
2026-01-06,GS-1,B-078,104.86137999502118,435
2026-01-06,GS-1,B-079,132.6496456937018,436
2026-01-06,GS-1,B-106,2521.9161888802596,421
2026-01-06,GS-1,B-108,0.0,0
2026-01-06,GS-1,B-045 ,0.0,0
2026-01-06,GS-1,B-067 ,901.8078679571822,480
2026-01-06,GS-1,B-052,0.0,0
2026-01-06,GS-1,B-066,1903.2340469096346,500
2026-01-06,GS-1,B-069,0.0,0
2026-01-06,GS-1,B-205,0.0,0
2026-01-06,GS-1,B-077 ,110.10444899477224,500
2026-01-06,GS-2,B-092,263.20206378750316,570
2026-01-06,GS-2,B-115,0.0,0
2026-01-06,GS-2,B-116,1489.031595929301,549
2026-01-06,GS-2,B-091,1766.389946016132,534
2026-01-06,GS-2,B-090,0.0,0
2026-01-06,GS-2,B-075,0.0,0
2026-01-06,GS-2,B-038,0.0,0
2026-01-06,GS-2,B-046,0.0,0
2026-01-06,GS-2,B-073,0.0,0
2026-01-06,GS-2,B-076,0.0,0
2026-01-06,GS-2,B-130,831.0264364605429,578
2026-01-06,GS-2,B-137,383.7926507817775,550
2026-01-06,GS-2,BN-14,0.0,0
2026-01-06,GS-3,B-053,2658.235982873787,510
2026-01-06,GS-3,B-059,0.0,0
2026-01-06,GS-3,B-062,2678.6839519728164,485
2026-01-06,GS-3,B-063,0.0,0
2026-01-06,GS-3,B-065,1790.5080634149867,320
2026-01-06,GS-3,B-101,0.0,0
2026-01-06,GS-3,B-107,0.0,0
2026-01-06,GS-3,B-110,0.0,0
2026-01-06,GS-3,B-129,0.0,0
2026-01-06,PLTG,B-133,1053.856868949963,585
2026-01-06,GS-4,BN- 33,102.23984549514566,483
2026-01-06,GS-4,BN-37,0.0,0
2026-01-06,GS-4,BN-40,78.6460349962659,290
2026-01-06,GS-4,BN-41,102.23984549514566,570
2026-01-06,GS-4,BN-42,550.5222449738612,560
2026-01-06,GS-4,BN-43,133.69825949365202,535
2026-01-06,GS-4,BN-45,0.0,0
2026-01-06,GS-4,BN-46,166.20528729210858,410
2026-01-06,GS-4,BN-49,340.79948498381884,540
2026-01-06,GS-4,B-226,0.0,0
2026-01-06,PLTG,B-120,2529.780792379886,580
2026-01-06,MGS,B-32,0.0,0
2026-01-06,PLTG,B-047,4724.529475675679,470
2026-01-07,GS-1,B-050,3781.2674956575897,450
2026-01-07,GS-1,B-061,711.27717423699,460
2026-01-07,GS-1,B-031,0.0,0
2026-01-07,GS-1,B-074 ,2973.8305317705344,455
2026-01-07,GS-1,B-020,0.0,0
2026-01-07,GS-1,B-023,135.84478220406035,477
2026-01-07,GS-1,B-049 ,53.422105361147324,500
2026-01-07,GS-1,B-057,0.0,0
2026-01-07,GS-1,B-078,101.75639116409015,435
2026-01-07,GS-1,B-079,128.72183482257404,436
2026-01-07,GS-1,B-106,2447.241207496368,421
2026-01-07,GS-1,B-108,0.0,0
2026-01-07,GS-1,B-045 ,0.0,0
2026-01-07,GS-1,B-067 ,875.1049640111752,480
2026-01-07,GS-1,B-052,0.0,0
2026-01-07,GS-1,B-066,1846.878499628236,500
2026-01-07,GS-1,B-069,0.0,0
2026-01-07,GS-1,B-205,0.0,0
2026-01-07,GS-1,B-077 ,106.84421072229465,500
2026-01-07,GS-2,B-092,255.40854182186627,570
2026-01-07,GS-2,B-115,0.0,0
2026-01-07,GS-2,B-116,1444.94075453008,549
2026-01-07,GS-2,B-091,1714.0864091590984,534
2026-01-07,GS-2,B-090,0.0,0
2026-01-07,GS-2,B-075,0.0,0
2026-01-07,GS-2,B-038,0.0,0
2026-01-07,GS-2,B-046,0.0,0
2026-01-07,GS-2,B-073,0.0,0
2026-01-07,GS-2,B-076,0.0,0
2026-01-07,GS-2,B-130,806.4193999754144,578
2026-01-07,GS-2,B-137,372.4283916605699,550
2026-01-07,GS-2,BN-14,0.0,0
2026-01-07,GS-3,B-053,2579.524516009685,510
2026-01-07,GS-3,B-059,0.0,0
2026-01-07,GS-3,B-062,2599.367012286683,485
2026-01-07,GS-3,B-063,0.0,0
2026-01-07,GS-3,B-065,1737.4903791268391,320
2026-01-07,GS-3,B-101,0.0,0
2026-01-07,GS-3,B-107,0.0,0
2026-01-07,GS-3,B-110,0.0,0
2026-01-07,GS-3,B-129,0.0,0
2026-01-07,PLTG,B-133,1022.6517311991059,585
2026-01-07,GS-4,BN- 33,99.2124813849879,483
2026-01-07,GS-4,BN-37,0.0,0
2026-01-07,GS-4,BN-40,76.31729337306761,290
2026-01-07,GS-4,BN-41,99.2124813849879,570
2026-01-07,GS-4,BN-42,534.2210536114733,560
2026-01-07,GS-4,BN-43,129.73939873421494,535
2026-01-07,GS-4,BN-45,0.0,0
2026-01-07,GS-4,BN-46,161.28387999508288,410
2026-01-07,GS-4,BN-49,330.70827128329296,540
2026-01-07,GS-4,B-226,0.0,0
2026-01-07,PLTG,B-120,2454.872936833675,580
2026-01-07,MGS,B-32,0.0,0
2026-01-07,PLTG,B-047,4584.634203898081,470
2026-01-08,GS-1,B-050,3735.5899329858526,450
2026-01-08,GS-1,B-061,702.6849739389427,460
2026-01-08,GS-1,B-031,0.0,0
2026-01-08,GS-1,B-074 ,2937.906775874907,455
2026-01-08,GS-1,B-020,0.0,0
2026-01-08,GS-1,B-023,134.20378257632166,477
2026-01-08,GS-1,B-049 ,52.77676842889054,500
2026-01-08,GS-1,B-057,0.0,0
2026-01-08,GS-1,B-078,100.52717795979152,435
2026-01-08,GS-1,B-079,127.16688011913627,436
2026-01-08,GS-1,B-106,2417.678629932986,421
2026-01-08,GS-1,B-108,0.0,0
2026-01-08,GS-1,B-045 ,0.0,0
2026-01-08,GS-1,B-067 ,864.533730454207,480
2026-01-08,GS-1,B-052,0.0,0
2026-01-08,GS-1,B-066,1824.568279970216,500
2026-01-08,GS-1,B-069,0.0,0
2026-01-08,GS-1,B-205,0.0,0
2026-01-08,GS-1,B-077 ,105.55353685778108,500
2026-01-08,GS-2,B-092,252.3232166790767,570
2026-01-08,GS-2,B-115,0.0,0
2026-01-08,GS-2,B-116,1427.4859270290394,549
2026-01-08,GS-2,B-091,1693.380312732688,534
2026-01-08,GS-2,B-090,0.0,0
2026-01-08,GS-2,B-075,0.0,0
2026-01-08,GS-2,B-038,0.0,0
2026-01-08,GS-2,B-046,0.0,0
2026-01-08,GS-2,B-073,0.0,0
2026-01-08,GS-2,B-076,0.0,0
2026-01-08,GS-2,B-130,796.6778853313477,578
2026-01-08,GS-2,B-137,367.92947133283695,550
2026-01-08,GS-2,BN-14,0.0,0
2026-01-08,GS-3,B-053,2548.363961280715,510
2026-01-08,GS-3,B-059,0.0,0
2026-01-08,GS-3,B-062,2567.9667609828743,485
2026-01-08,GS-3,B-063,0.0,0
2026-01-08,GS-3,B-065,1716.50156366344,320
2026-01-08,GS-3,B-101,0.0,0
2026-01-08,GS-3,B-107,0.0,0
2026-01-08,GS-3,B-110,0.0,0
2026-01-08,GS-3,B-129,0.0,0
2026-01-08,PLTG,B-133,1010.2981384959047,585
2026-01-08,GS-4,BN- 33,98.01399851079672,483
2026-01-08,GS-4,BN-37,0.0,0
2026-01-08,GS-4,BN-40,75.39538346984364,290
2026-01-08,GS-4,BN-41,98.01399851079672,570
2026-01-08,GS-4,BN-42,527.7676842889055,560
2026-01-08,GS-4,BN-43,128.17215189873417,535
2026-01-08,GS-4,BN-45,0.0,0
2026-01-08,GS-4,BN-46,159.33557706626954,410
2026-01-08,GS-4,BN-49,326.7133283693224,540
2026-01-08,GS-4,B-226,0.0,0
2026-01-08,PLTG,B-120,2425.21816827997,580
2026-01-08,MGS,B-32,0.0,0
2026-01-08,PLTG,B-047,4529.252002978406,470
2026-01-09,GS-1,B-050,3778.82797716445,450
2026-01-09,GS-1,B-061,710.8182874160254,460
2026-01-09,GS-1,B-031,0.0,0
2026-01-09,GS-1,B-074 ,2971.9119384453998,455
2026-01-09,GS-1,B-020,0.0,0
2026-01-09,GS-1,B-023,135.7571407296701,477
2026-01-09,GS-1,B-049 ,53.38763961279162,500
2026-01-09,GS-1,B-057,0.0,0
2026-01-09,GS-1,B-078,101.69074211960307,435
2026-01-09,GS-1,B-079,128.63878878129788,436
2026-01-09,GS-1,B-106,2445.662347976454,421
2026-01-09,GS-1,B-108,0.0,0
2026-01-09,GS-1,B-045 ,0.0,0
2026-01-09,GS-1,B-067 ,874.5403822285864,480
2026-01-09,GS-1,B-052,0.0,0
2026-01-09,GS-1,B-066,1845.6869694707957,500
2026-01-09,GS-1,B-069,0.0,0
2026-01-09,GS-1,B-205,0.0,0
2026-01-09,GS-1,B-077 ,106.77527922558323,500
2026-01-09,GS-2,B-092,255.2437627202037,570
2026-01-09,GS-2,B-115,0.0,0
2026-01-09,GS-2,B-116,1444.0085380983637,549
2026-01-09,GS-2,B-091,1712.9805510047138,534
2026-01-09,GS-2,B-090,0.0,0
2026-01-09,GS-2,B-075,0.0,0
2026-01-09,GS-2,B-038,0.0,0
2026-01-09,GS-2,B-046,0.0,0
2026-01-09,GS-2,B-073,0.0,0
2026-01-09,GS-2,B-076,0.0,0
2026-01-09,GS-2,B-130,805.8991312978543,578
2026-01-09,GS-2,B-137,372.18811615774723,550
2026-01-09,GS-2,BN-14,0.0,0
2026-01-09,GS-3,B-053,2577.860312731938,510
2026-01-09,GS-3,B-059,0.0,0
2026-01-09,GS-3,B-062,2597.6900074452606,485
2026-01-09,GS-3,B-063,0.0,0
2026-01-09,GS-3,B-065,1736.3694216922224,320
2026-01-09,GS-3,B-101,0.0,0
2026-01-09,GS-3,B-107,0.0,0
2026-01-09,GS-3,B-110,0.0,0
2026-01-09,GS-3,B-129,0.0,0
2026-01-09,PLTG,B-133,1021.9919583020109,585
2026-01-09,GS-4,BN- 33,99.14847356661299,483
2026-01-09,GS-4,BN-37,0.0,0
2026-01-09,GS-4,BN-40,76.2680565897023,290
2026-01-09,GS-4,BN-41,99.14847356661299,570
2026-01-09,GS-4,BN-42,533.8763961279161,560
2026-01-09,GS-4,BN-43,129.6556962024939,535
2026-01-09,GS-4,BN-45,0.0,0
2026-01-09,GS-4,BN-46,161.17982625957086,410
2026-01-09,GS-4,BN-49,330.49491188870996,540
2026-01-09,GS-4,B-226,0.0,0
2026-01-09,PLTG,B-120,2453.289153635424,580
2026-01-09,MGS,B-32,0.0,0
2026-01-09,PLTG,B-047,4581.6763861987165,470
2026-01-10,GS-1,B-050,3841.010335072386,450
2026-01-10,GS-1,B-061,722.5151303055969,460
2026-01-10,GS-1,B-031,0.0,0
2026-01-10,GS-1,B-074,3020.8161206267623,455
2026-01-10,GS-1,B-020,0.0,0
2026-01-10,GS-1,B-023,137.9910871184509,477
2026-01-10,GS-1,B-049,54.26615785557058,500
2026-01-10,GS-1,B-057,0.0,0
2026-01-10,GS-1,B-078,103.36411020108682,435
2026-01-10,GS-1,B-079,130.75559940437483,436
2026-01-10,GS-1,B-106,2485.906850336138,421
2026-01-10,GS-1,B-108,0.0,0
2026-01-10,GS-1,B-045,0.0,0
2026-01-10,GS-1,B-067,888.9313477293467,480
2026-01-10,GS-1,B-052,0.0,0
2026-01-10,GS-1,B-066,1876.0586001497259,500
2026-01-10,GS-1,B-069,0.0,0
2026-01-10,GS-1,B-077,108.53231571114117,500
2026-01-10,GS-2,B-092,259.4439166047279,570
2026-01-10,GS-2,B-115,0.0,0
2026-01-10,GS-2,B-116,1467.770364855433,549
2026-01-10,GS-2,B-091,1741.1684363373076,534
2026-01-10,GS-2,B-090,0.0,0
2026-01-10,GS-2,B-075,0.0,0
2026-01-10,GS-2,B-038,0.0,0
2026-01-10,GS-2,B-046,0.0,0
2026-01-10,GS-2,B-073,0.0,0
2026-01-10,GS-2,B-076,0.0,0
2026-01-10,GS-2,B-130,819.1605733436131,578
2026-01-10,GS-2,B-137,378.3126433359778,550
2026-01-10,GS-2,BN-014,0.0,0
2026-01-10,GS-3,B-053,2620.280193597551,510
2026-01-10,GS-3,B-059,0.0,0
2026-01-10,GS-3,B-062,2640.436195086763,485
2026-01-10,GS-3,B-063,0.0,0
2026-01-10,GS-3,B-065,1764.9421816835575,320
2026-01-10,GS-3,B-101,0.0,0
2026-01-10,GS-3,B-107,0.0,0
2026-01-10,GS-3,B-110,0.0,0
2026-01-10,GS-3,B-129,0.0,0
2026-01-10,PLTG,B-133,1038.8093075209226,585
2026-01-10,GS-4,BN-033,100.78000744605966,483
2026-01-10,GS-4,BN-037,0.0,0
2026-01-10,GS-4,BN-040,77.52308265081511,290
2026-01-10,GS-4,BN-041,100.78000744605966,570
2026-01-10,GS-4,BN-042,542.6615785557058,560
2026-01-10,GS-4,BN-043,131.7892405063857,535
2026-01-10,GS-4,BN-046,163.83211466872262,410
2026-01-10,GS-4,BN-049,335.9333581535322,540
2026-01-10,GS-4,B-226,0.0,0
2026-01-10,PLTG,B-120,2493.6591586012196,580
2026-01-10,MGS,B-32,0.0,0
2026-01-10,PLTG,B-047,4657.069985109967,470
2026-01-11,GS-1,B-050,3859.654896997873,450
2026-01-11,GS-1,B-061,726.0222747582113,460
2026-01-11,GS-1,B-031,0.0,0
2026-01-11,GS-1,B-074 ,3035.4793962530366,455
2026-01-11,GS-1,B-020,0.0,0
2026-01-11,GS-1,B-023,138.66090655253393,477
2026-01-11,GS-1,B-049 ,54.52956999256952,500
2026-01-11,GS-1,B-057,0.0,0
2026-01-11,GS-1,B-078,103.86584760489433,435
2026-01-11,GS-1,B-079,131.39029722019131,436
2026-01-11,GS-1,B-106,2497.9736348977085,421
2026-01-11,GS-1,B-108,0.0,0
2026-01-11,GS-1,B-045 ,0.0,0
2026-01-11,GS-1,B-067 ,893.2462894020912,480
2026-01-11,GS-1,B-052,0.0,0
2026-01-11,GS-1,B-066,1885.165134028832,500
2026-01-11,GS-1,B-069,0.0,0
2026-01-11,GS-1,B-205,0.0,0
2026-01-11,GS-1,B-077 ,109.05913998513904,500
2026-01-11,GS-2,B-092,260.70327748828475,570
2026-01-11,GS-2,B-115,0.0,0
2026-01-11,GS-2,B-116,1474.8950359894993,549
2026-01-11,GS-2,B-091,1749.6202029044448,534
2026-01-11,GS-2,B-090,0.0,0
2026-01-11,GS-2,B-075,0.0,0
2026-01-11,GS-2,B-038,0.0,0
2026-01-11,GS-2,B-046,0.0,0
2026-01-11,GS-2,B-073,0.0,0
2026-01-11,GS-2,B-076,0.0,0
2026-01-11,GS-2,B-130,823.1368422687875,578
2026-01-11,GS-2,B-137,380.1490022339132,550
2026-01-11,GS-2,BN-14,0.0,0
2026-01-11,GS-3,B-053,2632.999236784071,510
2026-01-11,GS-3,B-059,0.0,0
2026-01-11,GS-3,B-062,2653.2530770670255,485
2026-01-11,GS-3,B-063,0.0,0
2026-01-11,GS-3,B-065,1773.5093478535705,320
2026-01-11,GS-3,B-101,0.0,0
2026-01-11,GS-3,B-107,0.0,0
2026-01-11,GS-3,B-110,0.0,0
2026-01-11,GS-3,B-129,0.0,0
2026-01-11,PLTG,B-133,1043.851768429188,585
2026-01-11,GS-4,BN- 33,101.26920141477197,483
2026-01-11,GS-4,BN-37,0.0,0
2026-01-11,GS-4,BN-40,77.89938570367075,290
2026-01-11,GS-4,BN-41,101.26920141477197,570
2026-01-11,GS-4,BN-42,545.2956999256952,560
2026-01-11,GS-4,BN-43,132.42895569624025,535
2026-01-11,GS-4,BN-45,0.0,0
2026-01-11,GS-4,BN-46,164.6273684537575,410
2026-01-11,GS-4,BN-49,337.56400471590655,540
2026-01-11,GS-4,B-226,0.0,0
2026-01-11,PLTG,B-120,2505.7635734680757,580
2026-01-11,MGS,B-32,0.0,0
2026-01-11,PLTG,B-047,4679.675763838513,470
2026-01-12,GS-1,B-050,3889.5332340536647,450
2026-01-12,GS-1,B-061,731.6425539837222,460
2026-01-12,GS-1,B-031,0.0,0
2026-01-12,GS-1,B-074 ,3058.9776309262206,455
2026-01-12,GS-1,B-020,0.0,0
2026-01-12,GS-1,B-023,139.73430752049632,477
2026-01-12,GS-1,B-049 ,54.9516939687345,500
2026-01-12,GS-1,B-057,0.0,0
2026-01-12,GS-1,B-078,104.66989327378,435
2026-01-12,GS-1,B-079,132.4074149913317,436
2026-01-12,GS-1,B-106,2517.310933234409,421
2026-01-12,GS-1,B-108,0.0,0
2026-01-12,GS-1,B-045 ,0.0,0
2026-01-12,GS-1,B-067 ,900.161082154508,480
2026-01-12,GS-1,B-052,0.0,0
2026-01-12,GS-1,B-066,1899.7585629191071,500
2026-01-12,GS-1,B-069,0.0,0
2026-01-12,GS-1,B-205,0.0,0
2026-01-12,GS-1,B-077 ,109.903387937469,500
2026-01-12,GS-2,B-092,262.7214321171878,570
2026-01-12,GS-2,B-115,0.0,0
2026-01-12,GS-2,B-116,1486.312484487676,549
2026-01-12,GS-2,B-091,1763.1643521968242,534
2026-01-12,GS-2,B-090,0.0,0
2026-01-12,GS-2,B-075,0.0,0
2026-01-12,GS-2,B-038,0.0,0
2026-01-12,GS-2,B-046,0.0,0
2026-01-12,GS-2,B-073,0.0,0
2026-01-12,GS-2,B-076,0.0,0
2026-01-12,GS-2,B-130,829.5089041947065,578
2026-01-12,GS-2,B-137,383.0918093820348,550
2026-01-12,GS-2,BN-14,0.0,0
2026-01-12,GS-3,B-053,2653.381794490323,510
2026-01-12,GS-3,B-059,0.0,0
2026-01-12,GS-3,B-062,2673.7924236787103,485
2026-01-12,GS-3,B-063,0.0,0
2026-01-12,GS-3,B-065,1787.2384276497935,320
2026-01-12,GS-3,B-101,0.0,0
2026-01-12,GS-3,B-107,0.0,0
2026-01-12,GS-3,B-110,0.0,0
2026-01-12,GS-3,B-129,0.0,0
2026-01-12,PLTG,B-133,1051.9324274014891,585
2026-01-12,GS-4,BN- 33,102.0531459419355,483
2026-01-12,GS-4,BN-37,0.0,0
2026-01-12,GS-4,BN-40,78.502419955335,290
2026-01-12,GS-4,BN-41,102.0531459419355,570
2026-01-12,GS-4,BN-42,549.516939687345,560
2026-01-12,GS-4,BN-43,133.4541139240695,535
2026-01-12,GS-4,BN-45,0.0,0
2026-01-12,GS-4,BN-46,165.9017808389413,410
2026-01-12,GS-4,BN-49,340.177153139785,540
2026-01-12,GS-4,B-226,0.0,0
2026-01-12,PLTG,B-120,2525.1611752299427,580
2026-01-12,MGS,B-32,0.0,0
2026-01-12,PLTG,B-047,4715.902041450158,470
2026-01-13,GS-1,B-050,3895.0763365599405,450
2026-01-13,GS-1,B-061,732.6852419955324,460
2026-01-13,GS-1,B-031,0.0,0
2026-01-13,GS-1,B-074 ,3063.3370811615787,455
2026-01-13,GS-1,B-020,0.0,0
2026-01-13,GS-1,B-023,139.93344750558452,477
2026-01-13,GS-1,B-049 ,55.030007446016384,500
2026-01-13,GS-1,B-057,0.0,0
2026-01-13,GS-1,B-078,104.81906180193596,435
2026-01-13,GS-1,B-079,132.596113179449,436
2026-01-13,GS-1,B-106,2520.89843633656,421
2026-01-13,GS-1,B-108,0.0,0
2026-01-13,GS-1,B-045 ,0.0,0
2026-01-13,GS-1,B-067 ,901.4439314966493,480
2026-01-13,GS-1,B-052,0.0,0
2026-01-13,GS-1,B-066,1902.4659717051377,500
2026-01-13,GS-1,B-069,0.0,0
2026-01-13,GS-1,B-205,0.0,0
2026-01-13,GS-1,B-077 ,110.06001489203277,500
2026-01-13,GS-2,B-092,263.09584512285926,570
2026-01-13,GS-2,B-115,0.0,0
2026-01-13,GS-2,B-116,1488.4306775874907,549
2026-01-13,GS-2,B-091,1765.6770960536114,534
2026-01-13,GS-2,B-090,0.0,0
2026-01-13,GS-2,B-075,0.0,0
2026-01-13,GS-2,B-038,0.0,0
2026-01-13,GS-2,B-046,0.0,0
2026-01-13,GS-2,B-073,0.0,0
2026-01-13,GS-2,B-076,0.0,0
2026-01-13,GS-2,B-130,830.6910647803426,578
2026-01-13,GS-2,B-137,383.63776619508565,550
2026-01-13,GS-2,BN-14,0.0,0
2026-01-13,GS-3,B-053,2657.163216679077,510
2026-01-13,GS-3,B-059,0.0,0
2026-01-13,GS-3,B-062,2677.6029337304544,485
2026-01-13,GS-3,B-063,0.0,0
2026-01-13,GS-3,B-065,1789.7854802680565,320
2026-01-13,GS-3,B-101,0.0,0
2026-01-13,GS-3,B-107,0.0,0
2026-01-13,GS-3,B-110,0.0,0
2026-01-13,GS-3,B-129,0.0,0
2026-01-13,PLTG,B-133,1053.4315711094564,585
2026-01-13,GS-4,BN- 33,102.19858525688757,483
2026-01-13,GS-4,BN-37,0.0,0
2026-01-13,GS-4,BN-40,78.61429635145197,290
2026-01-13,GS-4,BN-41,102.19858525688757,570
2026-01-13,GS-4,BN-42,550.3000744601638,560
2026-01-13,GS-4,BN-43,133.64430379746835,535
2026-01-13,GS-4,BN-45,0.0,0
2026-01-13,GS-4,BN-46,166.13821295606851,410
2026-01-13,GS-4,BN-49,340.66195085629187,540
2026-01-13,GS-4,B-226,0.0,0
2026-01-13,PLTG,B-120,2528.759865971705,580
2026-01-13,MGS,B-32,0.0,0
2026-01-13,PLTG,B-047,4722.622829486225,470
2026-01-14,GS-1,B-050,3942.2803276247205,450
2026-01-14,GS-1,B-061,741.564571854058,460
2026-01-14,GS-1,B-031,0.0,0
2026-01-14,GS-1,B-074 ,3100.4613179448993,455
2026-01-14,GS-1,B-020,0.0,0
2026-01-14,GS-1,B-023,141.6292851824274,477
2026-01-14,GS-1,B-049 ,55.696909903201785,500
2026-01-14,GS-1,B-057,0.0,0
2026-01-14,GS-1,B-078,106.08935219657482,435
2026-01-14,GS-1,B-079,134.20303052866714,436
2026-01-14,GS-1,B-106,2551.4489203276244,421
2026-01-14,GS-1,B-108,0.0,0
2026-01-14,GS-1,B-045 ,0.0,0
2026-01-14,GS-1,B-067 ,912.3684288905436,480
2026-01-14,GS-1,B-052,0.0,0
2026-01-14,GS-1,B-066,1925.5217423678332,500
2026-01-14,GS-1,B-069,0.0,0
2026-01-14,GS-1,B-205,0.0,0
2026-01-14,GS-1,B-077 ,111.39381980640357,500
2026-01-14,GS-2,B-092,266.2842740134028,570
2026-01-14,GS-2,B-115,0.0,0
2026-01-14,GS-2,B-116,1506.4688011913624,549
2026-01-14,GS-2,B-091,1787.075137751303,534
2026-01-14,GS-2,B-090,0.0,0
2026-01-14,GS-2,B-075,0.0,0
2026-01-14,GS-2,B-038,0.0,0
2026-01-14,GS-2,B-046,0.0,0
2026-01-14,GS-2,B-073,0.0,0
2026-01-14,GS-2,B-076,0.0,0
2026-01-14,GS-2,B-130,840.7581161578555,578
2026-01-14,GS-2,B-137,388.28702903946385,550
2026-01-14,GS-2,BN-14,0.0,0
2026-01-14,GS-3,B-053,2689.365078183172,510
2026-01-14,GS-3,B-059,0.0,0
2026-01-14,GS-3,B-062,2710.052501861504,485
2026-01-14,GS-3,B-063,0.0,0
2026-01-14,GS-3,B-065,1811.4756887565152,320
2026-01-14,GS-3,B-101,0.0,0
2026-01-14,GS-3,B-107,0.0,0
2026-01-14,GS-3,B-110,0.0,0
2026-01-14,GS-3,B-129,0.0,0
2026-01-14,PLTG,B-133,1066.197989575577,585
2026-01-14,GS-4,BN- 33,103.43711839166046,483
2026-01-14,GS-4,BN-37,0.0,0
2026-01-14,GS-4,BN-40,79.56701414743112,290
2026-01-14,GS-4,BN-41,103.43711839166046,570
2026-01-14,GS-4,BN-42,556.9690990320179,560
2026-01-14,GS-4,BN-43,135.2639240506329,535
2026-01-14,GS-4,BN-45,0.0,0
2026-01-14,GS-4,BN-46,168.1516232315711,410
2026-01-14,GS-4,BN-49,344.7903946388682,540
2026-01-14,GS-4,B-226,0.0,0
2026-01-14,PLTG,B-120,2559.4056217423677,580
2026-01-14,MGS,B-32,0.0,0
2026-01-14,PLTG,B-047,4779.8557632166785,470
2026-01-15,GS-1,B-050,3965.8546537602383,450
2026-01-15,GS-1,B-061,745.9990320178705,460
2026-01-15,GS-1,B-031,0.0,0
2026-01-15,GS-1,B-074 ,3119.0016753536856,455
2026-01-15,GS-1,B-020,0.0,0
2026-01-15,GS-1,B-023,142.47620997766194,477
2026-01-15,GS-1,B-049 ,56.029970215934476,500
2026-01-15,GS-1,B-057,0.0,0
2026-01-15,GS-1,B-078,106.72375279225615,435
2026-01-15,GS-1,B-079,135.00554728220402,436
2026-01-15,GS-1,B-106,2566.7062546537604,421
2026-01-15,GS-1,B-108,0.0,0
2026-01-15,GS-1,B-045 ,0.0,0
2026-01-15,GS-1,B-067 ,917.8242740134028,480
2026-01-15,GS-1,B-052,0.0,0
2026-01-15,GS-1,B-066,1937.036113179449,500
2026-01-15,GS-1,B-069,0.0,0
2026-01-15,GS-1,B-205,0.0,0
2026-01-15,GS-1,B-077 ,112.05994043186895,500
2026-01-15,GS-2,B-092,267.8766195085629,570
2026-01-15,GS-2,B-115,0.0,0
2026-01-15,GS-2,B-116,1515.4772896500372,549
2026-01-15,GS-2,B-091,1797.7616157855548,534
2026-01-15,GS-2,B-090,0.0,0
2026-01-15,GS-2,B-075,0.0,0
2026-01-15,GS-2,B-038,0.0,0
2026-01-15,GS-2,B-046,0.0,0
2026-01-15,GS-2,B-073,0.0,0
2026-01-15,GS-2,B-076,0.0,0
2026-01-15,GS-2,B-130,845.7857408786299,578
2026-01-15,GS-2,B-137,390.6089352196575,550
2026-01-15,GS-2,BN-14,0.0,0
2026-01-15,GS-3,B-053,2705.4471332836933,510
2026-01-15,GS-3,B-059,0.0,0
2026-01-15,GS-3,B-062,2726.2582650781833,485
2026-01-15,GS-3,B-063,0.0,0
2026-01-15,GS-3,B-065,1822.3080789277737,320
2026-01-15,GS-3,B-101,0.0,0
2026-01-15,GS-3,B-107,0.0,0
2026-01-15,GS-3,B-110,0.0,0
2026-01-15,GS-3,B-129,0.0,0
2026-01-15,PLTG,B-133,1072.5737155621741,585
2026-01-15,GS-4,BN- 33,104.05565897244973,483
2026-01-15,GS-4,BN-37,0.0,0
2026-01-15,GS-4,BN-40,80.04281459419211,290
2026-01-15,GS-4,BN-41,104.05565897244973,570
2026-01-15,GS-4,BN-42,560.2997021593447,560
2026-01-15,GS-4,BN-43,136.0727848101266,535
2026-01-15,GS-4,BN-45,0.0,0
2026-01-15,GS-4,BN-46,169.15714817572598,410
2026-01-15,GS-4,BN-49,346.8521965748325,540
2026-01-15,GS-4,B-226,0.0,0
2026-01-15,PLTG,B-120,2574.7105361131794,580
2026-01-15,MGS,B-32,0.0,0
2026-01-15,PLTG,B-047,4808.438682055101,470
2026-01-16,GS-1,B-050,4007.2895755770664,450
2026-01-16,GS-1,B-061,753.7931682799702,460
2026-01-16,GS-1,B-031,0.0,0
2026-01-16,GS-1,B-074 ,3151.588747207744,455
2026-01-16,GS-1,B-020,0.0,0
2026-01-16,GS-1,B-023,143.96478965003723,477
2026-01-16,GS-1,B-049 ,56.615366716306774,500
2026-01-16,GS-1,B-057,0.0,0
2026-01-16,GS-1,B-078,107.83879374534624,435
2026-01-16,GS-1,B-079,136.416074087863,436
2026-01-16,GS-1,B-106,2593.522989575577,421
2026-01-16,GS-1,B-108,0.0,0
2026-01-16,GS-1,B-045 ,0.0,0
2026-01-16,GS-1,B-067 ,927.4136262099777,480
2026-01-16,GS-1,B-052,0.0,0
2026-01-16,GS-1,B-066,1957.2741064780344,500
2026-01-16,GS-1,B-069,0.0,0
2026-01-16,GS-1,B-205,0.0,0
2026-01-16,GS-1,B-077 ,113.23073343261355,500
2026-01-16,GS-2,B-092,270.67537230081905,570
2026-01-16,GS-2,B-115,0.0,0
2026-01-16,GS-2,B-116,1531.3108711839166,549
2026-01-16,GS-2,B-091,1816.5444806403575,534
2026-01-16,GS-2,B-090,0.0,0
2026-01-16,GS-2,B-075,0.0,0
2026-01-16,GS-2,B-038,0.0,0
2026-01-16,GS-2,B-046,0.0,0
2026-01-16,GS-2,B-073,0.0,0
2026-01-16,GS-2,B-076,0.0,0
2026-01-16,GS-2,B-130,854.622440431869,578
2026-01-16,GS-2,B-137,394.68998510796723,550
2026-01-16,GS-2,BN-14,0.0,0
2026-01-16,GS-3,B-053,2733.7134214445273,510
2026-01-16,GS-3,B-059,0.0,0
2026-01-16,GS-3,B-062,2754.74198622487,485
2026-01-16,GS-3,B-063,0.0,0
2026-01-16,GS-3,B-065,1841.347403201787,320
2026-01-16,GS-3,B-101,0.0,0
2026-01-16,GS-3,B-107,0.0,0
2026-01-16,GS-3,B-110,0.0,0
2026-01-16,GS-3,B-129,0.0,0
2026-01-16,PLTG,B-133,1083.7798771407297,585
2026-01-16,GS-4,BN- 33,105.14282390171259,483
2026-01-16,GS-4,BN-37,0.0,0
2026-01-16,GS-4,BN-40,80.87909530900968,290
2026-01-16,GS-4,BN-41,105.14282390171259,570
2026-01-16,GS-4,BN-42,566.1536671630678,560
2026-01-16,GS-4,BN-43,137.49446202531647,535
2026-01-16,GS-4,BN-45,0.0,0
2026-01-16,GS-4,BN-46,170.9244880863738,410
2026-01-16,GS-4,BN-49,350.4760796723753,540
2026-01-16,GS-4,B-226,0.0,0
2026-01-16,PLTG,B-120,2601.610899106478,580
2026-01-16,MGS,B-32,0.0,0
2026-01-16,PLTG,B-047,4858.676852196575,470
2026-01-17,GS-1,B-050,4012.3207942411977,450
2026-01-17,GS-1,B-061,754.7395681309465,460
2026-01-17,GS-1,B-031,0.0,0
2026-01-17,GS-1,B-074 ,3155.5456192599304,455
2026-01-17,GS-1,B-020,0.0,0
2026-01-17,GS-1,B-023,144.1455398361679,477
2026-01-17,GS-1,B-049 ,56.68644825017839,500
2026-01-17,GS-1,B-057,0.0,0
2026-01-17,GS-1,B-078,107.97418714319693,435
2026-01-17,GS-1,B-079,136.58734673614413,436
2026-01-17,GS-1,B-106,2596.779200793886,421
2026-01-17,GS-1,B-108,0.0,0
2026-01-17,GS-1,B-045 ,0.0,0
2026-01-17,GS-1,B-067 ,928.5780094314936,480
2026-01-17,GS-1,B-052,0.0,0
2026-01-17,GS-1,B-066,1959.7314966490244,500
2026-01-17,GS-1,B-069,0.0,0
2026-01-17,GS-1,B-205,0.0,0
2026-01-17,GS-1,B-077 ,113.37289650035677,500
2026-01-17,GS-2,B-092,271.01520972942427,570
2026-01-17,GS-2,B-115,0.0,0
2026-01-17,GS-2,B-116,1533.2334574333963,549
2026-01-17,GS-2,B-091,1818.8251824271524,534
2026-01-17,GS-2,B-090,0.0,0
2026-01-17,GS-2,B-075,0.0,0
2026-01-17,GS-2,B-038,0.0,0
2026-01-17,GS-2,B-046,0.0,0
2026-01-17,GS-2,B-073,0.0,0
2026-01-17,GS-2,B-076,0.0,0
2026-01-17,GS-2,B-130,855.6954331098357,578
2026-01-17,GS-2,B-137,395.1855249441008,550
2026-01-17,GS-2,BN-14,0.0,0
2026-01-17,GS-3,B-053,2737.145644080042,510
2026-01-17,GS-3,B-059,0.0,0
2026-01-17,GS-3,B-062,2758.2006105729656,485
2026-01-17,GS-3,B-063,0.0,0
2026-01-17,GS-3,B-065,1843.6592454700876,320
2026-01-17,GS-3,B-101,0.0,0
2026-01-17,GS-3,B-107,0.0,0
2026-01-17,GS-3,B-110,0.0,0
2026-01-17,GS-3,B-129,0.0,0
2026-01-17,PLTG,B-133,1085.1405807891292,585
2026-01-17,GS-4,BN- 33,105.274832464617,483
2026-01-17,GS-4,BN-37,0.0,0
2026-01-17,GS-4,BN-40,80.9806403573977,290
2026-01-17,GS-4,BN-41,105.274832464617,570
2026-01-17,GS-4,BN-42,566.8644825017839,560
2026-01-17,GS-4,BN-43,137.6670886075761,535
2026-01-17,GS-4,BN-45,0.0,0
2026-01-17,GS-4,BN-46,171.13908662196712,410
2026-01-17,GS-4,BN-49,350.91610821539,540
2026-01-17,GS-4,B-226,0.0,0
2026-01-17,PLTG,B-120,2604.877264829626,580
2026-01-17,MGS,B-32,0.0,0
2026-01-17,PLTG,B-047,4864.7770017367375,470
2026-01-18,GS-1,B-050,4305.242864233751,450
2026-01-18,GS-1,B-061,809.8398175724952,460
2026-01-18,GS-1,B-031,0.0,0
2026-01-18,GS-1,B-074 ,3385.9182644572493,455
2026-01-18,GS-1,B-020,0.0,0
2026-01-18,GS-1,B-023,154.6689780342319,477
2026-01-18,GS-1,B-049 ,60.824879002226034,500
2026-01-18,GS-1,B-057,0.0,0
2026-01-18,GS-1,B-078,115.85691238519244,435
2026-01-18,GS-1,B-079,146.55899416726845,436
2026-01-18,GS-1,B-106,2786.3587428638784,421
2026-01-18,GS-1,B-108,0.0,0
2026-01-18,GS-1,B-045 ,0.0,0
2026-01-18,GS-1,B-067 ,996.369446512655,480
2026-01-18,GS-1,B-052,0.0,0
2026-01-18,GS-1,B-066,2102.8029597912428,500
2026-01-18,GS-1,B-069,0.0,0
2026-01-18,GS-1,B-205,0.0,0
2026-01-18,GS-1,B-077 ,121.64975800445207,500
2026-01-18,GS-2,B-092,290.80085008683307,570
2026-01-18,GS-2,B-115,0.0,0
2026-01-18,GS-2,B-116,1645.1681558697328,549
2026-01-18,GS-2,B-091,1951.6096891285667,534
2026-01-18,GS-2,B-090,0.0,0
2026-01-18,GS-2,B-075,0.0,0
2026-01-18,GS-2,B-038,0.0,0
2026-01-18,GS-2,B-046,0.0,0
2026-01-18,GS-2,B-073,0.0,0
2026-01-18,GS-2,B-076,0.0,0
2026-01-18,GS-2,B-130,918.1660306526501,578
2026-01-18,GS-2,B-137,424.03629932980436,550
2026-01-18,GS-2,BN-14,0.0,0
2026-01-18,GS-3,B-053,2936.9727289646285,510
2026-01-18,GS-3,B-059,0.0,0
2026-01-18,GS-3,B-062,2959.564826879741,485
2026-01-18,GS-3,B-063,0.0,0
2026-01-18,GS-3,B-065,1978.256778977161,320
2026-01-18,GS-3,B-101,0.0,0
2026-01-18,GS-3,B-107,0.0,0
2026-01-18,GS-3,B-110,0.0,0
2026-01-18,GS-3,B-129,0.0,0
2026-01-18,PLTG,B-133,1164.361969471184,585
2026-01-18,GS-4,BN- 33,112.96048957556263,483
2026-01-18,GS-4,BN-37,0.0,0
2026-01-18,GS-4,BN-40,86.89268428889433,290
2026-01-18,GS-4,BN-41,112.96048957556263,570
2026-01-18,GS-4,BN-42,608.2487900222603,560
2026-01-18,GS-4,BN-43,147.71756329112037,535
2026-01-18,GS-4,BN-45,0.0,0
2026-01-18,GS-4,BN-46,183.63320613053003,410
2026-01-18,GS-4,BN-49,376.53496525187546,540
2026-01-18,GS-4,B-226,0.0,0
2026-01-18,PLTG,B-120,2795.0480112927676,580
2026-01-18,MGS,B-32,0.0,0
2026-01-18,PLTG,B-047,5219.9331875148455,470
2026-01-19,GS-1,B-050,4261.271581036379,450
2026-01-19,GS-1,B-061,801.5685778106644,460
2026-01-19,GS-1,B-031,0.0,0
2026-01-19,GS-1,B-074 ,3351.336435839294,455
2026-01-19,GS-1,B-020,0.0,0
2026-01-19,GS-1,B-023,153.0892777363715,477
2026-01-19,GS-1,B-049 ,60.203648548011266,500
2026-01-19,GS-1,B-057,0.0,0
2026-01-19,GS-1,B-078,114.67361628192623,435
2026-01-19,GS-1,B-079,145.06212459663666,436
2026-01-19,GS-1,B-106,2757.9004715803258,421
2026-01-19,GS-1,B-108,0.0,0
2026-01-19,GS-1,B-045 ,0.0,0
2026-01-19,GS-1,B-067 ,986.1931000245655,480
2026-01-19,GS-1,B-052,0.0,0
2026-01-19,GS-1,B-066,2081.326135516961,500
2026-01-19,GS-1,B-069,0.0,0
2026-01-19,GS-1,B-205,0.0,0
2026-01-19,GS-1,B-077 ,120.40729709602253,500
2026-01-19,GS-2,B-092,287.8307768676348,570
2026-01-19,GS-2,B-115,0.0,0
2026-01-19,GS-2,B-116,1628.3653512033525,549
2026-01-19,GS-2,B-091,1931.6770662690474,534
2026-01-19,GS-2,B-090,0.0,0
2026-01-19,GS-2,B-075,0.0,0
2026-01-19,GS-2,B-038,0.0,0
2026-01-19,GS-2,B-046,0.0,0
2026-01-19,GS-2,B-073,0.0,0
2026-01-19,GS-2,B-076,0.0,0
2026-01-19,GS-2,B-130,908.7884090342653,578
2026-01-19,GS-2,B-137,419.70543559185,550
2026-01-19,GS-2,BN-14,0.0,0
2026-01-19,GS-3,B-053,2906.97617274683,510
2026-01-19,GS-3,B-059,0.0,0
2026-01-19,GS-3,B-062,2929.3375279218053,485
2026-01-19,GS-3,B-063,0.0,0
2026-01-19,GS-3,B-065,1958.0519980138904,320
2026-01-19,GS-3,B-101,0.0,0
2026-01-19,GS-3,B-107,0.0,0
2026-01-19,GS-3,B-110,0.0,0
2026-01-19,GS-3,B-129,0.0,0
2026-01-19,PLTG,B-133,1152.4698436333586,585
2026-01-19,GS-4,BN- 33,111.80677587487807,483
2026-01-19,GS-4,BN-37,0.0,0
2026-01-19,GS-4,BN-40,86.00521221144467,290
2026-01-19,GS-4,BN-41,111.80677587487807,570
2026-01-19,GS-4,BN-42,602.0364854801127,560
2026-01-19,GS-4,BN-43,146.20886075945594,535
2026-01-19,GS-4,BN-45,0.0,0
2026-01-19,GS-4,BN-46,181.75768180685307,410
2026-01-19,GS-4,BN-49,372.6892529162602,540
2026-01-19,GS-4,B-226,0.0,0
2026-01-19,PLTG,B-120,2766.50099280147,580
2026-01-19,MGS,B-32,0.0,0
2026-01-19,PLTG,B-047,5166.619781582186,470
2026-01-20,GS-1,B-050,4330.7909406789695,450
2026-01-20,GS-1,B-061,814.6455510050054,460
2026-01-20,GS-1,B-031,0.0,0
2026-01-20,GS-1,B-074 ,3406.0109053106266,455
2026-01-20,GS-1,B-020,0.0,0
2026-01-20,GS-1,B-023,155.58681124344523,477
2026-01-20,GS-1,B-049 ,61.185824646298684,500
2026-01-20,GS-1,B-057,0.0,0
2026-01-20,GS-1,B-078,116.54442789771178,435
2026-01-20,GS-1,B-079,147.4287012906054,436
2026-01-20,GS-1,B-106,2802.893490939968,421
2026-01-20,GS-1,B-108,0.0,0
2026-01-20,GS-1,B-045 ,0.0,0
2026-01-20,GS-1,B-067 ,1002.2820799203213,480
2026-01-20,GS-1,B-052,0.0,0
2026-01-20,GS-1,B-066,2115.2813663434686,500
2026-01-20,GS-1,B-069,0.0,0
2026-01-20,GS-1,B-205,0.0,0
2026-01-20,GS-1,B-077 ,122.37164929259737,500
2026-01-20,GS-2,B-092,292.52651402325654,570
2026-01-20,GS-2,B-115,0.0,0
2026-01-20,GS-2,B-116,1654.9308761475072,549
2026-01-20,GS-2,B-091,1963.1908879369548,534
2026-01-20,GS-2,B-090,0.0,0
2026-01-20,GS-2,B-075,0.0,0
2026-01-20,GS-2,B-038,0.0,0
2026-01-20,GS-2,B-046,0.0,0
2026-01-20,GS-2,B-073,0.0,0
2026-01-20,GS-2,B-076,0.0,0
2026-01-20,GS-2,B-130,923.6145910893658,578
2026-01-20,GS-2,B-137,426.5526061056251,550
2026-01-20,GS-2,BN-14,0.0,0
2026-01-20,GS-3,B-053,2954.4012472069935,510
2026-01-20,GS-3,B-059,0.0,0
2026-01-20,GS-3,B-062,2977.1274106470473,485
2026-01-20,GS-3,B-063,0.0,0
2026-01-20,GS-3,B-065,1989.9961063534286,320
2026-01-20,GS-3,B-101,0.0,0
2026-01-20,GS-3,B-107,0.0,0
2026-01-20,GS-3,B-110,0.0,0
2026-01-20,GS-3,B-129,0.0,0
2026-01-20,PLTG,B-133,1171.2715003720034,585
2026-01-20,GS-4,BN- 33,113.63081720026898,483
2026-01-20,GS-4,BN-37,0.0,0
2026-01-20,GS-4,BN-40,87.40832092328384,290
2026-01-20,GS-4,BN-41,113.63081720026898,570
2026-01-20,GS-4,BN-42,611.8582464629868,560
2026-01-20,GS-4,BN-43,148.5941455695825,535
2026-01-20,GS-4,BN-45,0.0,0
2026-01-20,GS-4,BN-46,184.72291821787317,410
2026-01-20,GS-4,BN-49,378.7693906675633,540
2026-01-20,GS-4,B-226,0.0,0
2026-01-20,PLTG,B-120,2811.634323032297,580
2026-01-20,MGS,B-32,0.0,0
2026-01-20,PLTG,B-047,5250.909198931404,470
2026-01-21,GS-1,B-050,4345.423440059568,450
2026-01-21,GS-1,B-061,817.3980044676098,460
2026-01-21,GS-1,B-031,0.0,0
2026-01-21,GS-1,B-074 ,3417.5188384214443,455
2026-01-21,GS-1,B-020,0.0,0
2026-01-21,GS-1,B-023,156.1124944154877,477
2026-01-21,GS-1,B-049 ,61.39255398361876,500
2026-01-21,GS-1,B-057,0.0,0
2026-01-21,GS-1,B-078,116.93819806403573,435
2026-01-21,GS-1,B-079,147.9268205510052,436
2026-01-21,GS-1,B-106,2812.3636634400596,421
2026-01-21,GS-1,B-108,0.0,0
2026-01-21,GS-1,B-045 ,0.0,0
2026-01-21,GS-1,B-067 ,1005.6685033507073,480
2026-01-21,GS-1,B-052,0.0,0
2026-01-21,GS-1,B-066,2122.4282948622485,500
2026-01-21,GS-1,B-069,0.0,0
2026-01-21,GS-1,B-205,0.0,0
2026-01-21,GS-1,B-077 ,122.78510796723752,500
2026-01-21,GS-2,B-092,293.5148771407297,570
2026-01-21,GS-2,B-115,0.0,0
2026-01-21,GS-2,B-116,1660.5224125093075,549
2026-01-21,GS-2,B-091,1969.823946388682,534
2026-01-21,GS-2,B-090,0.0,0
2026-01-21,GS-2,B-075,0.0,0
2026-01-21,GS-2,B-038,0.0,0
2026-01-21,GS-2,B-046,0.0,0
2026-01-21,GS-2,B-073,0.0,0
2026-01-21,GS-2,B-076,0.0,0
2026-01-21,GS-2,B-130,926.7352196574832,578
2026-01-21,GS-2,B-137,427.9938049143708,550
2026-01-21,GS-2,BN-14,0.0,0
2026-01-21,GS-3,B-053,2964.3833209233057,510
2026-01-21,GS-3,B-059,0.0,0
2026-01-21,GS-3,B-062,2987.186269545793,485
2026-01-21,GS-3,B-063,0.0,0
2026-01-21,GS-3,B-065,1996.7197319434101,320
2026-01-21,GS-3,B-101,0.0,0
2026-01-21,GS-3,B-107,0.0,0
2026-01-21,GS-3,B-110,0.0,0
2026-01-21,GS-3,B-129,0.0,0
2026-01-21,PLTG,B-133,1175.2288905435591,585
2026-01-21,GS-4,BN- 33,114.01474311243484,483
2026-01-21,GS-4,BN-37,0.0,0
2026-01-21,GS-4,BN-40,87.7036485480268,290
2026-01-21,GS-4,BN-41,114.01474311243484,570
2026-01-21,GS-4,BN-42,613.9255398361876,560
2026-01-21,GS-4,BN-43,149.09620253164556,535
2026-01-21,GS-4,BN-45,0.0,0
2026-01-21,GS-4,BN-46,185.34704393149664,410
2026-01-21,GS-4,BN-49,380.04914370811616,540
2026-01-21,GS-4,B-226,0.0,0
2026-01-21,PLTG,B-120,2821.134028294862,580
2026-01-21,MGS,B-32,0.0,0
2026-01-21,PLTG,B-047,5268.65051377513,470
2026-01-22,GS-1,B-050,4134.633363118498,450
2026-01-22,GS-1,B-061,777.7472338051211,460
2026-01-22,GS-1,B-031,0.0,0
2026-01-22,GS-1,B-074,3251.740044056461,455
2026-01-22,GS-1,B-020,0.0,0
2026-01-22,GS-1,B-023,148.5397077438965,477
2026-01-22,GS-1,B-049,58.41449180939751,500
2026-01-22,GS-1,B-057,0.0,0
2026-01-22,GS-1,B-078,111.26569868456669,435
2026-01-22,GS-1,B-079,140.75110883597685,436
2026-01-22,GS-1,B-106,2675.9400533638286,421
2026-01-22,GS-1,B-108,0.0,0
2026-01-22,GS-1,B-067,956.8850086872735,480
2026-01-22,GS-1,B-052,0.0,0
2026-01-22,GS-1,B-066,2019.4724311248854,500
2026-01-22,GS-1,B-069,0.0,0
2026-01-22,GS-1,B-077,116.82898361879502,500
2026-01-22,GS-2,B-092,279.2769036982624,570
2026-01-22,GS-2,B-115,0.0,0
2026-01-22,GS-2,B-116,1579.9729213208468,549
2026-01-22,GS-2,B-091,1874.2706943415258,534
2026-01-22,GS-2,B-090,0.0,0
2026-01-22,GS-2,B-075,0.0,0
2026-01-22,GS-2,B-038,0.0,0
2026-01-22,GS-2,B-046,0.0,0
2026-01-22,GS-2,B-073,0.0,0
2026-01-22,GS-2,B-076,0.0,0
2026-01-22,GS-2,B-130,881.780662075191,578
2026-01-22,GS-2,B-137,407.2324571855141,550
2026-01-22,GS-2,BN-014,0.0,0
2026-01-22,GS-3,B-053,2820.5854616537654,510
2026-01-22,GS-3,B-059,0.0,0
2026-01-22,GS-3,B-062,2842.282272897256,485
2026-01-22,GS-3,B-063,0.0,0
2026-01-22,GS-3,B-065,1899.8618050389762,320
2026-01-22,GS-3,B-101,0.0,0
2026-01-22,GS-3,B-107,0.0,0
2026-01-22,GS-3,B-110,0.0,0
2026-01-22,GS-3,B-129,0.0,0
2026-01-22,PLTG,B-133,1118.2202717798953,585
2026-01-22,GS-4,BN-033,108.48405621745252,483
2026-01-22,GS-4,BN-037,0.0,0
2026-01-22,GS-4,BN-040,83.44927401342501,290
2026-01-22,GS-4,BN-041,108.48405621745252,570
2026-01-22,GS-4,BN-042,584.1449180939751,560
2026-01-22,GS-4,BN-043,141.86376582282253,535
2026-01-22,GS-4,BN-046,176.3561324150382,410
2026-01-22,GS-4,BN-049,361.6135207248417,540
2026-01-22,GS-4,B-226,0.0,0
2026-01-22,PLTG,B-120,2684.2849807651714,580
2026-01-22,MGS,B-32,0.0,0
2026-01-22,PLTG,B-047,5013.076054233152,470
2026-01-23,GS-1,B-050,4332.584839910648,450
2026-01-23,GS-1,B-061,814.9829932985853,460
2026-01-23,GS-1,B-031,0.0,0
2026-01-23,GS-1,B-074,3407.4217423678333,455
2026-01-23,GS-1,B-020,0.0,0
2026-01-23,GS-1,B-023,155.65125837676842,477
2026-01-23,GS-1,B-049,61.21116902457185,500
2026-01-23,GS-1,B-057,0.0,0
2026-01-23,GS-1,B-078,116.59270290394639,435
2026-01-23,GS-1,B-079,147.4897691734922,436
2026-01-23,GS-1,B-106,2804.054504839911,421
2026-01-23,GS-1,B-108,0.0,0
2026-01-23,GS-1,B-067,1002.697244973939,480
2026-01-23,GS-1,B-052,0.0,0
2026-01-23,GS-1,B-066,2116.157557706627,500
2026-01-23,GS-1,B-069,0.0,0
2026-01-23,GS-1,B-077,122.4223380491437,500
2026-01-23,GS-2,B-092,292.64768428890545,570
2026-01-23,GS-2,B-115,0.0,0
2026-01-23,GS-2,B-116,1655.6163812360387,549
2026-01-23,GS-2,B-091,1964.0040804169769,534
2026-01-23,GS-2,B-090,0.0,0
2026-01-23,GS-2,B-075,0.0,0
2026-01-23,GS-2,B-038,0.0,0
2026-01-23,GS-2,B-046,0.0,0
2026-01-23,GS-2,B-073,0.0,0
2026-01-23,GS-2,B-076,0.0,0
2026-01-23,GS-2,B-130,923.9971705137751,578
2026-01-23,GS-2,B-137,426.7292926284438,550
2026-01-23,GS-2,BN-014,0.0,0
2026-01-23,GS-3,B-053,2955.625018615041,510
2026-01-23,GS-3,B-059,0.0,0
2026-01-23,GS-3,B-062,2978.3605956813103,485
2026-01-23,GS-3,B-063,0.0,0
2026-01-23,GS-3,B-065,1990.8204020848846,320
2026-01-23,GS-3,B-101,0.0,0
2026-01-23,GS-3,B-107,0.0,0
2026-01-23,GS-3,B-110,0.0,0
2026-01-23,GS-3,B-129,0.0,0
2026-01-23,PLTG,B-133,1171.7566641846613,585
2026-01-23,GS-4,BN-033,113.67788533134772,483
2026-01-23,GS-4,BN-037,0.0,0
2026-01-23,GS-4,BN-040,87.44452717795978,290
2026-01-23,GS-4,BN-041,113.67788533134772,570
2026-01-23,GS-4,BN-042,612.1116902457186,560
2026-01-23,GS-4,BN-043,148.65569620253166,535
2026-01-23,GS-4,BN-046,184.79943410275501,410
2026-01-23,GS-4,BN-049,378.92628443782576,540
2026-01-23,GS-4,B-226,0.0,0
2026-01-23,PLTG,B-120,2812.7989575577067,580
2026-01-23,MGS,B-32,0.0,0
2026-01-23,PLTG,B-047,5253.084229337304,470
2026-01-24,GS-1,B-050,4264.5573378940235,450
2026-01-24,GS-1,B-061,802.1866467136497,460
2026-01-24,GS-1,B-031,0.0,0
2026-01-24,GS-1,B-074,3353.9205651225193,455
2026-01-24,GS-1,B-020,0.0,0
2026-01-24,GS-1,B-023,153.207320938873,477
2026-01-24,GS-1,B-049,60.25007003214107,500
2026-01-24,GS-1,B-057,0.0,0
2026-01-24,GS-1,B-078,114.76203815645918,435
2026-01-24,GS-1,B-079,145.17397826792086,436
2026-01-24,GS-1,B-106,2760.0270176628433,421
2026-01-24,GS-1,B-108,0.0,0
2026-01-24,GS-1,B-067,986.953528145549,480
2026-01-24,GS-1,B-052,0.0,0
2026-01-24,GS-1,B-066,2082.9309925397342,500
2026-01-24,GS-1,B-069,0.0,0
2026-01-24,GS-1,B-077,120.50014006428214,500
2026-01-24,GS-2,B-092,288.05271577271253,570
2026-01-24,GS-2,B-115,0.0,0
2026-01-24,GS-2,B-116,1629.6209418217204,549
2026-01-24,GS-2,B-091,1933.1665327455548,534
2026-01-24,GS-2,B-090,0.0,0
2026-01-24,GS-2,B-075,0.0,0
2026-01-24,GS-2,B-038,0.0,0
2026-01-24,GS-2,B-046,0.0,0
2026-01-24,GS-2,B-073,0.0,0
2026-01-24,GS-2,B-076,0.0,0
2026-01-24,GS-2,B-130,909.489152389939,578
2026-01-24,GS-2,B-137,420.02905965264057,550
2026-01-24,GS-2,BN-014,0.0,0
2026-01-24,GS-3,B-053,2909.2176672662404,510
2026-01-24,GS-3,B-059,0.0,0
2026-01-24,GS-3,B-062,2931.59626470675,485
2026-01-24,GS-3,B-063,0.0,0
2026-01-24,GS-3,B-065,1959.5618015215405,290
2026-01-24,GS-3,B-101,0.0,0
2026-01-24,GS-3,B-107,0.0,0
2026-01-24,GS-3,B-110,0.0,0
2026-01-24,GS-3,B-129,0.0,0
2026-01-24,PLTG,B-133,1153.3584834724147,585
2026-01-24,GS-4,BN-033,111.8929872025477,483
2026-01-24,GS-4,BN-037,0.0,0
2026-01-24,GS-4,BN-040,86.07152861734438,290
2026-01-24,GS-4,BN-041,111.8929872025477,570
2026-01-24,GS-4,BN-042,602.5007003214107,560
2026-01-24,GS-4,BN-043,146.32159864948545,535
2026-01-24,GS-4,BN-046,181.8978304779878,410
2026-01-24,GS-4,BN-049,372.9766240084923,540
2026-01-24,GS-4,B-226,0.0,0
2026-01-24,PLTG,B-120,2768.6341705245777,580
2026-01-24,MGS,B-32,0.0,0
2026-01-24,PLTG,B-047,5170.603629139268,470
2026-01-25,GS-1,B-050,4246.253830882068,450
2026-01-25,GS-1,B-061,798.7436565625849,460
2026-01-25,GS-1,B-031,0.0,0
2026-01-25,GS-1,B-074 ,3339.5255168872022,455
2026-01-25,GS-1,B-020,0.0,0
2026-01-25,GS-1,B-023,152.54975415036492,477
2026-01-25,GS-1,B-049 ,59.99147635126711,500
2026-01-25,GS-1,B-057,0.0,0
2026-01-25,GS-1,B-078,114.2694787643183,435
2026-01-25,GS-1,B-079,144.55089063686265,436
2026-01-25,GS-1,B-106,2748.1809642818553,421
2026-01-25,GS-1,B-108,0.0,0
2026-01-25,GS-1,B-045 ,0.0,0
2026-01-25,GS-1,B-067 ,982.7175173731374,480
2026-01-25,GS-1,B-052,0.0,0
2026-01-25,GS-1,B-066,2073.9910395723773,500
2026-01-25,GS-1,B-069,0.0,0
2026-01-25,GS-1,B-205,0.0,0
2026-01-25,GS-1,B-077 ,119.98295270253422,500
2026-01-25,GS-2,B-092,286.8163916984389,570
2026-01-25,GS-2,B-115,0.0,0
2026-01-25,GS-2,B-116,1622.62659845332,549
2026-01-25,GS-2,B-091,1924.8693697849417,534
2026-01-25,GS-2,B-090,0.0,0
2026-01-25,GS-2,B-075,0.0,0
2026-01-25,GS-2,B-038,0.0,0
2026-01-25,GS-2,B-046,0.0,0
2026-01-25,GS-2,B-073,0.0,0
2026-01-25,GS-2,B-076,0.0,0
2026-01-25,GS-2,B-130,905.5856192072225,578
2026-01-25,GS-2,B-137,418.226292277405,550
2026-01-25,GS-2,BN-14,0.0,0
2026-01-25,GS-3,B-053,2896.7312866754687,510
2026-01-25,GS-3,B-059,0.0,0
2026-01-25,GS-3,B-062,2919.013835034511,485
2026-01-25,GS-3,B-063,0.0,0
2026-01-25,GS-3,B-065,1951.1513499007349,290
2026-01-25,GS-3,B-101,0.0,0
2026-01-25,GS-3,B-107,0.0,0
2026-01-25,GS-3,B-110,0.0,0
2026-01-25,GS-3,B-129,0.0,0
2026-01-25,GS-3,B-134,386.23083822339584,286
2026-01-25,PLTG,B-133,1148.4082615813988,585
2026-01-25,GS-4,BN- 33,111.41274179521034,483
2026-01-25,GS-4,BN-37,0.0,0
2026-01-25,GS-4,BN-40,85.70210907323873,290
2026-01-25,GS-4,BN-41,111.41274179521034,570
2026-01-25,GS-4,BN-42,599.9147635126711,560
2026-01-25,GS-4,BN-43,145.69358542450584,535
2026-01-25,GS-4,BN-45,0.0,0
2026-01-25,GS-4,BN-46,181.1171238414445,410
2026-01-25,GS-4,BN-49,371.37580598403446,540
2026-01-25,GS-4,B-226,0.0,0
2026-01-25,PLTG,B-120,2756.751175189179,580
2026-01-25,MGS,B-32,0.0,0
2026-01-25,PLTG,B-047,5148.411365726361,470
2026-01-26,GS-1,B-050,3994.285125386465,450
2026-01-26,GS-1,B-061,751.3469598076263,460
2026-01-26,GS-1,B-031,0.0,0
2026-01-26,GS-1,B-074,3141.3612160769494,455
2026-01-26,GS-1,B-020,0.0,0
2026-01-26,GS-1,B-023,143.49759532806596,477
2026-01-26,GS-1,B-049,56.43163861216077,500
2026-01-26,GS-1,B-057,0.0,0
2026-01-26,GS-1,B-078,107.4888354517348,435
2026-01-26,GS-1,B-079,135.97337684644452,436
2026-01-26,GS-1,B-106,2585.106492614222,421
2026-01-26,GS-1,B-108,0.0,0
2026-01-26,GS-1,B-045,0.0,0
2026-01-26,GS-1,B-067,924.4039848849193,480
2026-01-26,GS-1,B-052,0.0,0
2026-01-26,GS-1,B-066,1950.9223634489865,500
2026-01-26,GS-1,B-069,0.0,0
2026-01-26,GS-1,B-205,0.0,0
2026-01-26,GS-1,B-077,112.86327722432154,500
2026-01-26,GS-2,B-092,269.79697698385434,570
2026-01-26,GS-2,B-115,0.0,0
2026-01-26,GS-2,B-116,1526.341463414634,549
2026-01-26,GS-2,B-091,1810.6494331844726,534
2026-01-26,GS-2,B-090,0.0,0
2026-01-26,GS-2,B-075,0.0,0
2026-01-26,GS-2,B-038,0.0,0
2026-01-26,GS-2,B-46,0.0,0
2026-01-26,GS-2,B-073,0.0,0
2026-01-26,GS-2,B-076,0.0,0
2026-01-26,GS-2,B-130,851.8490209549983,578
2026-01-26,GS-2,B-137,393.40913775334934,550
2026-01-26,GS-2,BN-14,0.0,0
2026-01-26,GS-3,B-053,2724.8419787014773,510
2026-01-26,GS-3,B-059,0.0,0
2026-01-26,GS-3,B-062,2745.8023016145653,485
2026-01-26,GS-3,B-063,0.0,0
2026-01-26,GS-3,B-065,1835.3718653383717,287
2026-01-26,GS-3,B-101,0.0,0
2026-01-26,GS-3,B-107,0.0,0
2026-01-26,GS-3,B-110,0.0,0
2026-01-26,GS-3,B-129,0.0,0
2026-01-26,GS-3,B-134,3023.123497080041,289
2026-01-26,GS-4,BN-033,104.80161456544143,483
2026-01-26,GS-4,BN-037,0.0,0
2026-01-26,GS-4,BN-040,80.6166265888011,290
2026-01-26,GS-4,BN-041,104.80161456544143,570
2026-01-26,GS-4,BN-042,564.3163861216077,560
2026-01-26,GS-4,BN-043,137.04826520096188,535
2026-01-26,GS-4,BN-045,0.0,0
2026-01-26,GS-4,BN-046,170.36980419099964,410
2026-01-26,GS-4,BN-049,349.3387152181381,540
2026-01-26,GS-4,B-226,0.0,0
2026-01-26,PLTG,B-120,2593.168155273102,580
2026-01-26,PLTG,B-047,4842.909481277911,470
2026-01-26,PLTG,B-133,1080.2627962899348,585
2026-01-26,MGS,B-32,0.0,0
2026-01-27,GS-1,B-050,3907.3188961400597,450
2026-01-27,GS-1,B-061,734.9881346614375,460
2026-01-27,GS-1,B-031,0.0,0
2026-01-27,GS-1,B-074,3072.9654128012176,455
2026-01-27,GS-1,B-020,0.0,0
2026-01-27,GS-1,B-023,140.37327035379386,477
2026-01-27,GS-1,B-049,55.20297148744702,500
2026-01-27,GS-1,B-057,0.0,0
2026-01-27,GS-1,B-078,105.1485171189467,435
2026-01-27,GS-1,B-079,133.01287415546759,436
2026-01-27,GS-1,B-106,2528.8218367106683,421
2026-01-27,GS-1,B-108,0.0,0
2026-01-27,GS-1,B-045,0.0,0
2026-01-27,GS-1,B-067,904.2772472229417,480
2026-01-27,GS-1,B-052,0.0,0
2026-01-27,GS-1,B-066,1908.4455857088826,500
2026-01-27,GS-1,B-069,0.0,0
2026-01-27,GS-1,B-205,0.0,0
2026-01-27,GS-1,B-077,110.40594297489405,500
2026-01-27,GS-2,B-092,263.9227779685562,570
2026-01-27,GS-2,B-115,0.0,0
2026-01-27,GS-2,B-116,1493.1089430890431,549
2026-01-27,GS-2,B-091,1771.2267708686572,534
2026-01-27,GS-2,B-090,0.0,0
2026-01-27,GS-2,B-075,0.0,0
2026-01-27,GS-2,B-038,0.0,0
2026-01-27,GS-2,B-46,0.0,0
2026-01-27,GS-2,B-073,0.0,0
2026-01-27,GS-2,B-076,0.0,0
2026-01-27,GS-2,B-130,833.3019981676526,578
2026-01-27,GS-2,B-137,384.84357265534493,550
2026-01-27,GS-2,BN-14,0.0,0
2026-01-27,GS-3,B-053,2665.514908965299,510
2026-01-27,GS-3,B-059,0.0,0
2026-01-27,GS-3,B-062,2686.0188698034935,485
2026-01-27,GS-3,B-063,0.0,0
2026-01-27,GS-3,B-065,1795.410929806015,287
2026-01-27,GS-3,B-101,0.0,0
2026-01-27,GS-3,B-107,0.0,0
2026-01-27,GS-3,B-110,0.0,0
2026-01-27,GS-3,B-129,0.0,0
2026-01-27,GS-3,B-134,2957.302043970376,289
2026-01-27,GS-4,BN-033,102.51980419097303,483
2026-01-27,GS-4,BN-037,0.0,0
2026-01-27,GS-4,BN-040,78.86138783921002,290
2026-01-27,GS-4,BN-041,102.51980419097303,570
2026-01-27,GS-4,BN-042,552.0297148744702,560
2026-01-27,GS-4,BN-043,134.06435932665704,535
2026-01-27,GS-4,BN-045,0.0,0
2026-01-27,GS-4,BN-046,166.66039963353052,410
2026-01-27,GS-4,BN-049,341.7326806365768,540
2026-01-27,GS-4,B-226,0.0,0
2026-01-27,PLTG,B-120,2536.7079754945894,580
2026-01-27,PLTG,B-047,4737.466438794144,470
2026-01-27,PLTG,B-133,1056.7425970454144,585
2026-01-27,MGS,B-32,0.0,0
2026-01-28,GS-1,B-050,3940.721621435933,450
2026-01-28,GS-1,B-061,741.2713706630024,460
2026-01-28,GS-1,B-031,0.0,0
2026-01-28,GS-1,B-074,3099.235451734799,455
2026-01-28,GS-1,B-020,0.0,0
2026-01-28,GS-1,B-023,141.5732875300584,477
2026-01-28,GS-1,B-049,55.67488835451735,500
2026-01-28,GS-1,B-057,0.0,0
2026-01-28,GS-1,B-078,106.04740638955685,435
2026-01-28,GS-1,B-079,134.14996908278943,436
2026-01-28,GS-1,B-106,2550.4401236688423,421
2026-01-28,GS-1,B-108,0.0,0
2026-01-28,GS-1,B-045,0.0,0
2026-01-28,GS-1,B-067,912.0076949501889,480
2026-01-28,GS-1,B-052,0.0,0
2026-01-28,GS-1,B-066,1924.760425970457,500
2026-01-28,GS-1,B-069,0.0,0
2026-01-28,GS-1,B-205,0.0,0
2026-01-28,GS-1,B-077,111.3497767090347,500
2026-01-28,GS-2,B-092,266.1789900377877,570
2026-01-28,GS-2,B-115,0.0,0
2026-01-28,GS-2,B-116,1505.8731707317072,549
2026-01-28,GS-2,B-091,1786.3685606320853,534
2026-01-28,GS-2,B-090,0.0,0
2026-01-28,GS-2,B-075,0.0,0
2026-01-28,GS-2,B-038,0.0,0
2026-01-28,GS-2,B-46,0.0,0
2026-01-28,GS-2,B-073,0.0,0
2026-01-28,GS-2,B-076,0.0,0
2026-01-28,GS-2,B-130,840.425695637238,578
2026-01-28,GS-2,B-137,388.1335073857781,550
2026-01-28,GS-2,BN-14,0.0,0
2026-01-28,GS-3,B-053,2688.301751975266,510
2026-01-28,GS-3,B-059,0.0,0
2026-01-28,GS-3,B-062,2708.98099622123,485
2026-01-28,GS-3,B-063,0.0,0
2026-01-28,GS-3,B-065,1810.7594641016833,287
2026-01-28,GS-3,B-101,0.0,0
2026-01-28,GS-3,B-107,0.0,0
2026-01-28,GS-3,B-110,0.0,0
2026-01-28,GS-3,B-129,0.0,0
2026-01-28,GS-3,B-134,2982.5833047062865,289
2026-01-28,GS-4,BN-033,103.39622122981793,483
2026-01-28,GS-4,BN-037,0.0,0
2026-01-28,GS-4,BN-040,79.53555479216764,290
2026-01-28,GS-4,BN-041,103.39622122981793,570
2026-01-28,GS-4,BN-042,556.7488835451735,560
2026-01-28,GS-4,BN-043,135.21044314668498,535
2026-01-28,GS-4,BN-045,0.0,0
2026-01-28,GS-4,BN-046,168.0851391274476,410
2026-01-28,GS-4,BN-049,344.65407076605976,540
2026-01-28,GS-4,B-226,0.0,0
2026-01-28,PLTG,B-120,2558.393679148059,580
2026-01-28,PLTG,B-047,4777.965894881484,470
2026-01-28,PLTG,B-133,1065.7764342150463,585
2026-01-28,MGS,B-32,0.0,0
2026-01-29,GS-1,B-050,4256.501105440995,450
2026-01-29,GS-1,B-061,800.67122516234,460
2026-01-29,GS-1,B-031,0.0,0
2026-01-29,GS-1,B-074,3347.58462880821,455
2026-01-29,GS-1,B-020,0.0,0
2026-01-29,GS-1,B-023,152.91789493443832,477
2026-01-29,GS-1,B-049,60.13625081691395,500
2026-01-29,GS-1,B-057,0.0,0
2026-01-29,GS-1,B-078,114.54523965126467,435
2026-01-29,GS-1,B-079,144.8997281588498,436
2026-01-29,GS-1,B-106,2754.8130136129153,421
2026-01-29,GS-1,B-108,0.0,0
2026-01-29,GS-1,B-045,0.0,0
2026-01-29,GS-1,B-067,985.0890610008761,480
2026-01-29,GS-1,B-052,0.0,0
2026-01-29,GS-1,B-066,2078.9960996704535,500
2026-01-29,GS-1,B-069,0.0,0
2026-01-29,GS-1,B-205,0.0,0
2026-01-29,GS-1,B-077,120.2725016338279,500
2026-01-29,GS-2,B-092,287.5085515246743,570
2026-01-29,GS-2,B-115,0.0,0
2026-01-29,GS-2,B-116,1626.5424030479583,549
2026-01-29,GS-2,B-091,1929.5145619255532,534
2026-01-29,GS-2,B-090,0.0,0
2026-01-29,GS-2,B-075,0.0,0
2026-01-29,GS-2,B-038,0.0,0
2026-01-29,GS-2,B-46,0.0,0
2026-01-29,GS-2,B-073,0.0,0
2026-01-29,GS-2,B-076,0.0,0
2026-01-29,GS-2,B-130,907.7710242362724,578
2026-01-29,GS-2,B-137,419.2355771236287,550
2026-01-29,GS-2,BN-14,0.0,0
2026-01-29,GS-3,B-053,2903.721825159559,510
2026-01-29,GS-3,B-059,0.0,0
2026-01-29,GS-3,B-062,2926.0581468915557,485
2026-01-29,GS-3,B-063,0.0,0
2026-01-29,GS-3,B-065,1955.859967045344,287
2026-01-29,GS-3,B-101,0.0,0
2026-01-29,GS-3,B-107,0.0,0
2026-01-29,GS-3,B-110,0.0,0
2026-01-29,GS-3,B-129,0.0,0
2026-01-29,GS-3,B-134,2730.1857870878935,285
2026-01-29,GS-4,BN-033,111.68160865998304,483
2026-01-29,GS-4,BN-037,0.0,0
2026-01-29,GS-4,BN-040,85.90892973844849,290
2026-01-29,GS-4,BN-041,111.68160865998304,570
2026-01-29,GS-4,BN-042,601.3625081691395,560
2026-01-29,GS-4,BN-043,146.04518055536244,535
2026-01-29,GS-4,BN-045,0.0,0
2026-01-29,GS-4,BN-046,181.55420484725448,410
2026-01-29,GS-4,BN-049,372.2720288666101,540
2026-01-29,GS-4,B-226,0.0,0
2026-01-29,PLTG,B-120,2763.40390658676,580
2026-01-29,PLTG,B-047,5160.83577248773,470
2026-01-29,PLTG,B-133,1151.1796584952099,585
2026-01-29,MGS,B-32,0.0,0
2026-01-30,GS-1,B-050,4152.122034194776,450
2026-01-30,GS-1,B-061,781.0369488434199,460
2026-01-30,GS-1,B-031,0.0,0
2026-01-30,GS-1,B-074,3265.49425321158,455
2026-01-30,GS-1,B-020,0.0,0
2026-01-30,GS-1,B-023,149.1680009593656,477
2026-01-30,GS-1,B-049,58.66157341098647,500
2026-01-30,GS-1,B-057,0.0,0
2026-01-30,GS-1,B-078,111.7363303066409,435
2026-01-30,GS-1,B-079,141.34645783790074,436
2026-01-30,GS-1,B-106,2687.2587438747137,421
2026-01-30,GS-1,B-108,0.0,0
2026-01-30,GS-1,B-045,0.0,0
2026-01-30,GS-1,B-067,960.9324406371117,480
2026-01-30,GS-1,B-052,0.0,0
2026-01-30,GS-1,B-066,2028.0143950655322,500
2026-01-30,GS-1,B-069,0.0,0
2026-01-30,GS-1,B-205,0.0,0
2026-01-30,GS-1,B-077,117.32314682197294,500
2026-01-30,GS-2,B-092,280.45818906966866,570
2026-01-30,GS-2,B-115,0.0,0
2026-01-30,GS-2,B-116,1586.6558903543007,549
2026-01-30,GS-2,B-091,1882.198484015366,534
2026-01-30,GS-2,B-090,0.0,0
2026-01-30,GS-2,B-075,0.0,0
2026-01-30,GS-2,B-038,0.0,0
2026-01-30,GS-2,B-46,0.0,0
2026-01-30,GS-2,B-073,0.0,0
2026-01-30,GS-2,B-076,0.0,0
2026-01-30,GS-2,B-130,885.5104176801291,578
2026-01-30,GS-2,B-137,408.9549689223057,550
2026-01-30,GS-2,BN-14,0.0,0
2026-01-30,GS-3,B-053,2832.515973273347,510
2026-01-30,GS-3,B-059,0.0,0
2026-01-30,GS-3,B-062,2854.304557683142,485
2026-01-30,GS-3,B-063,0.0,0
2026-01-30,GS-3,B-065,1907.8978399858934,287
2026-01-30,GS-3,B-101,0.0,0
2026-01-30,GS-3,B-107,0.0,0
2026-01-30,GS-3,B-110,0.0,0
2026-01-30,GS-3,B-129,0.0,0
2026-01-30,GS-3,B-134,2663.2354328587858,285
2026-01-30,GS-4,BN-033,108.94292204897488,483
2026-01-30,GS-4,BN-037,0.0,0
2026-01-30,GS-4,BN-040,83.80224772998068,290
2026-01-30,GS-4,BN-041,108.94292204897488,570
2026-01-30,GS-4,BN-042,586.6157341098647,560
2026-01-30,GS-4,BN-043,142.46382114096716,535
2026-01-30,GS-4,BN-045,0.0,0
2026-01-30,GS-4,BN-046,177.10208353602582,410
2026-01-30,GS-4,BN-049,363.14307349658293,540
2026-01-30,GS-4,B-226,0.0,0
2026-01-30,PLTG,B-120,2695.6389686477114,580
2026-01-30,PLTG,B-047,5034.280361965705,470
2026-01-30,PLTG,B-133,1122.950119581741,585
2026-01-30,MGS,B-32,0.0,0
2026-01-31,GS-1,B-050,4103.801340434112,450
2026-01-31,GS-1,B-061,771.9475610773532,460
2026-01-31,GS-1,B-031,0.0,0
2026-01-31,GS-1,B-074,3227.4917700265587,455
2026-01-31,GS-1,B-020,0.0,0
2026-01-31,GS-1,B-023,147.4320449267906,477
2026-01-31,GS-1,B-049,57.97889407233339,500
2026-01-31,GS-1,B-057,0.0,0
2026-01-31,GS-1,B-078,110.43598870920646,435
2026-01-31,GS-1,B-079,139.70152571714615,436
2026-01-31,GS-1,B-106,2655.985528456415,421
2026-01-31,GS-1,B-108,0.0,0
2026-01-31,GS-1,B-067,949.7495028991755,480
2026-01-31,GS-1,B-052,0.0,0
2026-01-31,GS-1,B-066,2004.413195072097,500
2026-01-31,GS-1,B-069,0.0,0
2026-01-31,GS-1,B-077,115.95778814466678,500
2026-01-31,GS-2,B-092,277.1943316601082,570
2026-01-31,GS-2,B-115,0.0,0
2026-01-31,GS-2,B-116,1568.1910396707317,549
2026-01-31,GS-2,B-091,1860.2942298065827,534
2026-01-31,GS-2,B-090,0.0,0
2026-01-31,GS-2,B-075,0.0,0
2026-01-31,GS-2,B-038,0.0,0
2026-01-31,GS-2,B-046,0.0,0
2026-01-31,GS-2,B-073,0.0,0
2026-01-31,GS-2,B-076,0.0,0
2026-01-31,GS-2,B-130,875.2052105204612,578
2026-01-31,GS-2,B-137,404.1957186756956,550
2026-01-31,GS-2,BN-014,0.0,0
2026-01-31,GS-3,B-053,2799.5523137783834,510
2026-01-31,GS-3,B-059,0.0,0
2026-01-31,GS-3,B-062,2821.087331576679,485
2026-01-31,GS-3,B-063,0.0,0
2026-01-31,GS-3,B-065,1885.6945072097003,287
2026-01-31,GS-3,B-101,0.0,0
2026-01-31,GS-3,B-107,0.0,0
2026-01-31,GS-3,B-110,0.0,0
2026-01-31,GS-3,B-129,0.0,0
2026-01-31,GS-3,B-134,2632.2417908839357,285
2026-01-31,GS-4,BN-037,0.0,0
2026-01-31,GS-4,BN-040,82.82699153190484,290
2026-01-31,GS-4,BN-041,107.6750889914763,570
2026-01-31,GS-4,BN-042,579.7889407233339,560
2026-01-31,GS-4,BN-043,140.80588560423823,535
2026-01-31,GS-4,BN-045,0.0,0
2026-01-31,GS-4,BN-049,358.91696330492096,540
2026-01-31,GS-4,B-226,0.0,0
2026-01-31,PLTG,B-120,2664.2682276096057,580
2026-01-31,PLTG,B-047,4975.693471293297,470
2026-01-31,PLTG,B-133,1109.8816865275248,585
2026-01-31,MGS,B-32,0.0,0
2026-02-01,GS-1,B-050,4103.801340434112,450
2026-02-01,GS-1,B-061,771.9475610773532,460
2026-02-01,GS-1,B-031,0.0,0
2026-02-01,GS-1,B-074,3227.4917700265587,455
2026-02-01,GS-1,B-020,0.0,0
2026-02-01,GS-1,B-023,147.4320449267906,477
2026-02-01,GS-1,B-049,57.97889407233339,500
2026-02-01,GS-1,B-057,0.0,0
2026-02-01,GS-1,B-078,110.43598870920646,435
2026-02-01,GS-1,B-079,139.70152571714615,436
2026-02-01,GS-1,B-106,2655.985528456415,421
2026-02-01,GS-1,B-108,0.0,0
2026-02-01,GS-1,B-067,949.7495028991755,480
2026-02-01,GS-1,B-052,0.0,0
2026-02-01,GS-1,B-066,2004.413195072097,500
2026-02-01,GS-1,B-069,0.0,0
2026-02-01,GS-1,B-077,115.95778814466678,500
2026-02-01,GS-2,B-092,277.1943316601082,570
2026-02-01,GS-2,B-115,0.0,0
2026-02-01,GS-2,B-116,1568.1910396707317,549
2026-02-01,GS-2,B-091,1860.2942298065827,534
2026-02-01,GS-2,B-090,0.0,0
2026-02-01,GS-2,B-075,0.0,0
2026-02-01,GS-2,B-038,0.0,0
2026-02-01,GS-2,B-046,0.0,0
2026-02-01,GS-2,B-073,0.0,0
2026-02-01,GS-2,B-076,0.0,0
2026-02-01,GS-2,B-130,875.2052105204612,578
2026-02-01,GS-2,B-137,404.1957186756956,550
2026-02-01,GS-2,BN-014,0.0,0
2026-02-01,GS-3,B-053,2799.5523137783834,510
2026-02-01,GS-3,B-059,0.0,0
2026-02-01,GS-3,B-062,2821.087331576679,485
2026-02-01,GS-3,B-063,0.0,0
2026-02-01,GS-3,B-065,1885.6945072097003,287
2026-02-01,GS-3,B-101,0.0,0
2026-02-01,GS-3,B-107,0.0,0
2026-02-01,GS-3,B-110,0.0,0
2026-02-01,GS-3,B-129,0.0,0
2026-02-01,GS-3,B-134,2632.2417908839357,285
2026-02-01,GS-4,BN-037,0.0,0
2026-02-01,GS-4,BN-040,82.82699153190484,290
2026-02-01,GS-4,BN-041,107.6750889914763,570
2026-02-01,GS-4,BN-042,579.7889407233339,560
2026-02-01,GS-4,BN-043,140.80588560423823,535
2026-02-01,GS-4,BN-045,0.0,0
2026-02-01,GS-4,BN-049,358.91696330492096,540
2026-02-01,GS-4,B-226,0.0,0
2026-02-01,PLTG,B-120,2664.2682276096057,580
2026-02-01,PLTG,B-047,4975.693471293297,470
2026-02-01,PLTG,B-133,1109.8816865275248,585
2026-02-01,MGS,B-32,0.0,0
2026-02-02,GS-1,B-050,3952.767954725586,450
2026-02-02,GS-1,B-061,743.5373520864329,460
2026-02-02,GS-1,B-031,0.0,0
2026-02-02,GS-1,B-074,3108.7094584729616,455
2026-02-02,GS-1,B-020,0.0,0
2026-02-02,GS-1,B-023,142.00606080620713,477
2026-02-02,GS-1,B-049,55.84508009232865,500
2026-02-02,GS-1,B-057,0.0,0
2026-02-02,GS-1,B-078,106.37158112824505,435
2026-02-02,GS-1,B-079,134.56005012723,436
2026-02-02,GS-1,B-106,2558.2365261342934,421
2026-02-02,GS-1,B-108,0.0,0
2026-02-02,GS-1,B-067,914.7955977029075,480
2026-02-02,GS-1,B-052,0.0,0
2026-02-02,GS-1,B-066,1930.6441974776476,500
2026-02-02,GS-1,B-069,0.0,0
2026-02-02,GS-1,B-077,111.6901601846573,500
2026-02-02,GS-2,B-092,266.99266863189507,570
2026-02-02,GS-2,B-115,0.0,0
2026-02-02,GS-2,B-116,1510.4764520210797,549
2026-02-02,GS-2,B-091,1791.8292841052878,534
2026-02-02,GS-2,B-090,0.0,0
2026-02-02,GS-2,B-075,0.0,0
2026-02-02,GS-2,B-038,0.0,0
2026-02-02,GS-2,B-046,0.0,0
2026-02-02,GS-2,B-073,0.0,0
2026-02-02,GS-2,B-076,0.0,0
2026-02-02,GS-2,B-130,842.9947804413421,578
2026-02-02,GS-2,B-137,389.3199869293769,550
2026-02-02,GS-2,BN-014,0.0,0
2026-02-02,GS-3,B-053,2696.519581601012,510
2026-02-02,GS-3,B-059,0.0,0
2026-02-02,GS-3,B-062,2717.26203992102,485
2026-02-02,GS-3,B-063,0.0,0
2026-02-02,GS-3,B-065,1816.2947477647842,287
2026-02-02,GS-3,B-101,0.0,0
2026-02-02,GS-3,B-107,0.0,0
2026-02-02,GS-3,B-110,0.0,0
2026-02-02,GS-3,B-129,0.0,0
2026-02-02,GS-3,B-134,2535.3666361917208,285
2026-02-02,GS-4,BN-037,0.0,0
2026-02-02,GS-4,BN-040,79.77868584618379,290
2026-02-02,GS-4,BN-041,103.71229160003892,570
2026-02-02,GS-4,BN-042,558.4508009232866,560
2026-02-02,GS-4,BN-043,135.62376593851243,535
2026-02-02,GS-4,BN-045,0.0,0
2026-02-02,GS-4,BN-049,345.7076386667964,540
2026-02-02,GS-4,B-226,0.0,0
2026-02-02,PLTG,B-120,2566.214394718912,580
2026-02-02,PLTG,B-047,4792.57158773308,470
2026-02-02,PLTG,B-133,1069.0343903388627,585
2026-02-02,MGS,B-32,0.0,0
2026-02-03,GS-1,B-050,3999.516998760922,450
2026-02-03,GS-1,B-061,752.3311039111637,460
2026-02-03,GS-1,B-031,0.0,0
2026-02-03,GS-1,B-074,3145.475895823142,455
2026-02-03,GS-1,B-020,0.0,0
2026-02-03,GS-1,B-023,143.6855541804583,477
2026-02-03,GS-1,B-049,56.50555501478698,500
2026-02-03,GS-1,B-057,0.0,0
2026-02-03,GS-1,B-078,107.62962859959424,435
2026-02-03,GS-1,B-079,136.1514801784867,436
2026-02-03,GS-1,B-106,2588.4925678202417,421
2026-02-03,GS-1,B-108,0.0,0
2026-02-03,GS-1,B-067,925.6148059565105,480
2026-02-03,GS-1,B-052,0.0,0
2026-02-03,GS-1,B-066,1953.4777590826354,500
2026-02-03,GS-1,B-069,0.0,0
2026-02-03,GS-1,B-077,113.01111002957396,500
2026-02-03,GS-2,B-092,270.15036778498154,570
2026-02-03,GS-2,B-115,0.0,0
2026-02-03,GS-2,B-116,1528.3407261142381,549
2026-02-03,GS-2,B-091,1813.021093760165,534
2026-02-03,GS-2,B-090,0.0,0
2026-02-03,GS-2,B-075,0.0,0
2026-02-03,GS-2,B-038,0.0,0
2026-02-03,GS-2,B-046,0.0,0
2026-02-03,GS-2,B-073,0.0,0
2026-02-03,GS-2,B-076,0.0,0
2026-02-03,GS-2,B-130,852.9648066517843,578
2026-02-03,GS-2,B-137,393.9244406745149,550
2026-02-03,GS-2,BN-014,0.0,0
2026-02-03,GS-3,B-053,2728.411084999714,510
2026-02-03,GS-3,B-059,0.0,0
2026-02-03,GS-3,B-062,2749.3988625766347,485
2026-02-03,GS-3,B-063,0.0,0
2026-02-03,GS-3,B-065,1837.7759083380718,287
2026-02-03,GS-3,B-101,0.0,0
2026-02-03,GS-3,B-107,0.0,0
2026-02-03,GS-3,B-110,0.0,0
2026-02-03,GS-3,B-129,0.0,0
2026-02-03,GS-3,B-134,2565.3521976713287,285
2026-02-03,GS-4,BN-037,0.0,0
2026-02-03,GS-4,BN-040,80.72222144969568,290
2026-02-03,GS-4,BN-041,104.93888788460438,570
2026-02-03,GS-4,BN-042,565.0555501478698,560
2026-02-03,GS-4,BN-043,137.22777646448264,535
2026-02-03,GS-4,BN-045,0.0,0
2026-02-03,GS-4,BN-049,349.7962929486813,540
2026-02-03,GS-4,B-226,0.0,0
2026-02-03,PLTG,B-120,2596.5647899652113,580
2026-02-03,PLTG,B-047,4849.2529165547185,470
2026-02-03,PLTG,B-133,1081.6777674259222,585
2026-02-03,MGS,B-32,0.0,0
2026-02-04,GS-1,B-050,3999.516998760922,450
2026-02-04,GS-1,B-061,752.3311039111637,460
2026-02-04,GS-1,B-031,0.0,0
2026-02-04,GS-1,B-074,3145.475895823142,455
2026-02-04,GS-1,B-020,0.0,0
2026-02-04,GS-1,B-023,143.6855541804583,477
2026-02-04,GS-1,B-049,56.50555501478698,500
2026-02-04,GS-1,B-057,0.0,0
2026-02-04,GS-1,B-078,107.62962859959424,435
2026-02-04,GS-1,B-079,136.1514801784867,436
2026-02-04,GS-1,B-106,2588.4925678202417,421
2026-02-04,GS-1,B-108,0.0,0
2026-02-04,GS-1,B-067,925.6148059565105,480
2026-02-04,GS-1,B-052,0.0,0
2026-02-04,GS-1,B-066,1953.4777590826354,500
2026-02-04,GS-1,B-069,0.0,0
2026-02-04,GS-1,B-077,113.01111002957396,500
2026-02-04,GS-2,B-092,270.15036778498154,570
2026-02-04,GS-2,B-115,0.0,0
2026-02-04,GS-2,B-116,1528.3407261142381,549
2026-02-04,GS-2,B-091,1813.021093760165,534
2026-02-04,GS-2,B-090,0.0,0
2026-02-04,GS-2,B-075,0.0,0
2026-02-04,GS-2,B-038,0.0,0
2026-02-04,GS-2,B-046,0.0,0
2026-02-04,GS-2,B-073,0.0,0
2026-02-04,GS-2,B-076,0.0,0
2026-02-04,GS-2,B-130,852.9648066517843,578
2026-02-04,GS-2,B-137,393.9244406745149,550
2026-02-04,GS-2,BN-014,0.0,0
2026-02-04,GS-3,B-053,2728.411084999714,510
2026-02-04,GS-3,B-059,0.0,0
2026-02-04,GS-3,B-062,2749.3988625766347,485
2026-02-04,GS-3,B-063,0.0,0
2026-02-04,GS-3,B-065,1837.7759083380718,287
2026-02-04,GS-3,B-101,0.0,0
2026-02-04,GS-3,B-107,0.0,0
2026-02-04,GS-3,B-110,0.0,0
2026-02-04,GS-3,B-129,0.0,0
2026-02-04,GS-3,B-134,2565.3521976713287,285
2026-02-04,GS-4,BN-037,0.0,0
2026-02-04,GS-4,BN-040,80.72222144969568,290
2026-02-04,GS-4,BN-041,104.93888788460438,570
2026-02-04,GS-4,BN-042,565.0555501478698,560
2026-02-04,GS-4,BN-043,137.22777646448264,535
2026-02-04,GS-4,BN-045,0.0,0
2026-02-04,GS-4,BN-049,349.7962929486813,540
2026-02-04,GS-4,B-226,0.0,0
2026-02-04,PLTG,B-120,2596.5647899652113,580
2026-02-04,PLTG,B-047,4849.2529165547185,470
2026-02-04,PLTG,B-133,1081.6777674259222,585
2026-02-04,MGS,B-32,0.0,0
2026-02-05,GS-1,B-050,4146.119624011013,450
2026-02-05,GS-1,B-061,779.907862535979,460
2026-02-05,GS-1,B-031,0.0,0
2026-02-05,GS-1,B-074,3260.773574050642,455
2026-02-05,GS-1,B-020,0.0,0
2026-02-05,GS-1,B-023,148.95236001223634,477
2026-02-05,GS-1,B-049,58.5767707913289,500
2026-02-05,GS-1,B-057,0.0,0
2026-02-05,GS-1,B-078,111.57480150729313,435
2026-02-05,GS-1,B-079,141.1421239067258,436
2026-02-05,GS-1,B-106,2683.3739762503997,421
2026-02-05,GS-1,B-108,0.0,0
2026-02-05,GS-1,B-067,959.5432929627209,480
2026-02-05,GS-1,B-052,0.0,0
2026-02-05,GS-1,B-066,2025.0826473573704,500
2026-02-05,GS-1,B-069,0.0,0
2026-02-05,GS-1,B-077,117.1535415826578,500
2026-02-05,GS-2,B-092,280.0527517833058,570
2026-02-05,GS-2,B-115,0.0,0
2026-02-05,GS-2,B-116,1584.3621814035625,549
2026-02-05,GS-2,B-091,1879.4775313903529,534
2026-02-05,GS-2,B-090,0.0,0
2026-02-05,GS-2,B-075,0.0,0
2026-02-05,GS-2,B-038,0.0,0
2026-02-05,GS-2,B-046,0.0,0
2026-02-05,GS-2,B-073,0.0,0
2026-02-05,GS-2,B-076,0.0,0
2026-02-05,GS-2,B-130,884.230301945298,578
2026-02-05,GS-2,B-137,408.36377351669285,550
2026-02-05,GS-2,BN-014,0.0,0
2026-02-05,GS-3,B-053,2828.421218209881,510
2026-02-05,GS-3,B-059,0.0,0
2026-02-05,GS-3,B-062,2850.1783045038032,485
2026-02-05,GS-3,B-063,0.0,0
2026-02-05,GS-3,B-065,1905.1397357370302,287
2026-02-05,GS-3,B-101,0.0,0
2026-02-05,GS-3,B-107,0.0,0
2026-02-05,GS-3,B-110,0.0,0
2026-02-05,GS-3,B-129,0.0,0
2026-02-05,GS-3,B-134,2659.3853939263317,285
2026-02-05,GS-4,BN-037,0.0,0
2026-02-05,GS-4,BN-040,83.68110113046984,290
2026-02-05,GS-4,BN-041,108.7854314696108,570
2026-02-05,GS-4,BN-042,585.767707913289,560
2026-02-05,GS-4,BN-043,142.25787192179874,535
2026-02-05,GS-4,BN-045,0.0,0
2026-02-05,GS-4,BN-049,362.61810489870265,540
2026-02-05,GS-4,B-226,0.0,0
2026-02-05,PLTG,B-120,2691.7420863634466,580
2026-02-05,PLTG,B-047,5027.002681911092,470
2026-02-05,PLTG,B-133,1121.326755148296,585
2026-02-05,MGS,B-32,0.0,0
2026-02-06,GS-1,B-050,4247.867796674043,450
2026-02-06,GS-1,B-061,799.0472523883628,460
2026-02-06,GS-1,B-031,0.0,0
2026-02-06,GS-1,B-074,3340.7948427825327,455
2026-02-06,GS-1,B-020,0.0,0
2026-02-06,GS-1,B-023,152.60773704412938,477
2026-02-06,GS-1,B-049,60.01427861285987,500
2026-02-06,GS-1,B-057,0.0,0
2026-02-06,GS-1,B-078,114.3129116435426,435
2026-02-06,GS-1,B-079,144.60583322908138,436
2026-02-06,GS-1,B-106,2749.2255250271996,421
2026-02-06,GS-1,B-108,0.0,0
2026-02-06,GS-1,B-067,983.0910401344664,480
2026-02-06,GS-1,B-052,0.0,0
2026-02-06,GS-1,B-066,2074.7793463302983,500
2026-02-06,GS-1,B-069,0.0,0
2026-02-06,GS-1,B-077,120.02855722571974,500
2026-02-06,GS-2,B-092,286.92540822529196,570
2026-02-06,GS-2,B-115,0.0,0
2026-02-06,GS-2,B-116,1623.243345338305,549
2026-02-06,GS-2,B-091,1925.6009966354752,534
2026-02-06,GS-2,B-090,0.0,0
2026-02-06,GS-2,B-075,0.0,0
2026-02-06,GS-2,B-038,0.0,0
2026-02-06,GS-2,B-046,0.0,0
2026-02-06,GS-2,B-073,0.0,0
2026-02-06,GS-2,B-076,0.0,0
2026-02-06,GS-2,B-130,905.9298247750751,578
2026-02-06,GS-2,B-137,418.3852566153659,550
2026-02-06,GS-2,BN-014,0.0,0
2026-02-06,GS-3,B-053,2897.832310163805,510
2026-02-06,GS-3,B-059,0.0,0
2026-02-06,GS-3,B-062,2920.123327934296,485
2026-02-06,GS-3,B-063,0.0,0
2026-02-06,GS-3,B-065,1951.89296631349,287
2026-02-06,GS-3,B-101,0.0,0
2026-02-06,GS-3,B-107,0.0,0
2026-02-06,GS-3,B-110,0.0,0
2026-02-06,GS-3,B-129,0.0,0
2026-02-06,GS-3,B-134,2724.648249023838,285
2026-02-06,GS-4,BN-037,0.0,0
2026-02-06,GS-4,BN-040,85.73468373265695,290
2026-02-06,GS-4,BN-041,111.45508885245404,570
2026-02-06,GS-4,BN-042,600.1427861285987,560
2026-02-06,GS-4,BN-043,145.74896234551682,535
2026-02-06,GS-4,BN-045,0.0,0
2026-02-06,GS-4,BN-049,371.5169628415135,540
2026-02-06,GS-4,B-226,0.0,0
2026-02-06,PLTG,B-120,2757.7989934004654,580
2026-02-06,PLTG,B-047,5150.368234099812,470
2026-02-06,PLTG,B-133,1148.8447620176032,585
2026-02-06,MGS,B-32,0.0,0
2026-02-07,GS-1,B-050,4301.751699876247,450
2026-02-07,GS-1,B-061,809.1831103911453,460
2026-02-07,GS-1,B-031,0.0,0
2026-02-07,GS-1,B-074,3383.172589582435,455
2026-02-07,GS-1,B-020,0.0,0
2026-02-07,GS-1,B-023,154.54355541805137,477
2026-02-07,GS-1,B-049,60.77555550148087,500
2026-02-07,GS-1,B-057,0.0,0
2026-02-07,GS-1,B-078,115.76296285996357,435
2026-02-07,GS-1,B-079,146.44014801785391,436
2026-02-07,GS-1,B-106,2784.099256782124,421
2026-02-07,GS-1,B-108,0.0,0
2026-02-07,GS-1,B-067,995.5614805956867,480
2026-02-07,GS-1,B-052,0.0,0
2026-02-07,GS-1,B-066,2101.097775908339,500
2026-02-07,GS-1,B-069,0.0,0
2026-02-07,GS-1,B-077,121.55111100296175,500
2026-02-07,GS-2,B-092,290.56503677850856,570
2026-02-07,GS-2,B-115,0.0,0
2026-02-07,GS-2,B-116,1643.8340726114827,549
2026-02-07,GS-2,B-091,1950.0271093760864,534
2026-02-07,GS-2,B-090,0.0,0
2026-02-07,GS-2,B-075,0.0,0
2026-02-07,GS-2,B-038,0.0,0
2026-02-07,GS-2,B-046,0.0,0
2026-02-07,GS-2,B-073,0.0,0
2026-02-07,GS-2,B-076,0.0,0
2026-02-07,GS-2,B-130,917.4214806652113,578
2026-02-07,GS-2,B-137,423.6924440674667,550
2026-02-07,GS-2,BN-014,0.0,0
2026-02-07,GS-3,B-053,2934.5911085000766,510
2026-02-07,GS-3,B-059,0.0,0
2026-02-07,GS-3,B-062,2957.1648862577695,485
2026-02-07,GS-3,B-063,0.0,0
2026-02-07,GS-3,B-065,1976.6525908338779,287
2026-02-07,GS-3,B-101,0.0,0
2026-02-07,GS-3,B-107,0.0,0
2026-02-07,GS-3,B-110,0.0,0
2026-02-07,GS-3,B-129,0.0,0
2026-02-07,GS-3,B-134,2759.2102197672316,285
2026-02-07,GS-4,BN-037,0.0,0
2026-02-07,GS-4,BN-040,86.82222214497267,290
2026-02-07,GS-4,BN-041,112.86888878846447,570
2026-02-07,GS-4,BN-042,607.7555550148087,560
2026-02-07,GS-4,BN-043,147.59777764645355,535
2026-02-07,GS-4,BN-045,0.0,0
2026-02-07,GS-4,BN-049,376.2296292948816,540
2026-02-07,GS-4,B-226,0.0,0
2026-02-07,PLTG,B-120,2792.781478996621,580
2026-02-07,PLTG,B-047,5215.7002916556585,470
2026-02-07,PLTG,B-133,1163.4177767426338,585
2026-02-07,MGS,B-32,0.0,0
2026-02-08,GS-1,B-050,4230.392662942788,450
2026-02-08,GS-1,B-061,795.7600837989797,460
2026-02-08,GS-1,B-031,0.0,0
2026-02-08,GS-1,B-074,3327.0512802611133,455
2026-02-08,GS-1,B-020,0.0,0
2026-02-08,GS-1,B-023,151.9799301676163,477
2026-02-08,GS-1,B-049,59.767388268163714,500
2026-02-08,GS-1,B-057,0.0,0
2026-02-08,GS-1,B-078,113.84264432031183,435
2026-02-08,GS-1,B-079,144.01094506519448,436
2026-02-08,GS-1,B-106,2737.9155959034997,421
2026-02-08,GS-1,B-108,0.0,0
2026-02-08,GS-1,B-067,979.0467411546817,480
2026-02-08,GS-1,B-052,0.0,0
2026-02-08,GS-1,B-066,2066.24399441366,500
2026-02-08,GS-1,B-069,0.0,0
2026-02-08,GS-1,B-077,119.53477653632743,500
2026-02-08,GS-2,B-092,285.7450372439827,570
2026-02-08,GS-2,B-115,0.0,0
2026-02-08,GS-2,B-116,1616.565549348428,549
2026-02-08,GS-2,B-091,1917.6793435756529,534
2026-02-08,GS-2,B-090,0.0,0
2026-02-08,GS-2,B-075,0.0,0
2026-02-08,GS-2,B-038,0.0,0
2026-02-08,GS-2,B-046,0.0,0
2026-02-08,GS-2,B-073,0.0,0
2026-02-08,GS-2,B-076,0.0,0
2026-02-08,GS-2,B-130,902.2029562384713,578
2026-02-08,GS-2,B-137,416.66407821234134,550
2026-02-08,GS-2,BN-014,0.0,0
2026-02-08,GS-3,B-053,2885.9110335199052,510
2026-02-08,GS-3,B-059,0.0,0
2026-02-08,GS-3,B-062,2908.1103491623658,485
2026-02-08,GS-3,B-063,0.0,0
2026-02-08,GS-3,B-065,1943.8631517693245,287
2026-02-08,GS-3,B-101,0.0,0
2026-02-08,GS-3,B-107,0.0,0
2026-02-08,GS-3,B-110,0.0,0
2026-02-08,GS-3,B-129,0.0,0
2026-02-08,GS-3,B-134,2713.4394273746325,285
2026-02-08,GS-4,BN-037,0.0,0
2026-02-08,GS-4,BN-040,85.38198324023388,290
2026-02-08,GS-4,BN-041,110.99657821230404,570
2026-02-08,GS-4,BN-042,597.6738826816371,560
2026-02-08,GS-4,BN-043,145.1493715083976,535
2026-02-08,GS-4,BN-045,0.0,0
2026-02-08,GS-4,BN-049,369.98859404101347,540
2026-02-08,GS-4,B-226,0.0,0
2026-02-08,PLTG,B-120,2746.453794227523,580
2026-02-08,PLTG,B-047,5129.1803398516495,470
2026-02-08,PLTG,B-133,1144.118575419134,585
2026-02-08,MGS,B-32,0.0,0
2026-02-09,GS-1,B-050,4369.1815452548135,450
2026-02-09,GS-1,B-061,821.8670344814625,460
2026-02-09,GS-1,B-031,0.0,0
2026-02-09,GS-1,B-074,3436.2037314335826,455
2026-02-09,GS-1,B-020,0.0,0
2026-02-09,GS-1,B-023,156.9660216069746,477
2026-02-09,GS-1,B-049,61.72821074431585,500
2026-02-09,GS-1,B-057,0.0,0
2026-02-09,GS-1,B-078,117.57754427488733,435
2026-02-09,GS-1,B-079,148.7355935077325,436
2026-02-09,GS-1,B-106,2827.7399398110406,421
2026-02-09,GS-1,B-108,0.0,0
2026-02-09,GS-1,B-045,0.0,0
2026-02-09,GS-1,B-067,1011.1668807640311,480
2026-02-09,GS-1,B-052,0.0,0
2026-02-09,GS-1,B-066,2134.032428589205,500
2026-02-09,GS-1,B-069,0.0,0
2026-02-09,GS-1,B-205,0.0,0
2026-02-09,GS-1,B-077,123.4564214886317,500
2026-02-09,GS-2,B-092,295.1196361299672,570
2026-02-09,GS-2,B-115,0.0,0
2026-02-09,GS-2,B-116,1669.6011287034003,549
2026-02-09,GS-2,B-091,1980.593733310477,534
2026-02-09,GS-2,B-090,0.0,0
2026-02-09,GS-2,B-075,0.0,0
2026-02-09,GS-2,B-038,0.0,0
2026-02-09,GS-2,B-46,0.0,0
2026-02-09,GS-2,B-073,0.0,0
2026-02-09,GS-2,B-076,0.0,0
2026-02-09,GS-2,B-130,0.0,0
2026-02-09,GS-2,B-137,0.0,0
2026-02-09,GS-2,BN-14,0.0,0
2026-02-09,GS-3,B-053,2980.5907473683937,510
2026-02-09,GS-3,B-059,0.0,0
2026-02-09,GS-3,B-062,3003.518368501997,485
2026-02-09,GS-3,B-063,0.0,0
2026-02-09,GS-3,B-065,2007.6365684937014,287
2026-02-09,GS-3,B-101,0.0,0
2026-02-09,GS-3,B-107,0.0,0
2026-02-09,GS-3,B-110,0.0,0
2026-02-09,GS-3,B-129,0.0,0
2026-02-09,GS-3,B-134,2802.46076779194,285
2026-02-09,GS-4,BN-033,114.63810566801516,483
2026-02-09,GS-4,BN-037,0.0,0
2026-02-09,GS-4,BN-040,88.1831582061655,290
2026-02-09,GS-4,BN-041,114.63810566801516,570
2026-02-09,GS-4,BN-042,617.2821074431586,560
2026-02-09,GS-4,BN-043,149.91136895048135,535
2026-02-09,GS-4,BN-045,0.0,0
2026-02-09,GS-4,BN-046,0.0,0
2026-02-09,GS-4,BN-049,382.1270188933838,540
2026-02-09,GS-4,B-226,0.0,0
2026-02-09,PLTG,B-120,2836.558255631657,580
2026-02-09,PLTG,B-047,5297.456257305049,470
2026-02-09,PLTG,B-133,1181.6543199626178,585
2026-02-09,MGS,B-32,0.0,0
2026-02-10,GS-1,B-050,4390.264729766309,450
2026-02-10,GS-1,B-061,825.8328972299918,460
2026-02-10,GS-1,B-031,0.0,0
2026-02-10,GS-1,B-074,3452.7848957863393,455
2026-02-10,GS-1,B-020,0.0,0
2026-02-10,GS-1,B-023,0.0,0
2026-02-10,GS-1,B-049,62.02607597220969,500
2026-02-10,GS-1,B-057,0.0,0
2026-02-10,GS-1,B-078,118.14490661373273,435
2026-02-10,GS-1,B-079,149.45330686637192,436
2026-02-10,GS-1,B-106,2841.3850040602724,421
2026-02-10,GS-1,B-108,0.0,0
2026-02-10,GS-1,B-045,0.0,0
2026-02-10,GS-1,B-067,1016.0461968781016,480
2026-02-10,GS-1,B-052,0.0,0
2026-02-10,GS-1,B-066,2144.330055039249,500
2026-02-10,GS-1,B-069,0.0,0
2026-02-10,GS-1,B-205,0.0,0
2026-02-10,GS-1,B-077,124.05215194441938,500
2026-02-10,GS-2,B-092,296.54371560046917,570
2026-02-10,GS-2,B-115,0.0,0
2026-02-10,GS-2,B-116,1677.6576739150048,549
2026-02-10,GS-2,B-091,1990.150951908328,534
2026-02-10,GS-2,B-090,0.0,0
2026-02-10,GS-2,B-075,0.0,0
2026-02-10,GS-2,B-038,0.0,0
2026-02-10,GS-2,B-46,0.0,0
2026-02-10,GS-2,B-073,0.0,0
2026-02-10,GS-2,B-076,0.0,0
2026-02-10,GS-2,B-130,0.0,0
2026-02-10,GS-2,B-137,0.0,0
2026-02-10,GS-2,BN-14,0.0,0
2026-02-10,GS-3,B-053,2994.973382658125,510
2026-02-10,GS-3,B-059,0.0,0
2026-02-10,GS-3,B-062,3018.0116394478027,485
2026-02-10,GS-3,B-063,0.0,0
2026-02-10,GS-3,B-065,2017.3242804294864,287
2026-02-10,GS-3,B-101,0.0,0
2026-02-10,GS-3,B-107,0.0,0
2026-02-10,GS-3,B-110,0.0,0
2026-02-10,GS-3,B-129,0.0,0
2026-02-10,GS-3,B-134,1328.5394748714245,290
2026-02-10,GS-4,BN-033,115.19128394838941,483
2026-02-10,GS-4,BN-037,0.0,0
2026-02-10,GS-4,BN-040,88.60867996029955,290
2026-02-10,GS-4,BN-041,115.19128394838941,570
2026-02-10,GS-4,BN-042,620.2607597220969,560
2026-02-10,GS-4,BN-043,150.63475593250925,535
2026-02-10,GS-4,BN-045,0.0,0
2026-02-10,GS-4,BN-046,0.0,0
2026-02-10,GS-4,BN-049,383.9709464946314,540
2026-02-10,GS-4,B-226,0.0,0
2026-02-10,PLTG,B-120,2850.2458720563022,580
2026-02-10,PLTG,B-047,5323.018767481728,470
2026-02-10,PLTG,B-133,1187.356311468014,585
2026-02-10,MGS,B-32,0.0,0
2026-02-11,GS-1,B-050,4278.3995207870375,450
2026-02-11,GS-1,B-061,804.7904373062806,460
2026-02-11,GS-1,B-031,0.0,0
2026-02-11,GS-1,B-074,3364.806942814886,455
2026-02-11,GS-1,B-020,0.0,0
2026-02-11,GS-1,B-023,0.0,0
2026-02-11,GS-1,B-049,60.44563370326142,500
2026-02-11,GS-1,B-057,0.0,0
2026-02-11,GS-1,B-078,115.13454038716462,435
2026-02-11,GS-1,B-079,145.64519358976324,436
2026-02-11,GS-1,B-106,2768.9856963113093,421
2026-02-11,GS-1,B-108,0.0,0
2026-02-11,GS-1,B-045,0.0,0
2026-02-11,GS-1,B-067,990.1570473296157,480
2026-02-11,GS-1,B-052,0.0,0
2026-02-11,GS-1,B-066,2089.6919080270377,500
2026-02-11,GS-1,B-069,0.0,0
2026-02-11,GS-1,B-205,0.0,0
2026-02-11,GS-1,B-077,120.89126740652284,500
2026-02-11,GS-2,B-092,288.9876963717832,570
2026-02-11,GS-2,B-115,0.0,0
2026-02-11,GS-2,B-116,1634.9104734977375,549
2026-02-11,GS-2,B-091,1939.441332821788,534
2026-02-11,GS-2,B-090,0.0,0
2026-02-11,GS-2,B-075,0.0,0
2026-02-11,GS-2,B-038,0.0,0
2026-02-11,GS-2,B-46,0.0,0
2026-02-11,GS-2,B-073,0.0,0
2026-02-11,GS-2,B-076,0.0,0
2026-02-11,GS-2,B-130,0.0,0
2026-02-11,GS-2,B-137,0.0,0
2026-02-11,GS-2,BN-14,0.0,0
2026-02-11,GS-3,B-053,2918.660598814623,510
2026-02-11,GS-3,B-059,0.0,0
2026-02-11,GS-3,B-062,2941.11183419012,485
2026-02-11,GS-3,B-063,0.0,0
2026-02-11,GS-3,B-065,1965.922277110836,287
2026-02-11,GS-3,B-101,0.0,0
2026-02-11,GS-3,B-107,0.0,0
2026-02-11,GS-3,B-110,0.0,0
2026-02-11,GS-3,B-129,0.0,0
2026-02-11,GS-3,B-134,1294.6879066536662,290
2026-02-11,GS-4,BN-033,112.2561768774855,483
2026-02-11,GS-4,BN-037,0.0,0
2026-02-11,GS-4,BN-040,86.35090529037346,290
2026-02-11,GS-4,BN-041,112.2561768774855,570
2026-02-11,GS-4,BN-042,604.4563370326142,560
2026-02-11,GS-4,BN-043,146.7965389936349,535
2026-02-11,GS-4,BN-045,0.0,0
2026-02-11,GS-4,BN-046,0.0,0
2026-02-11,GS-4,BN-049,374.187256258285,540
2026-02-11,GS-4,B-226,0.0,0
2026-02-11,PLTG,B-120,2777.620786840346,580
2026-02-11,PLTG,B-047,5187.386717143702,470
2026-02-11,PLTG,B-133,1157.1021308910044,585
2026-02-11,MGS,B-32,0.0,0
2026-02-12,GS-1,B-050,4441.060904087341,450
2026-02-12,GS-1,B-061,835.3879364792926,460
2026-02-12,GS-1,B-031,0.0,0
2026-02-12,GS-1,B-074,3492.734255165569,455
2026-02-12,GS-1,B-020,0.0,0
2026-02-12,GS-1,B-023,0.0,0
2026-02-12,GS-1,B-049,62.74372913471082,500
2026-02-12,GS-1,B-057,0.0,0
2026-02-12,GS-1,B-078,119.51186501849679,435
2026-02-12,GS-1,B-079,151.18250924839845,436
2026-02-12,GS-1,B-106,2874.260353694848,421
2026-02-12,GS-1,B-108,0.0,0
2026-02-12,GS-1,B-045,0.0,0
2026-02-12,GS-1,B-067,1027.8020391590724,480
2026-02-12,GS-1,B-052,0.0,0
2026-02-12,GS-1,B-066,2169.140350085717,500
2026-02-12,GS-1,B-069,0.0,0
2026-02-12,GS-1,B-205,0.0,0
2026-02-12,GS-1,B-077,125.48745826942164,500
2026-02-12,GS-2,B-092,299.974781196427,570
2026-02-12,GS-2,B-115,0.0,0
2026-02-12,GS-2,B-116,1697.0684832626546,549
2026-02-12,GS-2,B-091,2013.1773662365786,534
2026-02-12,GS-2,B-090,0.0,0
2026-02-12,GS-2,B-075,0.0,0
2026-02-12,GS-2,B-038,0.0,0
2026-02-12,GS-2,B-46,0.0,0
2026-02-12,GS-2,B-073,0.0,0
2026-02-12,GS-2,B-076,0.0,0
2026-02-12,GS-2,B-130,0.0,0
2026-02-12,GS-2,B-137,0.0,0
2026-02-12,GS-2,BN-14,0.0,0
2026-02-12,GS-3,B-053,3029.6257782188936,510
2026-02-12,GS-3,B-059,0.0,0
2026-02-12,GS-3,B-062,3052.9305918975006,485
2026-02-12,GS-3,B-063,0.0,0
2026-02-12,GS-3,B-065,2040.6650951908327,287
2026-02-12,GS-3,B-101,0.0,0
2026-02-12,GS-3,B-107,0.0,0
2026-02-12,GS-3,B-110,0.0,0
2026-02-12,GS-3,B-129,0.0,0
2026-02-12,GS-3,B-134,1343.9109221329966,290
2026-02-12,GS-4,BN-033,116.52406839303438,483
2026-02-12,GS-4,BN-037,0.0,0
2026-02-12,GS-4,BN-040,89.6338987638726,290
2026-02-12,GS-4,BN-041,116.52406839303438,570
2026-02-12,GS-4,BN-042,627.4372913471082,560
2026-02-12,GS-4,BN-043,152.37762789858343,535
2026-02-12,GS-4,BN-045,0.0,0
2026-02-12,GS-4,BN-046,0.0,0
2026-02-12,GS-4,BN-049,388.4135613101146,540
2026-02-12,GS-4,B-226,0.0,0
2026-02-12,PLTG,B-120,2883.2237435712354,580
2026-02-12,PLTG,B-047,5384.607078408373,470
2026-02-12,PLTG,B-133,1201.0942434358928,585
2026-02-12,MGS,B-32,0.0,0
2026-02-13,GS-1,B-050,4576.0516907771125,450
2026-02-13,GS-1,B-061,860.7804445245429,460
2026-02-13,GS-1,B-031,0.0,0
2026-02-13,GS-1,B-074,3598.899641091526,455
2026-02-13,GS-1,B-020,0.0,0
2026-02-13,GS-1,B-023,0.0,0
2026-02-13,GS-1,B-049,64.6508917561352,500
2026-02-13,GS-1,B-057,0.0,0
2026-02-13,GS-1,B-078,123.1445557259718,435
2026-02-13,GS-1,B-079,155.77786299335435,436
2026-02-13,GS-1,B-106,2961.6265652096217,421
2026-02-13,GS-1,B-108,0.0,0
2026-02-13,GS-1,B-045,0.0,0
2026-02-13,GS-1,B-067,1059.0431792433576,480
2026-02-13,GS-1,B-052,0.0,0
2026-02-13,GS-1,B-066,2235.073686426388,500
2026-02-13,GS-1,B-069,0.0,0
2026-02-13,GS-1,B-205,0.0,0
2026-02-13,GS-1,B-077,129.3017835122704,500
2026-02-13,GS-2,B-092,309.09283487218926,570
2026-02-13,GS-2,B-115,0.0,0
2026-02-13,GS-2,B-116,1748.6526913087996,549
2026-02-13,GS-2,B-091,2074.3700412039952,534
2026-02-13,GS-2,B-090,0.0,0
2026-02-13,GS-2,B-075,0.0,0
2026-02-13,GS-2,B-038,0.0,0
2026-02-13,GS-2,B-46,0.0,0
2026-02-13,GS-2,B-073,0.0,0
2026-02-13,GS-2,B-076,0.0,0
2026-02-13,GS-2,B-137,0.0,0
2026-02-13,GS-2,BN-14,0.0,0
2026-02-13,GS-3,B-053,3121.7144876533853,510
2026-02-13,GS-3,B-059,0.0,0
2026-02-13,GS-3,B-062,3145.7276760199497,485
2026-02-13,GS-3,B-063,0.0,0
2026-02-13,GS-3,B-065,2102.6932890209687,287
2026-02-13,GS-3,B-101,0.0,0
2026-02-13,GS-3,B-107,0.0,0
2026-02-13,GS-3,B-110,0.0,0
2026-02-13,GS-3,B-129,0.0,0
2026-02-13,GS-3,B-134,1384.760529138553,290
2026-02-13,GS-4,BN-033,120.0659418328225,483
2026-02-13,GS-4,BN-037,0.0,0
2026-02-13,GS-4,BN-040,92.35841679447886,290
2026-02-13,GS-4,BN-041,120.0659418328225,570
2026-02-13,GS-4,BN-042,646.508917561352,560
2026-02-13,GS-4,BN-043,157.00930855061407,535
2026-02-13,GS-4,BN-045,0.0,0
2026-02-13,GS-4,BN-046,0.0,0
2026-02-13,GS-4,BN-049,400.21980610940835,540
2026-02-13,GS-4,B-226,0.0,0
2026-02-13,PLTG,B-120,2970.86240688907,580
2026-02-13,PLTG,B-047,5548.27795823366,470
2026-02-13,PLTG,B-133,1237.6027850460166,585
2026-02-13,MGS,B-32,0.0,0
2026-02-14,GS-1,B-050,4540.408683971001,450
2026-02-14,GS-1,B-061,854.075799272263,460
2026-02-14,GS-1,B-031,0.0,0
2026-02-14,GS-1,B-074,3570.86770153532,455
2026-02-14,GS-1,B-020,0.0,0
2026-02-14,GS-1,B-023,0.0,0
2026-02-14,GS-1,B-049,64.14732397967641,500
2026-02-14,GS-1,B-057,0.0,0
2026-02-14,GS-1,B-078,122.18537900890745,435
2026-02-14,GS-1,B-079,154.56450444626793,436
2026-02-14,GS-1,B-106,2938.558365164224,421
2026-02-14,GS-1,B-108,0.0,0
2026-02-14,GS-1,B-045,0.0,0
2026-02-14,GS-1,B-067,1050.794259476604,480
2026-02-14,GS-1,B-052,0.0,0
2026-02-14,GS-1,B-066,2217.66462901167,500
2026-02-14,GS-1,B-069,0.0,0
2026-02-14,GS-1,B-205,0.0,0
2026-02-14,GS-1,B-077,128.29464795935283,500
2026-02-14,GS-2,B-092,306.6853013123577,570
2026-02-14,GS-2,B-115,0.0,0
2026-02-14,GS-2,B-116,1735.0323819264856,549
2026-02-14,GS-2,B-091,2058.212709405046,534
2026-02-14,GS-2,B-090,0.0,0
2026-02-14,GS-2,B-075,0.0,0
2026-02-14,GS-2,B-038,0.0,0
2026-02-14,GS-2,B-46,0.0,0
2026-02-14,GS-2,B-073,0.0,0
2026-02-14,GS-2,B-076,0.0,0
2026-02-14,GS-2,B-137,0.0,0
2026-02-14,GS-2,BN-14,0.0,0
2026-02-14,GS-3,B-053,3097.3993578758036,510
2026-02-14,GS-3,B-059,0.0,0
2026-02-14,GS-3,B-062,3121.225506782541,485
2026-02-14,GS-3,B-063,0.0,0
2026-02-14,GS-3,B-065,2086.3153465770947,287
2026-02-14,GS-3,B-101,0.0,0
2026-02-14,GS-3,B-107,0.0,0
2026-02-14,GS-3,B-110,0.0,0
2026-02-14,GS-3,B-129,0.0,0
2026-02-14,GS-3,B-134,1373.9745869551643,290
2026-02-14,GS-4,BN-033,119.13074453368476,483
2026-02-14,GS-4,BN-037,0.0,0
2026-02-14,GS-4,BN-040,91.63903425668059,290
2026-02-14,GS-4,BN-041,119.13074453368476,570
2026-02-14,GS-4,BN-042,641.4732397967641,560
2026-02-14,GS-4,BN-043,155.786358236357,535
2026-02-14,GS-4,BN-045,0.0,0
2026-02-14,GS-4,BN-046,0.0,0
2026-02-14,GS-4,BN-049,397.1024817789492,540
2026-02-14,GS-4,B-226,0.0,0
2026-02-14,PLTG,B-120,2947.7222685898923,580
2026-02-14,PLTG,B-047,5505.062251246325,470
2026-02-14,PLTG,B-133,1227.9630590395197,585
2026-02-14,MGS,B-32,0.0,0
2026-02-15,GS-1,B-050,4538.382983948281,450
2026-02-15,GS-1,B-061,853.6947539773544,460
2026-02-15,GS-1,B-031,0.0,0
2026-02-15,GS-1,B-074,3569.2745615147614,455
2026-02-15,GS-1,B-020,0.0,0
2026-02-15,GS-1,B-023,0.0,0
2026-02-15,GS-1,B-049,64.11870469786997,500
2026-02-15,GS-1,B-057,0.0,0
2026-02-15,GS-1,B-078,122.13086609118089,435
2026-02-15,GS-1,B-079,154.49554560534384,436
2026-02-15,GS-1,B-106,2937.2473294929005,421
2026-02-15,GS-1,B-108,0.0,0
2026-02-15,GS-1,B-045,0.0,0
2026-02-15,GS-1,B-067,1050.3254483841556,480
2026-02-15,GS-1,B-052,0.0,0
2026-02-15,GS-1,B-066,2216.675219554933,500
2026-02-15,GS-1,B-069,0.0,0
2026-02-15,GS-1,B-205,0.0,0
2026-02-15,GS-1,B-077,128.23740939573995,500
2026-02-15,GS-2,B-092,306.548473888864,570
2026-02-15,GS-2,B-115,0.0,0
2026-02-15,GS-2,B-116,1734.2582984947687,549
2026-02-15,GS-2,B-091,2057.294439305942,534
2026-02-15,GS-2,B-090,0.0,0
2026-02-15,GS-2,B-075,0.0,0
2026-02-15,GS-2,B-038,0.0,0
2026-02-15,GS-2,B-46,0.0,0
2026-02-15,GS-2,B-073,0.0,0
2026-02-15,GS-2,B-076,0.0,0
2026-02-15,GS-2,B-137,0.0,0
2026-02-15,GS-2,BN-14,0.0,0
2026-02-15,GS-3,B-053,3096.0174554114355,510
2026-02-15,GS-3,B-059,0.0,0
2026-02-15,GS-3,B-062,3119.832974299216,485
2026-02-15,GS-3,B-063,0.0,0
2026-02-15,GS-3,B-065,2085.3845385069135,287
2026-02-15,GS-3,B-101,0.0,0
2026-02-15,GS-3,B-107,0.0,0
2026-02-15,GS-3,B-110,0.0,0
2026-02-15,GS-3,B-129,0.0,0
2026-02-15,GS-3,B-134,1373.361589195329,290
2026-02-15,GS-4,BN-033,119.07759443890137,483
2026-02-15,GS-4,BN-037,0.0,0
2026-02-15,GS-4,BN-040,91.59814956838567,290
2026-02-15,GS-4,BN-041,119.07759443890137,570
2026-02-15,GS-4,BN-042,641.1870469786996,560
2026-02-15,GS-4,BN-043,155.71685426625564,535
2026-02-15,GS-4,BN-045,0.0,0
2026-02-15,GS-4,BN-046,0.0,0
2026-02-15,GS-4,BN-049,396.9253147963379,540
2026-02-15,GS-4,B-226,0.0,0
2026-02-15,PLTG,B-120,2946.407144449739,580
2026-02-15,PLTG,B-047,5502.606171738155,470
2026-02-15,PLTG,B-133,1227.415204216368,585
2026-02-15,MGS,B-32,0.0,0
2026-02-16,GS-1,B-050,4548.772263827484,450
2026-02-16,GS-1,B-061,855.6490345574304,460
2026-02-16,GS-1,B-031,0.0,0
2026-02-16,GS-1,B-074,3577.4453554994134,455
2026-02-16,GS-1,B-020,0.0,0
2026-02-16,GS-1,B-023,0.0,0
2026-02-16,GS-1,B-049,64.26548542813318,500
2026-02-16,GS-1,B-057,0.0,0
2026-02-16,GS-1,B-078,122.41044843453939,435
2026-02-16,GS-1,B-079,154.84921726969233,436
2026-02-16,GS-1,B-106,2943.9712848506724,421
2026-02-16,GS-1,B-108,0.0,0
2026-02-16,GS-1,B-045,0.0,0
2026-02-16,GS-1,B-067,1052.7298565370388,480
2026-02-16,GS-1,B-052,0.0,0
2026-02-16,GS-1,B-066,2221.74963908689,500
2026-02-16,GS-1,B-069,0.0,0
2026-02-16,GS-1,B-205,0.0,0
2026-02-16,GS-1,B-077,128.53097085626635,500
2026-02-16,GS-2,B-092,307.2502255706939,570
2026-02-16,GS-2,B-115,0.0,0
2026-02-16,GS-2,B-116,1738.2283677704593,549
2026-02-16,GS-2,B-091,2062.004003879816,534
2026-02-16,GS-2,B-090,0.0,0
2026-02-16,GS-2,B-075,0.0,0
2026-02-16,GS-2,B-038,0.0,0
2026-02-16,GS-2,B-46,0.0,0
2026-02-16,GS-2,B-073,0.0,0
2026-02-16,GS-2,B-076,0.0,0
2026-02-16,GS-2,B-137,0.0,0
2026-02-16,GS-2,BN-14,0.0,0
2026-02-16,GS-3,B-053,3103.1048678155735,510
2026-02-16,GS-3,B-059,0.0,0
2026-02-16,GS-3,B-062,3126.974905260309,485
2026-02-16,GS-3,B-063,0.0,0
2026-02-16,GS-3,B-065,2090.15840701976,287
2026-02-16,GS-3,B-101,0.0,0
2026-02-16,GS-3,B-107,0.0,0
2026-02-16,GS-3,B-110,0.0,0
2026-02-16,GS-3,B-129,0.0,0
2026-02-16,GS-3,B-134,1376.5054926463954,290
2026-02-16,GS-4,BN-033,119.3501872236759,483
2026-02-16,GS-4,BN-037,0.0,0
2026-02-16,GS-4,BN-040,91.80783632590455,290
2026-02-16,GS-4,BN-041,119.3501872236759,570
2026-02-16,GS-4,BN-042,642.6548542813318,560
2026-02-16,GS-4,BN-043,156.07332175403772,535
2026-02-16,GS-4,BN-045,0.0,0
2026-02-16,GS-4,BN-046,0.0,0
2026-02-16,GS-4,BN-049,397.833957412253,540
2026-02-16,GS-4,B-226,0.0,0
2026-02-16,PLTG,B-120,2953.1520684832626,580
2026-02-16,PLTG,B-047,5515.202754218172,470
2026-02-16,PLTG,B-133,1230.225006767121,585
2026-02-16,MGS,B-32,0.0,0
2026-02-17,GS-1,B-050,4556.008902523385,450
2026-02-17,GS-1,B-061,857.0102860236399,460
2026-02-17,GS-1,B-031,0.0,0
2026-02-17,GS-1,B-074,3583.136710878523,455
2026-02-17,GS-1,B-020,0.0,0
2026-02-17,GS-1,B-023,0.0,0
2026-02-17,GS-1,B-049,64.36772534512316,500
2026-02-17,GS-1,B-057,0.0,0
2026-02-17,GS-1,B-078,122.60519113356794,435
2026-02-17,GS-1,B-079,155.09556678396345,436
2026-02-17,GS-1,B-106,2948.654846762309,421
2026-02-17,GS-1,B-108,0.0,0
2026-02-17,GS-1,B-045,0.0,0
2026-02-17,GS-1,B-067,1054.4046437486843,480
2026-02-17,GS-1,B-052,0.0,0
2026-02-17,GS-1,B-066,2225.284219074258,500
2026-02-17,GS-1,B-069,0.0,0
2026-02-17,GS-1,B-205,0.0,0
2026-02-17,GS-1,B-077,128.73545069024632,500
2026-02-17,GS-2,B-092,307.7390297452555,570
2026-02-17,GS-2,B-115,0.0,0
2026-02-17,GS-2,B-116,1740.9937140966647,549
2026-02-17,GS-2,B-091,2065.2844446449517,534
2026-02-17,GS-2,B-090,0.0,0
2026-02-17,GS-2,B-075,0.0,0
2026-02-17,GS-2,B-038,0.0,0
2026-02-17,GS-2,B-46,0.0,0
2026-02-17,GS-2,B-073,0.0,0
2026-02-17,GS-2,B-076,0.0,0
2026-02-17,GS-2,B-137,0.0,0
2026-02-17,GS-2,BN-14,0.0,0
2026-02-17,GS-3,B-053,3108.041595235947,510
2026-02-17,GS-3,B-059,0.0,0
2026-02-17,GS-3,B-062,3131.949607506993,485
2026-02-17,GS-3,B-063,0.0,0
2026-02-17,GS-3,B-065,2093.4836386056727,287
2026-02-17,GS-3,B-101,0.0,0
2026-02-17,GS-3,B-107,0.0,0
2026-02-17,GS-3,B-110,0.0,0
2026-02-17,GS-3,B-129,0.0,0
2026-02-17,GS-3,B-134,1378.6953742969715,290
2026-02-17,GS-4,BN-033,119.54006135522874,483
2026-02-17,GS-4,BN-037,0.0,0
2026-02-17,GS-4,BN-040,91.95389335017595,290
2026-02-17,GS-4,BN-041,119.54006135522874,570
2026-02-17,GS-4,BN-042,643.6772534512316,560
2026-02-17,GS-4,BN-043,156.32161869529912,535
2026-02-17,GS-4,BN-045,0.0,0
2026-02-17,GS-4,BN-046,0.0,0
2026-02-17,GS-4,BN-049,398.4668711840958,540
2026-02-17,GS-4,B-226,0.0,0
2026-02-17,PLTG,B-120,2957.8502360973266,580
2026-02-17,PLTG,B-047,5523.976886522903,470
2026-02-17,PLTG,B-133,1232.1821708923578,585
2026-02-17,MGS,B-32,0.0,0
2026-02-18,GS-1,B-050,4503.89020221215,450
2026-02-18,GS-1,B-061,847.2064723752135,460
2026-02-18,GS-1,B-031,0.0,0
2026-02-18,GS-1,B-074,3542.147232498657,455
2026-02-18,GS-1,B-020,0.0,0
2026-02-18,GS-1,B-023,0.0,0
2026-02-18,GS-1,B-049,63.63138741015552,500
2026-02-18,GS-1,B-057,0.0,0
2026-02-18,GS-1,B-078,121.2026426860105,435
2026-02-18,GS-1,B-079,153.3213429978033,436
2026-02-18,GS-1,B-106,2914.9235565985528,421
2026-02-18,GS-1,B-108,0.0,0
2026-02-18,GS-1,B-045,0.0,0
2026-02-18,GS-1,B-067,1042.3427270996904,480
2026-02-18,GS-1,B-052,0.0,0
2026-02-18,GS-1,B-066,2199.827964751091,500
2026-02-18,GS-1,B-069,0.0,0
2026-02-18,GS-1,B-205,0.0,0
2026-02-18,GS-1,B-077,127.26277482031104,500
2026-02-18,GS-2,B-092,304.21863314188636,570
2026-02-18,GS-2,B-115,0.0,0
2026-02-18,GS-2,B-116,1721.0775261413492,549
2026-02-18,GS-2,B-091,2041.658516045847,534
2026-02-18,GS-2,B-090,0.0,0
2026-02-18,GS-2,B-075,0.0,0
2026-02-18,GS-2,B-038,0.0,0
2026-02-18,GS-2,B-46,0.0,0
2026-02-18,GS-2,B-073,0.0,0
2026-02-18,GS-2,B-076,0.0,0
2026-02-18,GS-2,B-137,0.0,580
2026-02-18,GS-2,BN-14,0.0,0
2026-02-18,GS-3,B-053,3072.4869920903666,510
2026-02-18,GS-3,B-059,0.0,0
2026-02-18,GS-3,B-062,3096.1215074141383,485
2026-02-18,GS-3,B-063,0.0,0
2026-02-18,GS-3,B-065,2069.5351238636295,287
2026-02-18,GS-3,B-101,0.0,0
2026-02-18,GS-3,B-107,0.0,0
2026-02-18,GS-3,B-110,0.0,0
2026-02-18,GS-3,B-129,0.0,0
2026-02-18,GS-3,B-134,1362.9237170041881,290
2026-02-18,GS-4,BN-033,118.17257661886025,483
2026-02-18,GS-4,BN-037,0.0,0
2026-02-18,GS-4,BN-040,90.90198201450788,290
2026-02-18,GS-4,BN-041,118.17257661886025,570
2026-02-18,GS-4,BN-042,636.3138741015551,560
2026-02-18,GS-4,BN-043,154.5333694246634,535
2026-02-18,GS-4,BN-045,0.0,0
2026-02-18,GS-4,BN-046,0.0,0
2026-02-18,GS-4,BN-049,393.90858872953413,540
2026-02-18,GS-4,B-226,0.0,0
2026-02-18,PLTG,B-120,2924.0137548000034,580
2026-02-18,PLTG,B-047,5460.785066218204,470
2026-02-18,PLTG,B-133,1218.0865589944056,585
2026-02-18,MGS,B-32,0.0,0
2026-02-19,GS-1,B-050,4483.0,450
2026-02-19,GS-1,B-061,843.0,460
2026-02-19,GS-1,B-031,0.0,0
2026-02-19,GS-1,B-074,3526.0,455
2026-02-19,GS-1,B-020,0.0,0
2026-02-19,GS-1,B-023,0.0,0
2026-02-19,GS-1,B-049,63.0,500
2026-02-19,GS-1,B-057,0.0,0
2026-02-19,GS-1,B-078,121.0,435
2026-02-19,GS-1,B-079,153.0,436
2026-02-19,GS-1,B-106,2901.0,421
2026-02-19,GS-1,B-108,0.0,0
2026-02-19,GS-1,B-045,0.0,0
2026-02-19,GS-1,B-067,1038.0,480
2026-02-19,GS-1,B-052,0.0,0
2026-02-19,GS-1,B-066,2190.0,500
2026-02-19,GS-1,B-069,0.0,0
2026-02-19,GS-1,B-205,0.0,0
2026-02-19,GS-1,B-077,127.0,500
2026-02-19,GS-2,B-092,303.0,570
2026-02-19,GS-2,B-115,0.0,0
2026-02-19,GS-2,B-116,1713.0,549
2026-02-19,GS-2,B-091,2032.0,534
2026-02-19,GS-2,B-090,0.0,0
2026-02-19,GS-2,B-075,0.0,0
2026-02-19,GS-2,B-038,0.0,0
2026-02-19,GS-2,B-46,0.0,0
2026-02-19,GS-2,B-073,0.0,0
2026-02-19,GS-2,B-076,0.0,0
2026-02-19,GS-2,B-137,442.0,580
2026-02-19,GS-2,BN-14,0.0,0
2026-02-19,GS-3,B-053,3058.0,510
2026-02-19,GS-3,B-059,0.0,0
2026-02-19,GS-3,B-062,3082.0,485
2026-02-19,GS-3,B-063,0.0,0
2026-02-19,GS-3,B-065,2060.0,287
2026-02-19,GS-3,B-101,0.0,0
2026-02-19,GS-3,B-107,0.0,0
2026-02-19,GS-3,B-110,0.0,0
2026-02-19,GS-3,B-129,0.0,0
2026-02-19,GS-3,B-134,1357.0,290
2026-02-19,GS-4,BN-033,118.0,483
2026-02-19,GS-4,BN-037,0.0,0
2026-02-19,GS-4,BN-040,90.0,290
2026-02-19,GS-4,BN-041,118.0,570
2026-02-19,GS-4,BN-042,633.0,560
2026-02-19,GS-4,BN-043,154.0,535
2026-02-19,GS-4,BN-045,0.0,0
2026-02-19,GS-4,BN-046,0.0,0
2026-02-19,GS-4,BN-049,392.0,540
2026-02-19,GS-4,B-226,0.0,0
2026-02-19,PLTG,B-120,2910.0,580
2026-02-19,PLTG,B-047,5436.0,470
2026-02-19,PLTG,B-133,1212.0,585
2026-02-19,MGS,B-32,0.0,0
2026-02-20,GS-1,B-050,4449.0,450
2026-02-20,GS-1,B-061,837.0,460
2026-02-20,GS-1,B-031,0.0,0
2026-02-20,GS-1,B-074,3499.0,455
2026-02-20,GS-1,B-020,0.0,0
2026-02-20,GS-1,B-023,0.0,0
2026-02-20,GS-1,B-049,63.0,500
2026-02-20,GS-1,B-057,0.0,0
2026-02-20,GS-1,B-078,120.0,435
2026-02-20,GS-1,B-079,151.0,436
2026-02-20,GS-1,B-106,2879.0,421
2026-02-20,GS-1,B-108,0.0,0
2026-02-20,GS-1,B-045,0.0,0
2026-02-20,GS-1,B-067,1030.0,480
2026-02-20,GS-1,B-052,0.0,0
2026-02-20,GS-1,B-066,2173.0,500
2026-02-20,GS-1,B-069,0.0,0
2026-02-20,GS-1,B-205,0.0,0
2026-02-20,GS-1,B-077,126.0,500
2026-02-20,GS-2,B-092,301.0,570
2026-02-20,GS-2,B-115,0.0,0
2026-02-20,GS-2,B-116,1700.0,549
2026-02-20,GS-2,B-091,2017.0,534
2026-02-20,GS-2,B-090,0.0,0
2026-02-20,GS-2,B-075,0.0,0
2026-02-20,GS-2,B-038,0.0,0
2026-02-20,GS-2,B-46,0.0,0
2026-02-20,GS-2,B-073,0.0,0
2026-02-20,GS-2,B-076,0.0,0
2026-02-20,GS-2,B-137,438.0,550
2026-02-20,GS-2,BN-14,0.0,0
2026-02-20,GS-3,B-053,3035.0,510
2026-02-20,GS-3,B-059,0.0,0
2026-02-20,GS-3,B-062,3058.0,485
2026-02-20,GS-3,B-063,0.0,0
2026-02-20,GS-3,B-065,2044.0,287
2026-02-20,GS-3,B-101,0.0,0
2026-02-20,GS-3,B-107,0.0,0
2026-02-20,GS-3,B-110,0.0,0
2026-02-20,GS-3,B-129,0.0,0
2026-02-20,GS-3,B-134,1346.0,290
2026-02-20,GS-4,BN-033,117.0,483
2026-02-20,GS-4,BN-037,0.0,0
2026-02-20,GS-4,BN-040,90.0,290
2026-02-20,GS-4,BN-041,117.0,570
2026-02-20,GS-4,BN-042,629.0,560
2026-02-20,GS-4,BN-043,153.0,535
2026-02-20,GS-4,BN-045,0.0,0
2026-02-20,GS-4,BN-046,0.0,0
2026-02-20,GS-4,BN-049,389.0,540
2026-02-20,GS-4,B-226,0.0,0
2026-02-20,PLTG,B-120,2888.0,580
2026-02-20,PLTG,B-047,5394.0,470
2026-02-20,PLTG,B-133,1203.0,585
2026-02-20,MGS,B-32,,
2026-02-21,GS-1,B-050,4450.0,450
2026-02-21,GS-1,B-061,837.0,460
2026-02-21,GS-1,B-031,0.0,0
2026-02-21,GS-1,B-074,3500.0,455
2026-02-21,GS-1,B-020,0.0,0
2026-02-21,GS-1,B-023,0.0,0
2026-02-21,GS-1,B-049,63.0,500
2026-02-21,GS-1,B-057,0.0,0
2026-02-21,GS-1,B-078,120.0,435
2026-02-21,GS-1,B-079,151.0,436
2026-02-21,GS-1,B-106,2880.0,421
2026-02-21,GS-1,B-108,0.0,0
2026-02-21,GS-1,B-045,0.0,0
2026-02-21,GS-1,B-067,1030.0,480
2026-02-21,GS-1,B-052,0.0,0
2026-02-21,GS-1,B-066,2174.0,500
2026-02-21,GS-1,B-069,0.0,0
2026-02-21,GS-1,B-205,0.0,0
2026-02-21,GS-1,B-077,126.0,500
2026-02-21,GS-2,B-092,301.0,570
2026-02-21,GS-2,B-115,0.0,0
2026-02-21,GS-2,B-116,1701.0,549
2026-02-21,GS-2,B-091,2017.0,534
2026-02-21,GS-2,B-090,0.0,0
2026-02-21,GS-2,B-075,0.0,0
2026-02-21,GS-2,B-038,0.0,0
2026-02-21,GS-2,B-46,0.0,0
2026-02-21,GS-2,B-073,0.0,0
2026-02-21,GS-2,B-076,0.0,0
2026-02-21,GS-2,B-137,438.0,550
2026-02-21,GS-2,BN-14,0.0,0
2026-02-21,GS-3,B-053,3036.0,510
2026-02-21,GS-3,B-059,0.0,0
2026-02-21,GS-3,B-062,3059.0,485
2026-02-21,GS-3,B-063,0.0,0
2026-02-21,GS-3,B-065,2045.0,287
2026-02-21,GS-3,B-101,0.0,0
2026-02-21,GS-3,B-107,0.0,0
2026-02-21,GS-3,B-110,0.0,0
2026-02-21,GS-3,B-129,0.0,0
2026-02-21,GS-3,B-134,1347.0,290
2026-02-21,GS-4,BN-033,117.0,483
2026-02-21,GS-4,BN-037,0.0,0
2026-02-21,GS-4,BN-040,90.0,290
2026-02-21,GS-4,BN-041,117.0,570
2026-02-21,GS-4,BN-042,629.0,560
2026-02-21,GS-4,BN-043,153.0,535
2026-02-21,GS-4,BN-045,0.0,0
2026-02-21,GS-4,BN-046,0.0,0
2026-02-21,GS-4,BN-049,389.0,540
2026-02-21,GS-4,B-226,0.0,0
2026-02-21,PLTG,B-120,2889.0,580
2026-02-21,PLTG,B-047,5396.0,470
2026-02-21,PLTG,B-133,1204.0,585
2026-02-21,MGS,B-32,0.0,0
2026-02-22,GS-1,B-050,4370.611289602855,450
2026-02-22,GS-1,B-061,822.1359772423025,460
2026-02-22,GS-1,B-031,0.0,0
2026-02-22,GS-1,B-074,3437.3281738063365,455
2026-02-22,GS-1,B-020,0.0,0
2026-02-22,GS-1,B-023,0.0,0
2026-02-22,GS-1,B-049,61.748410307898254,500
2026-02-22,GS-1,B-057,0.0,0
2026-02-22,GS-1,B-078,117.61601963409191,435
2026-02-22,GS-1,B-079,148.78426483712627,436
2026-02-22,GS-1,B-106,2828.6652721999108,421
2026-02-22,GS-1,B-108,0.0,0
2026-02-22,GS-1,B-067,1011.4977688531905,480
2026-02-22,GS-1,B-052,0.0,0
2026-02-22,GS-1,B-066,2134.7307563587683,500
2026-02-22,GS-1,B-069,0.0,0
2026-02-22,GS-1,B-077,123.49682061579651,500
2026-02-22,GS-2,B-092,295.2162092815707,570
2026-02-22,GS-2,B-115,0.0,0
2026-02-22,GS-2,B-116,1670.1474788041053,549
2026-02-22,GS-2,B-091,1981.2418507362784,534
2026-02-22,GS-2,B-090,0.0,0
2026-02-22,GS-2,B-075,0.0,0
2026-02-22,GS-2,B-038,0.0,0
2026-02-22,GS-2,B-046,0.0,0
2026-02-22,GS-2,B-073,0.0,0
2026-02-22,GS-2,B-076,0.0,0
2026-02-22,GS-2,B-137,430.4746318607764,550
2026-02-22,GS-2,BN-014,0.0,0
2026-02-22,GS-3,B-053,2981.56609772423,510
2026-02-22,GS-3,B-059,0.0,0
2026-02-22,GS-3,B-062,3004.501221552878,485
2026-02-22,GS-3,B-063,0.0,0
2026-02-22,GS-3,B-065,2008.2935352521195,287
2026-02-22,GS-3,B-101,0.0,0
2026-02-22,GS-3,B-107,0.0,0
2026-02-22,GS-3,B-110,0.0,0
2026-02-22,GS-3,B-129,0.0,0
2026-02-22,GS-3,B-134,1322.5921407853637,290
2026-02-22,GS-4,BN-033,114.67561914323962,483
2026-02-22,GS-4,BN-040,88.21201472556893,290
2026-02-22,GS-4,BN-041,114.67561914323962,570
2026-02-22,GS-4,BN-042,617.4841030789826,560
2026-02-22,GS-4,BN-043,149.9604250334672,535
2026-02-22,GS-4,BN-045,0.0,0
2026-02-22,GS-4,BN-046,0.0,0
2026-02-22,GS-4,B-226,0.0,0
2026-02-22,PLTG,B-120,2837.4864736724676,580
2026-02-22,PLTG,B-047,5299.189764614011,470
2026-02-22,PLTG,B-133,1182.0409973226238,585
2026-02-22,MGS,B-32,0.0,0
2026-02-23,GS-1,B-050,4198.060849621655,450
2026-02-23,GS-1,B-061,789.678292218928,460
2026-02-23,GS-1,B-031,0.0,0
2026-02-23,GS-1,B-074,3301.6234749782793,455
2026-02-23,GS-1,B-020,0.0,0
2026-02-23,GS-1,B-023,607.2275852184175,502
2026-02-23,GS-1,B-049,59.3106013469152,500
2026-02-23,GS-1,B-057,0.0,0
2026-02-23,GS-1,B-078,112.97257399412419,435
2026-02-23,GS-1,B-079,142.9103061025671,436
2026-02-23,GS-1,B-106,2716.990404558687,421
2026-02-23,GS-1,B-108,0.0,0
2026-02-23,GS-1,B-045,0.0,0
2026-02-23,GS-1,B-067,971.5641363494681,480
2026-02-23,GS-1,B-052,0.0,0
2026-02-23,GS-1,B-066,2050.452217993354,500
2026-02-23,GS-1,B-069,0.0,0
2026-02-23,GS-1,B-205,0.0,0
2026-02-23,GS-1,B-077,118.6212026938304,500
2026-02-23,GS-2,B-092,283.56116072525174,570
2026-02-23,GS-2,B-115,0.0,0
2026-02-23,GS-2,B-116,1604.2105507165636,549
2026-02-23,GS-2,B-091,1903.023008931022,534
2026-02-23,GS-2,B-090,0.0,0
2026-02-23,GS-2,B-075,0.0,0
2026-02-23,GS-2,B-038,0.0,0
2026-02-23,GS-2,B-46,0.0,0
2026-02-23,GS-2,B-073,0.0,0
2026-02-23,GS-2,B-076,0.0,0
2026-02-23,GS-2,B-137,413.47962081849454,550
2026-02-23,GS-2,BN-14,0.0,0
2026-02-23,GS-3,B-053,2863.8547507510484,510
2026-02-23,GS-3,B-059,0.0,0
2026-02-23,GS-3,B-062,2885.8844026799025,485
2026-02-23,GS-3,B-063,0.0,0
2026-02-23,GS-3,B-065,1929.0067009496706,287
2026-02-23,GS-3,B-101,0.0,0
2026-02-23,GS-3,B-107,0.0,0
2026-02-23,GS-3,B-110,0.0,0
2026-02-23,GS-3,B-129,0.0,0
2026-02-23,GS-3,B-134,1270.3765945639266,290
2026-02-23,GS-4,BN-033,110.14825964427109,483
2026-02-23,GS-4,BN-037,0.0,0
2026-02-23,GS-4,BN-040,84.72943049559315,290
2026-02-23,GS-4,BN-041,110.14825964427109,570
2026-02-23,GS-4,BN-042,593.106013469152,560
2026-02-23,GS-4,BN-043,144.04003184250834,535
2026-02-23,GS-4,BN-045,0.0,0
2026-02-23,GS-4,BN-046,0.0,0
2026-02-23,GS-4,BN-049,367.1608654809036,540
2026-02-23,GS-4,B-226,0.0,0
2026-02-23,PLTG,B-120,2725.4633476082463,580
2026-02-23,PLTG,B-047,5089.979321305265,470
2026-02-23,PLTG,B-133,1135.3743686409482,585
2026-02-23,MGS,B-32,0.0,0
2026-02-24,GS-1,B-050,4315.009262377624,450
2026-02-24,GS-1,B-061,811.6769306786757,460
2026-02-24,GS-1,B-031,0.0,0
2026-02-24,GS-1,B-074,3393.5991844183545,455
2026-02-24,GS-1,B-020,0.0,0
2026-02-24,GS-1,B-023,624.1435625748043,502
2026-02-24,GS-1,B-049,60.96285960032972,500
2026-02-24,GS-1,B-057,0.0,0
2026-02-24,GS-1,B-078,116.1197325720566,435
2026-02-24,GS-1,B-079,146.8914617036516,436
2026-02-24,GS-1,B-106,2792.6795683579617,421
2026-02-24,GS-1,B-108,0.0,0
2026-02-24,GS-1,B-045,0.0,0
2026-02-24,GS-1,B-067,998.6297001196868,480
2026-02-24,GS-1,B-052,0.0,0
2026-02-24,GS-1,B-066,2107.5731461828277,500
2026-02-24,GS-1,B-069,0.0,0
2026-02-24,GS-1,B-205,0.0,0
2026-02-24,GS-1,B-077,121.92571920065944,500
2026-02-24,GS-2,B-092,291.4605287558621,570
2026-02-24,GS-2,B-115,0.0,0
2026-02-24,GS-2,B-116,1648.900202523204,549
2026-02-24,GS-2,B-091,1956.0368951762937,534
2026-02-24,GS-2,B-090,0.0,0
2026-02-24,GS-2,B-075,0.0,0
2026-02-24,GS-2,B-038,0.0,0
2026-02-24,GS-2,B-46,0.0,0
2026-02-24,GS-2,B-073,0.0,0
2026-02-24,GS-2,B-076,0.0,0
2026-02-24,GS-2,B-137,424.9982212137272,550
2026-02-24,GS-2,BN-14,0.0,0
2026-02-24,GS-3,B-053,2943.6352207016353,510
2026-02-24,GS-3,B-059,0.0,0
2026-02-24,GS-3,B-062,2966.2785685531862,485
2026-02-24,GS-3,B-063,0.0,0
2026-02-24,GS-3,B-065,1982.7444336678666,287
2026-02-24,GS-3,B-101,0.0,0
2026-02-24,GS-3,B-107,0.0,0
2026-02-24,GS-3,B-110,0.0,0
2026-02-24,GS-3,B-129,0.0,0
2026-02-24,GS-3,B-134,1305.7663927727765,290
2026-02-24,GS-4,BN-033,113.2167392577552,483
2026-02-24,GS-4,BN-037,0.0,0
2026-02-24,GS-4,BN-040,87.08979942904246,290
2026-02-24,GS-4,BN-041,113.2167392577552,570
2026-02-24,GS-4,BN-042,609.6285960032972,560
2026-02-24,GS-4,BN-043,148.05265902937217,535
2026-02-24,GS-4,BN-045,0.0,0
2026-02-24,GS-4,BN-046,0.0,0
2026-02-24,GS-4,BN-049,377.389130859184,540
2026-02-24,GS-4,B-226,0.0,0
2026-02-24,PLTG,B-120,2801.3885483008658,580
2026-02-24,PLTG,B-047,5231.774551034011,470
2026-02-24,PLTG,B-133,1167.003312349169,585
2026-02-24,MGS,B-32,0.0,0
2026-02-25,GS-1,B-050,4284.08006842679,450
2026-02-25,GS-1,B-061,805.8589795022406,460
2026-02-25,GS-1,B-031,0.0,0
2026-02-25,GS-1,B-074,3369.274488691414,455
2026-02-25,GS-1,B-020,0.0,0
2026-02-25,GS-1,B-023,619.6698161408502,502
2026-02-25,GS-1,B-049,60.52588901840863,500
2026-02-25,GS-1,B-057,0.0,0
2026-02-25,GS-1,B-078,115.28740765411168,435
2026-02-25,GS-1,B-079,145.83857068245126,436
2026-02-25,GS-1,B-106,2772.662154081386,421
2026-02-25,GS-1,B-108,0.0,0
2026-02-25,GS-1,B-045,0.0,0
2026-02-25,GS-1,B-067,991.4717058253603,480
2026-02-25,GS-1,B-052,0.0,0
2026-02-25,GS-1,B-066,2092.466448922127,500
2026-02-25,GS-1,B-069,0.0,0
2026-02-25,GS-1,B-205,0.0,0
2026-02-25,GS-1,B-077,121.05177803681725,500
2026-02-25,GS-2,B-092,289.3713932118203,570
2026-02-25,GS-2,B-115,0.0,0
2026-02-25,GS-2,B-116,1637.0811886883857,549
2026-02-25,GS-2,B-091,1942.0163819335112,534
2026-02-25,GS-2,B-090,0.0,0
2026-02-25,GS-2,B-075,0.0,0
2026-02-25,GS-2,B-038,0.0,0
2026-02-25,GS-2,B-46,0.0,0
2026-02-25,GS-2,B-073,0.0,0
2026-02-25,GS-2,B-076,0.0,0
2026-02-25,GS-2,B-137,421.95191201404873,550
2026-02-25,GS-2,BN-14,0.0,0
2026-02-25,GS-3,B-053,2922.535784031731,510
2026-02-25,GS-3,B-059,0.0,0
2026-02-25,GS-3,B-062,2945.0168285242826,485
2026-02-25,GS-3,B-063,0.0,0
2026-02-25,GS-3,B-065,1968.532485693957,287
2026-02-25,GS-3,B-101,0.0,0
2026-02-25,GS-3,B-107,0.0,0
2026-02-25,GS-3,B-110,0.0,0
2026-02-25,GS-3,B-129,0.0,0
2026-02-25,GS-3,B-134,0.0,0
2026-02-25,GS-4,BN-033,112.40522246275889,483
2026-02-25,GS-4,BN-037,0.0,0
2026-02-25,GS-4,BN-040,86.46555574058375,290
2026-02-25,GS-4,BN-041,112.40522246275889,570
2026-02-25,GS-4,BN-042,605.2588901840863,560
2026-02-25,GS-4,BN-043,146.99144475899237,535
2026-02-25,GS-4,BN-045,0.0,0
2026-02-25,GS-4,BN-046,0.0,0
2026-02-25,GS-4,BN-049,374.68407487586296,540
2026-02-25,GS-4,B-226,0.0,0
2026-02-25,PLTG,B-120,2781.308709655444,580
2026-02-25,PLTG,B-047,5194.2741518560015,470
2026-02-25,PLTG,B-133,1158.6384469238224,585
2026-02-25,MGS,B-32,0.0,0
2026-02-26,GS-1,B-050,4244.677919745422,450
2026-02-26,GS-1,B-061,798.4472190263858,460
2026-02-26,GS-1,B-031,0.0,0
2026-02-26,GS-1,B-074,3338.2861196060267,455
2026-02-26,GS-1,B-020,0.0,0
2026-02-26,GS-1,B-023,613.9705010396028,502
2026-02-26,GS-1,B-049,59.96921172944958,500
2026-02-26,GS-1,B-057,0.0,0
2026-02-26,GS-1,B-078,114.22706996085634,435
2026-02-26,GS-1,B-079,144.49724350048328,436
2026-02-26,GS-1,B-106,2747.1610325585953,421
2026-02-26,GS-1,B-108,0.0,0
2026-02-26,GS-1,B-045,0.0,0
2026-02-26,GS-1,B-067,982.3528016633645,480
2026-02-26,GS-1,B-052,0.0,0
2026-02-26,GS-1,B-066,2073.2213197895426,500
2026-02-26,GS-1,B-069,0.0,0
2026-02-26,GS-1,B-205,0.0,0
2026-02-26,GS-1,B-077,119.93842345889917,500
2026-02-26,GS-2,B-092,286.70994560174944,570
2026-02-26,GS-2,B-115,0.0,0
2026-02-26,GS-2,B-116,1622.02439344416,549
2026-02-26,GS-2,B-091,1924.154993490625,534
2026-02-26,GS-2,B-090,0.0,0
2026-02-26,GS-2,B-075,0.0,0
2026-02-26,GS-2,B-038,0.0,0
2026-02-26,GS-2,B-46,0.0,0
2026-02-26,GS-2,B-073,0.0,0
2026-02-26,GS-2,B-076,0.0,0
2026-02-26,GS-2,B-137,418.0710760567342,550
2026-02-26,GS-2,BN-14,0.0,0
2026-02-26,GS-3,B-053,2895.656223507708,510
2026-02-26,GS-3,B-059,0.0,0
2026-02-26,GS-3,B-062,2917.9305021500754,485
2026-02-26,GS-3,B-063,0.0,0
2026-02-26,GS-3,B-065,1950.427219581622,287
2026-02-26,GS-3,B-101,0.0,0
2026-02-26,GS-3,B-107,0.0,0
2026-02-26,GS-3,B-110,0.0,0
2026-02-26,GS-3,B-129,0.0,0
2026-02-26,GS-3,B-134,0.0,0
2026-02-26,GS-4,BN-033,111.37139321183493,483
2026-02-26,GS-4,BN-037,0.0,0
2026-02-26,GS-4,BN-040,85.67030247064226,290
2026-02-26,GS-4,BN-041,111.37139321183493,570
2026-02-26,GS-4,BN-042,599.6921172944958,560
2026-02-26,GS-4,BN-043,145.63951420009184,535
2026-02-26,GS-4,BN-045,0.0,0
2026-02-26,GS-4,BN-046,0.0,0
2026-02-26,GS-4,BN-049,371.2379773727831,540
2026-02-26,GS-4,B-226,0.0,0
2026-02-26,PLTG,B-120,2755.728062805659,580
2026-02-26,PLTG,B-047,5146.500637086382,470
2026-02-26,PLTG,B-133,1147.9820531066061,585
2026-02-26,MGS,B-32,0.0,0
2026-02-27,GS-1,B-050,4251.892661782482,450
2026-02-27,GS-1,B-061,799.8043516108597,460
2026-02-27,GS-1,B-031,0.0,0
2026-02-27,GS-1,B-074,3343.960254052557,455
2026-02-27,GS-1,B-020,0.0,0
2026-02-27,GS-1,B-023,615.0140758094951,502
2026-02-27,GS-1,B-049,60.07114228836929,500
2026-02-27,GS-1,B-057,0.0,0
2026-02-27,GS-1,B-078,114.4212234064177,435
2026-02-27,GS-1,B-079,144.74284760911837,436
2026-02-27,GS-1,B-106,2751.8304229243454,421
2026-02-27,GS-1,B-108,0.0,0
2026-02-27,GS-1,B-045,0.0,0
2026-02-27,GS-1,B-067,984.0225212951922,480
2026-02-27,GS-1,B-052,0.0,0
2026-02-27,GS-1,B-066,2076.7452048264813,500
2026-02-27,GS-1,B-069,0.0,0
2026-02-27,GS-1,B-205,0.0,0
2026-02-27,GS-1,B-077,120.14228457673858,500
2026-02-27,GS-2,B-092,287.19727075010843,570
2026-02-27,GS-2,B-115,0.0,0
2026-02-27,GS-2,B-116,1624.7813723711313,549
2026-02-27,GS-2,B-091,1927.425508281106,534
2026-02-27,GS-2,B-090,0.0,0
2026-02-27,GS-2,B-075,0.0,0
2026-02-27,GS-2,B-038,0.0,0
2026-02-27,GS-2,B-46,0.0,0
2026-02-27,GS-2,B-073,0.0,0
2026-02-27,GS-2,B-076,0.0,0
2026-02-27,GS-2,B-137,418.78167766748874,550
2026-02-27,GS-2,BN-14,0.0,0
2026-02-27,GS-3,B-053,2900.5780133526887,510
2026-02-27,GS-3,B-059,0.0,0
2026-02-27,GS-3,B-062,2922.89015191694,485
2026-02-27,GS-3,B-063,0.0,0
2026-02-27,GS-3,B-065,1953.742389664582,287
2026-02-27,GS-3,B-101,0.0,0
2026-02-27,GS-3,B-107,0.0,0
2026-02-27,GS-3,B-110,0.0,0
2026-02-27,GS-3,B-129,0.0,0
2026-02-27,GS-3,B-134,0.0,0
2026-02-27,GS-4,BN-033,111.56069282125725,483
2026-02-27,GS-4,BN-037,0.0,0
2026-02-27,GS-4,BN-040,85.81591755481327,290
2026-02-27,GS-4,BN-041,111.56069282125725,570
2026-02-27,GS-4,BN-042,600.7114228836929,560
2026-02-27,GS-4,BN-043,145.88705984318256,535
2026-02-27,GS-4,BN-045,0.0,0
2026-02-27,GS-4,BN-046,0.0,0
2026-02-27,GS-4,BN-049,371.8689760708575,540
2026-02-27,GS-4,B-226,0.0,0
2026-02-27,PLTG,B-120,2760.412014679827,580
2026-02-27,PLTG,B-047,5155.248220576149,470
2026-02-27,PLTG,B-133,1149.9332952344978,585
2026-02-27,MGS,B-32,0.0,0
2026-02-28,GS-1,B-050,3953.0129486103783,450
2026-02-28,GS-1,B-061,743.5834367811234,460
2026-02-28,GS-1,B-031,0.0,0
2026-02-28,GS-1,B-074,3108.902137328803,455
2026-02-28,GS-1,B-020,0.0,0
2026-02-28,GS-1,B-023,571.7826856507207,502
2026-02-28,GS-1,B-049,55.848541389140166,500
2026-02-28,GS-1,B-057,0.0,0
2026-02-28,GS-1,B-078,106.3781740745527,435
2026-02-28,GS-1,B-079,134.56839020430917,436
2026-02-28,GS-1,B-106,2558.3950864929925,421
2026-02-28,GS-1,B-108,0.0,0
2026-02-28,GS-1,B-045,0.0,0
2026-02-28,GS-1,B-067,914.8522970411532,480
2026-02-28,GS-1,B-052,0.0,0
2026-02-28,GS-1,B-066,1930.7638594531315,500
2026-02-28,GS-1,B-069,0.0,0
2026-02-28,GS-1,B-205,0.0,0
2026-02-28,GS-1,B-077,111.69708277828033,500
2026-02-28,GS-2,B-092,267.0092169271273,570
2026-02-28,GS-2,B-115,0.0,0
2026-02-28,GS-2,B-116,1510.5700718586484,549
2026-02-28,GS-2,B-091,1791.9403422858402,534
2026-02-28,GS-2,B-090,0.0,0
2026-02-28,GS-2,B-075,0.0,0
2026-02-28,GS-2,B-038,0.0,0
2026-02-28,GS-2,B-46,0.0,0
2026-02-28,GS-2,B-073,0.0,0
2026-02-28,GS-2,B-076,0.0,0
2026-02-28,GS-2,B-137,389.3441171128629,550
2026-02-28,GS-2,BN-14,0.0,0
2026-02-28,GS-3,B-053,2696.686712789911,510
2026-02-28,GS-3,B-059,0.0,0
2026-02-28,GS-3,B-062,2717.430456734449,485
2026-02-28,GS-3,B-063,0.0,0
2026-02-28,GS-3,B-065,1816.4073223229873,287
2026-02-28,GS-3,B-101,0.0,0
2026-02-28,GS-3,B-107,0.0,0
2026-02-28,GS-3,B-110,0.0,0
2026-02-28,GS-3,B-129,0.0,0
2026-02-28,GS-3,B-134,0.0,0
2026-02-28,GS-4,BN-033,103.71871972268889,483
2026-02-28,GS-4,BN-037,0.0,0
2026-02-28,GS-4,BN-040,79.78363055591453,290
2026-02-28,GS-4,BN-041,103.71871972268889,570
2026-02-28,GS-4,BN-042,558.4854138914017,560
2026-02-28,GS-4,BN-043,135.6321719450547,535
2026-02-28,GS-4,BN-045,0.0,0
2026-02-28,GS-4,BN-046,0.0,0
2026-02-28,GS-4,BN-049,345.72906574229626,540
2026-02-28,GS-4,B-226,0.0,0
2026-02-28,PLTG,B-120,2566.3734495485837,580
2026-02-28,PLTG,B-047,4792.868632928972,470
2026-02-28,PLTG,B-133,1069.1006494492547,585
2026-02-28,MGS,B-32,0.0,0
2026-03-01,GS-1,B-050,4230.379698033432,450
2026-03-01,GS-1,B-061,795.7576450283556,460
2026-03-01,GS-1,B-031,0.0,0
2026-03-01,GS-1,B-074,3327.0410838274233,455
2026-03-01,GS-1,B-020,0.0,0
2026-03-01,GS-1,B-023,611.9023379152233,502
2026-03-01,GS-1,B-049,59.76720509869623,500
2026-03-01,GS-1,B-057,0.0,0
2026-03-01,GS-1,B-078,113.84229542608806,435
2026-03-01,GS-1,B-079,144.0105037140014,436
2026-03-01,GS-1,B-106,2737.907204997418,421
2026-03-01,GS-1,B-108,0.0,0
2026-03-01,GS-1,B-045,0.0,0
2026-03-01,GS-1,B-067,979.0437406643573,480
2026-03-01,GS-1,B-052,0.0,0
2026-03-01,GS-1,B-066,2066.237661983498,500
2026-03-01,GS-1,B-069,0.0,0
2026-03-01,GS-1,B-205,0.0,0
2026-03-01,GS-1,B-077,119.53441019739246,500
2026-03-01,GS-2,B-092,285.74416151948105,570
2026-03-01,GS-2,B-115,0.0,0
2026-03-01,GS-2,B-116,1616.5605950504505,549
2026-03-01,GS-2,B-091,1917.6734664524533,534
2026-03-01,GS-2,B-090,0.0,0
2026-03-01,GS-2,B-075,0.0,0
2026-03-01,GS-2,B-038,0.0,0
2026-03-01,GS-2,B-46,0.0,0
2026-03-01,GS-2,B-073,0.0,0
2026-03-01,GS-2,B-076,0.0,0
2026-03-01,GS-2,B-137,416.6628012594823,550
2026-03-01,GS-2,BN-14,0.0,0
2026-03-01,GS-3,B-053,2885.9021890513322,510
2026-03-01,GS-3,B-059,0.0,0
2026-03-01,GS-3,B-062,2908.1014366594195,485
2026-03-01,GS-3,B-063,0.0,0
2026-03-01,GS-3,B-065,1943.8571944004536,287
2026-03-01,GS-3,B-101,0.0,0
2026-03-01,GS-3,B-107,0.0,0
2026-03-01,GS-3,B-110,0.0,0
2026-03-01,GS-3,B-129,0.0,0
2026-03-01,GS-3,B-134,0.0,0
2026-03-01,GS-4,BN-033,110.99623804043586,483
2026-03-01,GS-4,BN-037,0.0,0
2026-03-01,GS-4,BN-040,85.38172156956604,290
2026-03-01,GS-4,BN-041,110.99623804043586,570
2026-03-01,GS-4,BN-042,597.6720509869623,560
2026-03-01,GS-4,BN-043,145.14892666826228,535
2026-03-01,GS-4,BN-045,0.0,0
2026-03-01,GS-4,BN-046,0.0,0
2026-03-01,GS-4,BN-049,369.9874601347862,540
2026-03-01,GS-4,B-226,0.0,0
2026-03-01,PLTG,B-120,2746.4453771543745,580
2026-03-01,PLTG,B-047,5129.164620422397,470
2026-03-01,PLTG,B-133,1144.115069032185,585
2026-03-01,MGS,B-32,0.0,0
2026-03-02,GS-1,B-050,4327.270073876711,450
2026-03-02,GS-1,B-061,813.9832566307375,460
2026-03-02,GS-1,B-031,0.0,0
2026-03-02,GS-1,B-074,3403.241870534092,455
2026-03-02,GS-1,B-020,0.0,0
2026-03-02,GS-1,B-023,625.9170249485285,502
2026-03-02,GS-1,B-049,61.136081506600455,500
2026-03-02,GS-1,B-057,0.0,0
2026-03-02,GS-1,B-078,116.44967906019134,435
2026-03-02,GS-1,B-079,147.30884401114204,436
2026-03-02,GS-1,B-106,2800.6147813976017,421
2026-03-02,GS-1,B-108,0.0,0
2026-03-02,GS-1,B-045,0.0,0
2026-03-02,GS-1,B-067,1001.4672399176455,480
2026-03-02,GS-1,B-052,0.0,0
2026-03-02,GS-1,B-066,2113.561674942473,500
2026-03-02,GS-1,B-069,0.0,0
2026-03-02,GS-1,B-205,0.0,0
2026-03-02,GS-1,B-077,122.27216301320091,500
2026-03-02,GS-2,B-092,292.2886944410803,570
2026-03-02,GS-2,B-115,0.0,0
2026-03-02,GS-2,B-116,1653.585442654717,549
2026-03-02,GS-2,B-091,1961.5948437689233,534
2026-03-02,GS-2,B-090,0.0,0
2026-03-02,GS-2,B-075,0.0,0
2026-03-02,GS-2,B-038,0.0,0
2026-03-02,GS-2,B-46,0.0,0
2026-03-02,GS-2,B-073,0.0,0
2026-03-02,GS-2,B-076,0.0,0
2026-03-02,GS-2,B-137,426.2058253603003,550
2026-03-02,GS-2,BN-14,0.0,0
2026-03-02,GS-3,B-053,2951.9993641758506,510
2026-03-02,GS-3,B-059,0.0,0
2026-03-02,GS-3,B-062,2974.707051592588,485
2026-03-02,GS-3,B-063,0.0,0
2026-03-02,GS-3,B-065,1988.3782699527671,287
2026-03-02,GS-3,B-101,0.0,0
2026-03-02,GS-3,B-107,0.0,0
2026-03-02,GS-3,B-110,0.0,0
2026-03-02,GS-3,B-129,0.0,0
2026-03-02,GS-3,B-134,0.0,0
2026-03-02,GS-4,BN-033,113.53843708368656,483
2026-03-02,GS-4,BN-037,0.0,0
2026-03-02,GS-4,BN-040,87.33725929514351,290
2026-03-02,GS-4,BN-041,113.53843708368656,570
2026-03-02,GS-4,BN-042,611.3608150660045,560
2026-03-02,GS-4,BN-043,148.47334080174397,535
2026-03-02,GS-4,BN-045,0.0,0
2026-03-02,GS-4,BN-046,0.0,0
2026-03-02,GS-4,BN-049,378.4614569456219,540
2026-03-02,GS-4,B-226,0.0,0
2026-03-02,PLTG,B-120,2809.3485073271163,580
2026-03-02,PLTG,B-047,5246.640290056921,470
2026-03-02,PLTG,B-133,1170.3192745549231,585
2026-03-02,MGS,B-32,0.0,0
2026-03-03,GS-1,B-050,4445.603094344193,450
2026-03-03,GS-1,B-061,836.2423474022041,460
2026-03-03,GS-1,B-031,0.0,0
2026-03-03,GS-1,B-074,3496.306524009931,455
2026-03-03,GS-1,B-020,0.0,0
2026-03-03,GS-1,B-023,643.0332785818093,502
2026-03-03,GS-1,B-049,62.807901628920916,500
2026-03-03,GS-1,B-057,0.0,0
2026-03-03,GS-1,B-078,119.63409834080174,435
2026-03-03,GS-1,B-079,151.3371344011142,436
2026-03-03,GS-1,B-106,2877.200065096282,421
2026-03-03,GS-1,B-108,0.0,0
2026-03-03,GS-1,B-045,0.0,0
2026-03-03,GS-1,B-067,1028.853245730895,480
2026-03-03,GS-1,B-052,0.0,0
2026-03-03,GS-1,B-066,2171.3588848855516,500
2026-03-03,GS-1,B-069,0.0,0
2026-03-03,GS-1,B-205,0.0,0
2026-03-03,GS-1,B-077,125.61580325784183,500
2026-03-03,GS-2,B-092,300.2815868354124,570
2026-03-03,GS-2,B-115,0.0,0
2026-03-03,GS-2,B-116,1698.8041964393847,549
2026-03-03,GS-2,B-091,2015.2363865508053,534
2026-03-03,GS-2,B-090,0.0,0
2026-03-03,GS-2,B-075,0.0,0
2026-03-03,GS-2,B-038,0.0,0
2026-03-03,GS-2,B-46,0.0,0
2026-03-03,GS-2,B-073,0.0,0
2026-03-03,GS-2,B-076,0.0,0
2026-03-03,GS-2,B-137,437.86079992733437,550
2026-03-03,GS-2,BN-14,0.0,0
2026-03-03,GS-3,B-053,3032.7243929393244,510
2026-03-03,GS-3,B-059,0.0,0
2026-03-03,GS-3,B-062,3056.0530421157805,485
2026-03-03,GS-3,B-063,0.0,0
2026-03-03,GS-3,B-065,2042.7522291691898,287
2026-03-03,GS-3,B-101,0.0,0
2026-03-03,GS-3,B-107,0.0,0
2026-03-03,GS-3,B-110,0.0,0
2026-03-03,GS-3,B-129,0.0,0
2026-03-03,GS-3,B-134,0.0,0
2026-03-03,GS-4,BN-033,116.6432458822817,483
2026-03-03,GS-4,BN-037,0.0,0
2026-03-03,GS-4,BN-040,89.7255737556013,290
2026-03-03,GS-4,BN-041,116.6432458822817,570
2026-03-03,GS-4,BN-042,628.0790162892091,560
2026-03-03,GS-4,BN-043,152.53347538452223,535
2026-03-03,GS-4,BN-045,0.0,0
2026-03-03,GS-4,BN-046,0.0,0
2026-03-03,GS-4,BN-049,388.81081960760565,540
2026-03-03,GS-4,B-226,0.0,0
2026-03-03,PLTG,B-120,2886.172622471842,580
2026-03-03,PLTG,B-047,5390.114300744823,470
2026-03-03,PLTG,B-133,1202.3226883250575,585
2026-03-03,MGS,B-32,0.0,0
2026-03-04,GS-1,B-050,4457.697983529127,450
2026-03-04,GS-1,B-061,838.5174624560979,460
2026-03-04,GS-1,B-031,0.0,0
2026-03-04,GS-1,B-074,3505.8187182087927,455
2026-03-04,GS-1,B-020,0.0,0
2026-03-04,GS-1,B-023,644.7827411590166,502
2026-03-04,GS-1,B-049,62.97877936902023,500
2026-03-04,GS-1,B-057,0.0,0
2026-03-04,GS-1,B-078,119.95957975051472,435
2026-03-04,GS-1,B-079,151.74886838440113,436
2026-03-04,GS-1,B-106,2885.027892999879,421
2026-03-04,GS-1,B-108,0.0,0
2026-03-04,GS-1,B-045,0.0,0
2026-03-04,GS-1,B-067,1031.6523858544267,480
2026-03-04,GS-1,B-052,0.0,0
2026-03-04,GS-1,B-066,2177.2663724718423,500
2026-03-04,GS-1,B-069,0.0,0
2026-03-04,GS-1,B-205,0.0,0
2026-03-04,GS-1,B-077,125.95755873804046,500
2026-03-04,GS-2,B-092,301.09854517379193,570
2026-03-04,GS-2,B-115,0.0,0
2026-03-04,GS-2,B-116,1703.426032457309,549
2026-03-04,GS-2,B-091,2020.7191208974205,534
2026-03-04,GS-2,B-090,0.0,0
2026-03-04,GS-2,B-075,0.0,0
2026-03-04,GS-2,B-038,0.0,0
2026-03-04,GS-2,B-46,0.0,0
2026-03-04,GS-2,B-073,0.0,0
2026-03-04,GS-2,B-076,0.0,0
2026-03-04,GS-2,B-137,439.0520618868839,550
2026-03-04,GS-2,BN-14,0.0,0
2026-03-04,GS-3,B-053,3040.9753466755483,510
2026-03-04,GS-3,B-059,0.0,0
2026-03-04,GS-3,B-062,3064.3674647268986,485
2026-03-04,GS-3,B-063,0.0,0
2026-03-04,GS-3,B-065,2048.309824240039,287
2026-03-04,GS-3,B-101,0.0,0
2026-03-04,GS-3,B-107,0.0,0
2026-03-04,GS-3,B-110,0.0,0
2026-03-04,GS-3,B-129,0.0,0
2026-03-04,GS-3,B-134,0.0,0
2026-03-04,GS-4,BN-033,116.96059025675186,483
2026-03-04,GS-4,BN-037,0.0,0
2026-03-04,GS-4,BN-040,89.96968481288604,290
2026-03-04,GS-4,BN-041,116.96059025675186,570
2026-03-04,GS-4,BN-042,629.7877936902023,560
2026-03-04,GS-4,BN-043,152.94846418190627,535
2026-03-04,GS-4,BN-045,0.0,0
2026-03-04,GS-4,BN-046,0.0,0
2026-03-04,GS-4,BN-049,389.86863418917284,540
2026-03-04,GS-4,B-226,0.0,0
2026-03-04,PLTG,B-120,2894.0248614811676,580
2026-03-04,PLTG,B-047,5404.778865659441,470
2026-03-04,PLTG,B-133,1205.593776492673,585
2026-03-04,MGS,B-32,0.0,0
2026-03-05,GS-1,B-050,4407.504193409974,450
2026-03-05,GS-1,B-061,829.0757349821237,460
2026-03-05,GS-1,B-031,0.0,0
2026-03-05,GS-1,B-074,3466.343112282198,455
2026-03-05,GS-1,B-020,0.0,0
2026-03-05,GS-1,B-023,637.5224714633641,502
2026-03-05,GS-1,B-049,62.2696367475844,500
2026-03-05,GS-1,B-057,0.0,0
2026-03-05,GS-1,B-078,118.60883190016077,435
2026-03-05,GS-1,B-079,150.04017235370335,436
2026-03-05,GS-1,B-106,2852.5424071988664,421
2026-03-05,GS-1,B-108,0.0,0
2026-03-05,GS-1,B-045,0.0,0
2026-03-05,GS-1,B-067,1020.0359543413825,480
2026-03-05,GS-1,B-052,0.0,0
2026-03-05,GS-1,B-066,2152.7502989879176,500
2026-03-05,GS-1,B-069,0.0,0
2026-03-05,GS-1,B-205,0.0,0
2026-03-05,GS-1,B-077,124.5392734951688,500
2026-03-05,GS-2,B-092,297.7081680694035,570
2026-03-05,GS-2,B-115,0.0,0
2026-03-05,GS-2,B-116,1684.2454129822827,549
2026-03-05,GS-2,B-091,1997.965773358208,534
2026-03-05,GS-2,B-090,0.0,0
2026-03-05,GS-2,B-075,0.0,0
2026-03-05,GS-2,B-038,0.0,0
2026-03-05,GS-2,B-46,0.0,0
2026-03-05,GS-2,B-073,0.0,0
2026-03-05,GS-2,B-076,0.0,0
2026-03-05,GS-2,B-137,434.1083247545884,550
2026-03-05,GS-2,BN-14,0.0,0
2026-03-05,GS-3,B-053,3006.7338886690754,510
2026-03-05,GS-3,B-059,0.0,0
2026-03-05,GS-3,B-062,3029.8626108896065,485
2026-03-05,GS-3,B-063,0.0,0
2026-03-05,GS-3,B-065,2025.245804695245,287
2026-03-05,GS-3,B-101,0.0,0
2026-03-05,GS-3,B-107,0.0,0
2026-03-05,GS-3,B-110,0.0,0
2026-03-05,GS-3,B-129,0.0,0
2026-03-05,GS-3,B-134,0.0,0
2026-03-05,GS-4,BN-033,115.64361110265673,483
2026-03-05,GS-4,BN-037,0.0,0
2026-03-05,GS-4,BN-040,88.95662392512057,290
2026-03-05,GS-4,BN-041,115.64361110265673,570
2026-03-05,GS-4,BN-042,622.696367475844,560
2026-03-05,GS-4,BN-043,151.22626067270497,535
2026-03-05,GS-4,BN-045,0.0,0
2026-03-05,GS-4,BN-046,0.0,0
2026-03-05,GS-4,BN-049,385.47870367552247,540
2026-03-05,GS-4,B-226,0.0,0
2026-03-05,PLTG,B-120,2861.4380695913783,580
2026-03-05,PLTG,B-047,5343.920921261743,470
2026-03-05,PLTG,B-133,1192.0187605966157,585
2026-03-05,MGS,B-32,0.0,0
2026-03-06,GS-1,B-050,4404.677364660288,450
2026-03-06,GS-1,B-061,828.543992975657,460
2026-03-06,GS-1,B-031,0.0,0
2026-03-06,GS-1,B-074,3464.119913406806,455
2026-03-06,GS-1,B-020,0.0,0
2026-03-06,GS-1,B-023,637.1135854426547,502
2026-03-06,GS-1,B-049,62.22969904323604,500
2026-03-06,GS-1,B-057,0.0,0
2026-03-06,GS-1,B-078,118.53276008235436,435
2026-03-06,GS-1,B-079,149.94394150417827,436
2026-03-06,GS-1,B-106,2850.7128799806223,421
2026-03-06,GS-1,B-108,0.0,0
2026-03-06,GS-1,B-045,0.0,0
2026-03-06,GS-1,B-067,1019.3817367082474,480
2026-03-06,GS-1,B-052,0.0,0
2026-03-06,GS-1,B-066,2151.3695954947316,500
2026-03-06,GS-1,B-069,0.0,0
2026-03-06,GS-1,B-205,0.0,0
2026-03-06,GS-1,B-077,124.45939808647208,500
2026-03-06,GS-2,B-092,297.51722780670946,570
2026-03-06,GS-2,B-115,0.0,0
2026-03-06,GS-2,B-116,1683.1651931694319,549
2026-03-06,GS-2,B-091,1996.6843435872593,534
2026-03-06,GS-2,B-090,0.0,0
2026-03-06,GS-2,B-075,0.0,0
2026-03-06,GS-2,B-038,0.0,0
2026-03-06,GS-2,B-46,0.0,0
2026-03-06,GS-2,B-073,0.0,0
2026-03-06,GS-2,B-076,0.0,0
2026-03-06,GS-2,B-137,433.829901901417,550
2026-03-06,GS-2,BN-14,0.0,0
2026-03-06,GS-3,B-053,3004.805468087683,510
2026-03-06,GS-3,B-059,0.0,0
2026-03-06,GS-3,B-062,3027.919356303742,485
2026-03-06,GS-3,B-063,0.0,0
2026-03-06,GS-3,B-065,2023.9468784062008,287
2026-03-06,GS-3,B-101,0.0,0
2026-03-06,GS-3,B-107,0.0,0
2026-03-06,GS-3,B-110,0.0,0
2026-03-06,GS-3,B-129,0.0,0
2026-03-06,GS-3,B-134,0.0,0
2026-03-06,GS-4,BN-033,115.5694410802955,483
2026-03-06,GS-4,BN-037,0.0,0
2026-03-06,GS-4,BN-040,88.89957006176577,290
2026-03-06,GS-4,BN-041,115.5694410802955,570
2026-03-06,GS-4,BN-042,622.2969904323604,560
2026-03-06,GS-4,BN-043,151.1292691050018,535
2026-03-06,GS-4,BN-045,0.0,0
2026-03-06,GS-4,BN-046,0.0,0
2026-03-06,GS-4,BN-049,385.2314702676517,540
2026-03-06,GS-4,B-226,0.0,0
2026-03-06,PLTG,B-120,2859.602836986799,580
2026-03-06,PLTG,B-047,5340.493505510476,470
2026-03-06,PLTG,B-133,1191.2542388276613,585
2026-03-06,MGS,B-32,0.0,0
2026-03-07,GS-1,B-050,4413.340680634613,450
2026-03-07,GS-1,B-061,830.1736102700738,460
2026-03-07,GS-1,B-031,0.0,0
2026-03-07,GS-1,B-074,3470.933299019014,455
2026-03-07,GS-1,B-020,0.0,0
2026-03-07,GS-1,B-023,638.3666888700496,502
2026-03-07,GS-1,B-049,62.352095191958334,500
2026-03-07,GS-1,B-057,0.0,0
2026-03-07,GS-1,B-078,118.76589560373017,435
2026-03-07,GS-1,B-079,150.23885793871867,436
2026-03-07,GS-1,B-106,2856.3197892697103,421
2026-03-07,GS-1,B-108,0.0,0
2026-03-07,GS-1,B-045,0.0,0
2026-03-07,GS-1,B-067,1021.3867021920794,480
2026-03-07,GS-1,B-052,0.0,0
2026-03-07,GS-1,B-066,2155.6010052077027,500
2026-03-07,GS-1,B-069,0.0,0
2026-03-07,GS-1,B-205,0.0,0
2026-03-07,GS-1,B-077,124.70419038391667,500
2026-03-07,GS-2,B-092,298.10239796536274,570
2026-03-07,GS-2,B-115,0.0,0
2026-03-07,GS-2,B-116,1686.4757175729683,549
2026-03-07,GS-2,B-091,2000.6115114448346,534
2026-03-07,GS-2,B-090,0.0,0
2026-03-07,GS-2,B-075,0.0,0
2026-03-07,GS-2,B-038,0.0,0
2026-03-07,GS-2,B-46,0.0,0
2026-03-07,GS-2,B-073,0.0,0
2026-03-07,GS-2,B-076,0.0,0
2026-03-07,GS-2,B-137,434.6831779096524,550
2026-03-07,GS-2,BN-14,0.0,0
2026-03-07,GS-3,B-053,3010.7154535545596,510
2026-03-07,GS-3,B-059,0.0,0
2026-03-07,GS-3,B-062,3033.874803197287,485
2026-03-07,GS-3,B-063,0.0,0
2026-03-07,GS-3,B-065,2027.9276674336925,287
2026-03-07,GS-3,B-101,0.0,0
2026-03-07,GS-3,B-107,0.0,0
2026-03-07,GS-3,B-110,0.0,0
2026-03-07,GS-3,B-129,0.0,0
2026-03-07,GS-3,B-134,0.0,0
2026-03-07,GS-4,BN-033,115.79674821363692,483
2026-03-07,GS-4,BN-037,0.0,0
2026-03-07,GS-4,BN-040,89.07442170279762,290
2026-03-07,GS-4,BN-041,115.79674821363692,535
2026-03-07,GS-4,BN-042,623.5209519195834,560
2026-03-07,GS-4,BN-043,151.42651689475596,535
2026-03-07,GS-4,BN-045,0.0,0
2026-03-07,GS-4,BN-046,0.0,0
2026-03-07,GS-4,BN-049,385.989160712123,540
2026-03-07,GS-4,B-226,0.0,0
2026-03-07,PLTG,B-120,2865.22723143999,580
2026-03-07,PLTG,B-047,5350.997426426063,470
2026-03-07,PLTG,B-133,1193.5972508174882,585
2026-03-07,MGS,B-32,0.0,0
2026-03-08,GS-1,B-050,4411.803035809119,450
2026-03-08,GS-1,B-061,829.884370837076,460
2026-03-08,GS-1,B-031,0.0,0
2026-03-08,GS-1,B-074,3469.723996811666,455
2026-03-08,GS-1,B-020,0.0,0
2026-03-08,GS-1,B-023,638.1442765735741,502
2026-03-08,GS-1,B-049,62.33037120020956,500
2026-03-08,GS-1,B-057,0.0,0
2026-03-08,GS-1,B-078,118.72451657182775,435
2026-03-08,GS-1,B-079,150.1865134633621,436
2026-03-08,GS-1,B-106,2855.324623552457,421
2026-03-08,GS-1,B-108,0.0,0
2026-03-08,GS-1,B-045,0.0,0
2026-03-08,GS-1,B-067,1021.0308425177186,480
2026-03-08,GS-1,B-052,0.0,0
2026-03-08,GS-1,B-066,2154.8499757786735,500
2026-03-08,GS-1,B-069,0.0,0
2026-03-08,GS-1,B-205,0.0,0
2026-03-08,GS-1,B-077,124.66074240041912,500
2026-03-08,GS-2,B-092,297.99853659528765,570
2026-03-08,GS-2,B-115,0.0,0
2026-03-08,GS-2,B-116,1685.888135319954,549
2026-03-08,GS-2,B-091,1999.9144816524383,534
2026-03-08,GS-2,B-090,0.0,0
2026-03-08,GS-2,B-075,0.0,0
2026-03-08,GS-2,B-038,0.0,0
2026-03-08,GS-2,B-46,0.0,0
2026-03-08,GS-2,B-073,0.0,0
2026-03-08,GS-2,B-076,0.0,0
2026-03-08,GS-2,B-137,434.53173065288956,550
2026-03-08,GS-2,BN-14,0.0,0
2026-03-08,GS-3,B-053,3009.6664950958334,510
2026-03-08,GS-3,B-059,0.0,0
2026-03-08,GS-3,B-062,3032.8177758273396,485
2026-03-08,GS-3,B-063,0.0,0
2026-03-08,GS-3,B-065,2027.2211204639586,287
2026-03-08,GS-3,B-101,0.0,0
2026-03-08,GS-3,B-107,0.0,0
2026-03-08,GS-3,B-110,0.0,0
2026-03-08,GS-3,B-129,0.0,0
2026-03-08,GS-3,B-134,0.0,0
2026-03-08,GS-4,BN-033,115.75640365753205,483
2026-03-08,GS-4,BN-037,0.0,0
2026-03-08,GS-4,BN-040,89.0433874288708,290
2026-03-08,GS-4,BN-041,115.75640365753205,535
2026-03-08,GS-4,BN-042,623.3037120020956,560
2026-03-08,GS-4,BN-043,151.37375862908038,535
2026-03-08,GS-4,BN-045,0.0,0
2026-03-08,GS-4,BN-046,0.0,0
2026-03-08,GS-4,BN-049,385.85467885844014,540
2026-03-08,GS-4,B-226,0.0,0
2026-03-08,PLTG,B-120,2864.2289622953444,580
2026-03-08,PLTG,B-047,5349.133094143699,470
2026-03-08,PLTG,B-133,1193.1813915468688,585
2026-03-08,MGS,B-32,0.0,0
2026-03-09,GS-1,B-050,4221.766976550712,450
2026-03-09,GS-1,B-061,794.1375448355618,460
2026-03-09,GS-1,B-031,0.0,0
2026-03-09,GS-1,B-074,3320.2674889584114,455
2026-03-09,GS-1,B-020,0.0,0
2026-03-09,GS-1,B-023,610.656552716902,502
2026-03-09,GS-1,B-049,59.645523753743916,500
2026-03-09,GS-1,B-057,0.0,0
2026-03-09,GS-1,B-078,113.6105214357027,435
2026-03-09,GS-1,B-079,143.7173096161639,436
2026-03-09,GS-1,B-106,2732.3330405286497,421
2026-03-09,GS-1,B-108,0.0,0
2026-03-09,GS-1,B-045,0.0,0
2026-03-09,GS-1,B-067,977.0504843470432,480
2026-03-09,GS-1,B-052,0.0,0
2026-03-09,GS-1,B-066,2062.030964058004,500
2026-03-09,GS-1,B-069,0.0,0
2026-03-09,GS-1,B-205,0.0,0
2026-03-09,GS-1,B-077,119.29104750748783,500
2026-03-09,GS-2,B-092,285.16240880361374,570
2026-03-09,GS-2,B-115,0.0,0
2026-03-09,GS-2,B-116,1613.2694043869783,549
2026-03-09,GS-2,B-091,1913.769233584412,534
2026-03-09,GS-2,B-090,0.0,0
2026-03-09,GS-2,B-075,0.0,0
2026-03-09,GS-2,B-038,0.0,0
2026-03-09,GS-2,B-46,0.0,0
2026-03-09,GS-2,B-073,0.0,0
2026-03-09,GS-2,B-076,0.0,0
2026-03-09,GS-2,B-137,415.81450845467185,550
2026-03-09,GS-2,BN-14,0.0,0
2026-03-09,GS-3,B-053,2880.026718395063,510
2026-03-09,GS-3,B-059,0.0,0
2026-03-09,GS-3,B-062,2902.1807700750255,485
2026-03-09,GS-3,B-063,0.0,0
2026-03-09,GS-3,B-065,1939.8996535146234,287
2026-03-09,GS-3,B-101,0.0,0
2026-03-09,GS-3,B-107,0.0,0
2026-03-09,GS-3,B-110,0.0,0
2026-03-09,GS-3,B-129,0.0,0
2026-03-09,GS-3,B-134,1277.5503135444767,290
2026-03-09,GS-4,BN-033,110.77025839981013,483
2026-03-09,GS-4,BN-037,0.0,0
2026-03-09,GS-4,BN-040,85.20789107677702,290
2026-03-09,GS-4,BN-041,110.77025839981013,535
2026-03-09,GS-4,BN-042,596.4552375374392,560
2026-03-09,GS-4,BN-043,144.85341483052093,535
2026-03-09,GS-4,BN-045,0.0,0
2026-03-09,GS-4,BN-046,0.0,0
2026-03-09,GS-4,BN-049,369.2341946660338,540
2026-03-09,GS-4,B-226,0.0,0
2026-03-09,PLTG,B-120,2740.8538296363276,580
2026-03-09,PLTG,B-047,5118.722043285585,470
2026-03-09,PLTG,B-133,1141.785740428812,585
2026-03-09,MGS,B-32,0.0,0
2026-03-10,GS-1,B-050,4273.114384012883,450
2026-03-10,GS-1,B-061,803.7962740648561,460
2026-03-10,GS-1,B-031,0.0,0
2026-03-10,GS-1,B-074,3360.650373325525,455
2026-03-10,GS-1,B-020,0.0,0
2026-03-10,GS-1,B-023,618.0836871385696,502
2026-03-10,GS-1,B-049,60.37096479027889,500
2026-03-10,GS-1,B-057,0.0,0
2026-03-10,GS-1,B-078,114.99231388624551,435
2026-03-10,GS-1,B-079,145.46527706610058,436
2026-03-10,GS-1,B-106,2765.5651489642046,421
2026-03-10,GS-1,B-108,0.0,0
2026-03-10,GS-1,B-045,0.0,0
2026-03-10,GS-1,B-067,988.9338994217114,480
2026-03-10,GS-1,B-052,0.0,0
2026-03-10,GS-1,B-066,2087.110497035356,500
2026-03-10,GS-1,B-069,0.0,0
2026-03-10,GS-1,B-205,0.0,0
2026-03-10,GS-1,B-077,120.74192958055778,500
2026-03-10,GS-2,B-092,288.6307078544762,570
2026-03-10,GS-2,B-115,0.0,0
2026-03-10,GS-2,B-116,1632.8908571846862,549
2026-03-10,GS-2,B-091,1937.0455274138058,534
2026-03-10,GS-2,B-090,0.0,0
2026-03-10,GS-2,B-075,0.0,0
2026-03-10,GS-2,B-038,0.0,0
2026-03-10,GS-2,B-46,0.0,0
2026-03-10,GS-2,B-073,0.0,0
2026-03-10,GS-2,B-076,0.0,0
2026-03-10,GS-2,B-137,420.8718688236586,550
2026-03-10,GS-2,BN-14,0.0,0
2026-03-10,GS-3,B-053,2915.055157016324,510
2026-03-10,GS-3,B-059,0.0,0
2026-03-10,GS-3,B-062,2937.478658224142,485
2026-03-10,GS-3,B-063,0.0,0
2026-03-10,GS-3,B-065,1963.493759607642,287
2026-03-10,GS-3,B-101,0.0,0
2026-03-10,GS-3,B-107,0.0,0
2026-03-10,GS-3,B-110,0.0,0
2026-03-10,GS-3,B-129,0.0,0
2026-03-10,GS-3,B-134,1293.0885696508308,290
2026-03-10,GS-4,BN-033,112.11750603908938,483
2026-03-10,GS-4,BN-037,0.0,0
2026-03-10,GS-4,BN-040,86.24423541468414,290
2026-03-10,GS-4,BN-041,112.11750603908938,535
2026-03-10,GS-4,BN-042,603.7096479027889,560
2026-03-10,GS-4,BN-043,146.61520020496303,535
2026-03-10,GS-4,BN-045,0.0,0
2026-03-10,GS-4,BN-046,0.0,0
2026-03-10,GS-4,BN-049,373.72502013029793,540
2026-03-10,GS-4,B-226,0.0,0
2026-03-10,PLTG,B-120,2774.189572505673,580
2026-03-10,PLTG,B-047,5180.978702144792,470
2026-03-10,PLTG,B-133,1155.6727545567674,585
2026-03-10,MGS,B-32,0.0,0
2026-03-11,GS-1,B-050,4455.420013711341,450
2026-03-11,GS-1,B-061,838.088963827833,460
2026-03-11,GS-1,B-031,0.0,0
2026-03-11,GS-1,B-074,3504.0271770913337,455
2026-03-11,GS-1,B-020,0.0,0
2026-03-11,GS-1,B-023,644.4532447173967,502
2026-03-11,GS-1,B-049,62.9465959956527,500
2026-03-11,GS-1,B-057,0.0,0
2026-03-11,GS-1,B-078,119.89827808695752,435
2026-03-11,GS-1,B-079,151.67132178000128,436
2026-03-11,GS-1,B-106,2883.553587991328,421
2026-03-11,GS-1,B-108,0.0,0
2026-03-11,GS-1,B-045,0.0,0
2026-03-11,GS-1,B-067,1031.1251915478347,480
2026-03-11,GS-1,B-052,0.0,0
2026-03-11,GS-1,B-066,2176.153747278279,500
2026-03-11,GS-1,B-069,0.0,0
2026-03-11,GS-1,B-205,0.0,0
2026-03-11,GS-1,B-077,125.8931919913054,500
2026-03-11,GS-2,B-092,300.9446779982634,570
2026-03-11,GS-2,B-115,0.0,0
2026-03-11,GS-2,B-116,1702.5555488347968,549
2026-03-11,GS-2,B-091,2019.6864943747994,534
2026-03-11,GS-2,B-090,0.0,0
2026-03-11,GS-2,B-075,0.0,0
2026-03-11,GS-2,B-038,0.0,0
2026-03-11,GS-2,B-46,0.0,0
2026-03-11,GS-2,B-073,0.0,0
2026-03-11,GS-2,B-076,0.0,0
2026-03-11,GS-2,B-137,438.8276977982645,550
2026-03-11,GS-2,BN-14,0.0,0
2026-03-11,GS-3,B-053,3039.421349504373,510
2026-03-11,GS-3,B-059,0.0,0
2026-03-11,GS-3,B-062,3062.80151373133,485
2026-03-11,GS-3,B-063,0.0,0
2026-03-11,GS-3,B-065,2047.2630983347997,287
2026-03-11,GS-3,B-101,0.0,0
2026-03-11,GS-3,B-107,0.0,0
2026-03-11,GS-3,B-110,0.0,0
2026-03-11,GS-3,B-129,0.0,0
2026-03-11,GS-3,B-134,43.163380111304704,290
2026-03-11,GS-4,BN-033,116.90082113478358,483
2026-03-11,GS-4,BN-037,0.0,0
2026-03-11,GS-4,BN-040,89.92370856521813,290
2026-03-11,GS-4,BN-041,116.90082113478358,535
2026-03-11,GS-4,BN-042,629.465959956527,560
2026-03-11,GS-4,BN-043,152.87030456087084,535
2026-03-11,GS-4,BN-045,0.0,0
2026-03-11,GS-4,BN-046,0.0,0
2026-03-11,GS-4,BN-049,389.66940378261194,540
2026-03-11,GS-4,B-226,0.0,0
2026-03-11,PLTG,B-120,2892.54595884785,580
2026-03-11,PLTG,B-047,5402.016919207871,470
2026-03-11,PLTG,B-133,1204.977694773923,585
2026-03-11,MGS,B-32,0.0,0
2026-03-12,GS-1,B-050,4406.119102346963,450
2026-03-12,GS-1,B-061,828.8151917493345,460
2026-03-12,GS-1,B-031,0.0,0
2026-03-12,GS-1,B-074,3465.2537881079115,455
2026-03-12,GS-1,B-020,0.0,0
2026-03-12,GS-1,B-023,637.3221252721993,502
2026-03-12,GS-1,B-049,62.250068049842724,500
2026-03-12,GS-1,B-057,0.0,0
2026-03-12,GS-1,B-078,118.57155819017662,435
2026-03-12,GS-1,B-079,149.9930211105734,436
2026-03-12,GS-1,B-106,2851.6459744737476,421
2026-03-12,GS-1,B-108,0.0,0
2026-03-12,GS-1,B-045,0.0,0
2026-03-12,GS-1,B-067,1019.7154004355189,480
2026-03-12,GS-1,B-052,0.0,0
2026-03-12,GS-1,B-066,2152.0737811517056,500
2026-03-12,GS-1,B-069,0.0,0
2026-03-12,GS-1,B-205,0.0,0
2026-03-12,GS-1,B-077,124.50013609968545,500
2026-03-12,GS-2,B-092,297.6146110573433,570
2026-03-12,GS-2,B-115,0.0,0
2026-03-12,GS-2,B-116,1683.716126300508,549
2026-03-12,GS-2,B-091,1997.337897713525,534
2026-03-12,GS-2,B-090,0.0,0
2026-03-12,GS-2,B-075,0.0,0
2026-03-12,GS-2,B-038,0.0,0
2026-03-12,GS-2,B-46,0.0,0
2026-03-12,GS-2,B-073,0.0,0
2026-03-12,GS-2,B-076,0.0,0
2026-03-12,GS-2,B-137,433.9719029760464,550
2026-03-12,GS-2,BN-14,0.0,0
2026-03-12,GS-3,B-053,3005.789000120977,510
2026-03-12,GS-3,B-059,0.0,0
2026-03-12,GS-3,B-062,3028.9104539680616,485
2026-03-12,GS-3,B-063,0.0,0
2026-03-12,GS-3,B-065,2024.6093560972658,287
2026-03-12,GS-3,B-101,0.0,0
2026-03-12,GS-3,B-107,0.0,0
2026-03-12,GS-3,B-110,0.0,0
2026-03-12,GS-3,B-129,0.0,0
2026-03-12,GS-3,B-134,42.68576094846358,290
2026-03-12,GS-4,BN-033,115.60726923542221,483
2026-03-12,GS-4,BN-037,0.0,0
2026-03-12,GS-4,BN-040,88.92866864263246,290
2026-03-12,GS-4,BN-041,115.60726923542221,535
2026-03-12,GS-4,BN-042,622.5006804984273,560
2026-03-12,GS-4,BN-043,151.17873669247518,535
2026-03-12,GS-4,BN-045,0.0,0
2026-03-12,GS-4,BN-046,0.0,0
2026-03-12,GS-4,BN-049,385.357564118074,540
2026-03-12,GS-4,B-226,0.0,0
2026-03-12,PLTG,B-120,2860.538841338011,580
2026-03-12,PLTG,B-047,5342.241554258408,470
2026-03-12,PLTG,B-133,1191.644159811275,585
2026-03-12,MGS,B-32,0.0,0
2026-03-13,GS-1,B-050,4368.586161182911,450
2026-03-13,GS-1,B-061,821.7550394690138,460
2026-03-13,GS-1,B-031,0.0,0
2026-03-13,GS-1,B-074,3435.735483330748,455
2026-03-13,GS-1,B-020,0.0,0
2026-03-13,GS-1,B-023,631.8931812798211,502
2026-03-13,GS-1,B-049,61.71979910174996,500
2026-03-13,GS-1,B-057,0.0,0
2026-03-13,GS-1,B-078,117.56152209857136,435
2026-03-13,GS-1,B-079,148.71532545469276,436
2026-03-13,GS-1,B-106,2827.354606470641,421
2026-03-13,GS-1,B-108,0.0,0
2026-03-13,GS-1,B-045,0.0,0
2026-03-13,GS-1,B-067,1011.0290900477137,480
2026-03-13,GS-1,B-052,0.0,0
2026-03-13,GS-1,B-066,2133.74162608907,500
2026-03-13,GS-1,B-069,0.0,0
2026-03-13,GS-1,B-205,0.0,0
2026-03-13,GS-1,B-077,123.43959820349993,500
2026-03-13,GS-2,B-092,295.0794204674141,570
2026-03-13,GS-2,B-115,0.0,0
2026-03-13,GS-2,B-116,1669.3736137997132,549
2026-03-13,GS-2,B-091,1980.3238397504344,534
2026-03-13,GS-2,B-090,0.0,0
2026-03-13,GS-2,B-075,0.0,0
2026-03-13,GS-2,B-038,0.0,0
2026-03-13,GS-2,B-46,0.0,0
2026-03-13,GS-2,B-073,0.0,0
2026-03-13,GS-2,B-076,0.0,0
2026-03-13,GS-2,B-137,430.27517088077116,550
2026-03-13,GS-2,BN-14,0.0,0
2026-03-13,GS-3,B-053,2980.184585198784,510
2026-03-13,GS-3,B-059,0.0,0
2026-03-13,GS-3,B-062,3003.1090820080053,485
2026-03-13,GS-3,B-063,0.0,0
2026-03-13,GS-3,B-065,2007.362989833106,287
2026-03-13,GS-3,B-101,0.0,0
2026-03-13,GS-3,B-107,0.0,0
2026-03-13,GS-3,B-110,0.0,0
2026-03-13,GS-3,B-129,0.0,0
2026-03-13,GS-3,B-134,42.32214795548569,290
2026-03-13,GS-4,BN-033,114.62248404610708,483
2026-03-13,GS-4,BN-037,0.0,0
2026-03-13,GS-4,BN-040,88.17114157392852,290
2026-03-13,GS-4,BN-041,114.62248404610708,535
2026-03-13,GS-4,BN-042,617.1979910174996,560
2026-03-13,GS-4,BN-043,149.89094067567848,535
2026-03-13,GS-4,BN-045,0.0,0
2026-03-13,GS-4,BN-046,0.0,0
2026-03-13,GS-4,BN-049,382.0749468203569,540
2026-03-13,GS-4,B-226,0.0,0
2026-03-13,PLTG,B-120,2836.171720628034,580
2026-03-13,PLTG,B-047,5296.734378151133,470
2026-03-13,PLTG,B-133,1181.493297090642,585
2026-03-13,MGS,B-32,0.0,0
2026-03-14,GS-1,B-050,4429.734778843085,450
2026-03-14,GS-1,B-061,833.2574301429809,460
2026-03-14,GS-1,B-031,0.0,0
2026-03-14,GS-1,B-074,3483.8266660842082,455
2026-03-14,GS-1,B-020,0.0,0
2026-03-14,GS-1,B-023,640.7380095877714,502
2026-03-14,GS-1,B-049,0.0,0
2026-03-14,GS-1,B-057,0.0,0
2026-03-14,GS-1,B-078,119.20707155121329,435
2026-03-14,GS-1,B-079,150.7969455122848,436
2026-03-14,GS-1,B-106,2866.9300708066794,421
2026-03-14,GS-1,B-108,0.0,0
2026-03-14,GS-1,B-067,1025.1808153404343,480
2026-03-14,GS-1,B-052,0.0,0
2026-03-14,GS-1,B-066,2163.6083486545213,500
2026-03-14,GS-1,B-069,0.0,0
2026-03-14,GS-1,B-077,0.0,0
2026-03-14,GS-2,B-092,299.2097495935453,570
2026-03-14,GS-2,B-115,0.0,0
2026-03-14,GS-2,B-116,1692.7404160272285,549
2026-03-14,GS-2,B-091,2008.0431202801878,534
2026-03-14,GS-2,B-090,0.0,0
2026-03-14,GS-2,B-075,0.0,0
2026-03-14,GS-2,B-038,0.0,0
2026-03-14,GS-2,B-046,0.0,0
2026-03-14,GS-2,B-073,0.0,0
2026-03-14,GS-2,B-076,0.0,0
2026-03-14,GS-2,B-137,436.2978818774406,550
2026-03-14,GS-2,BN-014,0.0,0
2026-03-14,GS-3,B-053,3021.8992638232567,510
2026-03-14,GS-3,B-059,0.0,0
2026-03-14,GS-3,B-062,3045.1446427757433,485
2026-03-14,GS-3,B-063,0.0,0
2026-03-14,GS-3,B-065,2035.4607467369667,287
2026-03-14,GS-3,B-101,0.0,0
2026-03-14,GS-3,B-107,0.0,0
2026-03-14,GS-3,B-110,0.0,0
2026-03-14,GS-3,B-129,0.0,0
2026-03-14,GS-3,B-134,42.91454575843678,290
2026-03-14,GS-4,BN-033,116.22689476243295,483
2026-03-14,GS-4,BN-040,89.40530366340997,290
2026-03-14,GS-4,BN-041,116.22689476243295,535
2026-03-14,GS-4,BN-042,625.8371256438697,560
2026-03-14,GS-4,BN-043,151.98901622779692,535
2026-03-14,GS-4,BN-045,0.0,0
2026-03-14,GS-4,BN-046,0.0,0
2026-03-14,GS-4,B-226,0.0,0
2026-03-14,PLTG,B-120,2875.8706011730205,580
2026-03-14,PLTG,B-047,5370.874608739915,470
2026-03-14,PLTG,B-133,1198.0310690896936,585
2026-03-14,MGS,B-32,0.0,0
2026-03-15,GS-1,B-050,4414.4756507089905,450
2026-03-15,GS-1,B-061,830.3871043717934,460
2026-03-15,GS-1,B-031,0.0,0
2026-03-15,GS-1,B-074,3471.8259120551734,455
2026-03-15,GS-1,B-020,0.0,0
2026-03-15,GS-1,B-023,638.530856366007,502
2026-03-15,GS-1,B-049,0.0,0
2026-03-15,GS-1,B-057,0.0,0
2026-03-15,GS-1,B-078,118.79643839367573,435
2026-03-15,GS-1,B-079,150.2774945679998,436
2026-03-15,GS-1,B-106,2857.0543433679013,421
2026-03-15,GS-1,B-108,0.0,0
2026-03-15,GS-1,B-045,0.0,0
2026-03-15,GS-1,B-067,1021.6493701856112,480
2026-03-15,GS-1,B-052,0.0,0
2026-03-15,GS-1,B-066,2156.1553568452146,500
2026-03-15,GS-1,B-069,0.0,0
2026-03-15,GS-1,B-205,0.0,0
2026-03-15,GS-1,B-077,0.0,0
2026-03-15,GS-2,B-092,298.1790603681261,570
2026-03-15,GS-2,B-115,0.0,0
2026-03-15,GS-2,B-116,1686.9094251901954,549
2026-03-15,GS-2,B-091,2001.1260047414676,534
2026-03-15,GS-2,B-090,0.0,0
2026-03-15,GS-2,B-075,0.0,0
2026-03-15,GS-2,B-038,0.0,0
2026-03-15,GS-2,B-46,0.0,0
2026-03-15,GS-2,B-073,0.0,0
2026-03-15,GS-2,B-076,0.0,0
2026-03-15,GS-2,B-137,434.79496452085317,550
2026-03-15,GS-2,BN-14,0.0,0
2026-03-15,GS-3,B-053,3011.4897132796796,510
2026-03-15,GS-3,B-059,0.0,0
2026-03-15,GS-3,B-062,3034.6550187664466,485
2026-03-15,GS-3,B-063,0.0,0
2026-03-15,GS-3,B-065,2028.449185572013,287
2026-03-15,GS-3,B-101,0.0,0
2026-03-15,GS-3,B-107,0.0,0
2026-03-15,GS-3,B-110,0.0,0
2026-03-15,GS-3,B-129,0.0,0
2026-03-15,GS-3,B-134,42.76671782172326,290
2026-03-15,GS-4,BN-033,115.82652743383383,483
2026-03-15,GS-4,BN-037,0.0,0
2026-03-15,GS-4,BN-040,89.0973287952568,290
2026-03-15,GS-4,BN-041,115.82652743383383,535
2026-03-15,GS-4,BN-042,623.6813015667976,560
2026-03-15,GS-4,BN-043,151.46545895193657,535
2026-03-15,GS-4,BN-045,0.0,0
2026-03-15,GS-4,BN-046,0.0,0
2026-03-15,GS-4,BN-049,386.08842477944614,540
2026-03-15,GS-4,B-226,0.0,0
2026-03-15,PLTG,B-120,2865.964076247427,580
2026-03-15,PLTG,B-047,5352.37353182706,470
2026-03-15,PLTG,B-133,1193.9042058564412,585
2026-03-15,MGS,B-32,0.0,0
2026-03-16,GS-1,B-050,4460.812959951627,450
2026-03-16,GS-1,B-061,839.1034066216865,460
2026-03-16,GS-1,B-031,0.0,0
2026-03-16,GS-1,B-074,3508.268534838167,455
2026-03-16,GS-1,B-020,0.0,0
2026-03-16,GS-1,B-023,645.2333062362754,502
2026-03-16,GS-1,B-049,0.0,0
2026-03-16,GS-1,B-057,0.0,0
2026-03-16,GS-1,B-078,120.04340581140008,435
2026-03-16,GS-1,B-079,151.8549083514211,436
2026-03-16,GS-1,B-106,2887.0439097641715,421
2026-03-16,GS-1,B-108,0.0,0
2026-03-16,GS-1,B-045,0.0,0
2026-03-16,GS-1,B-067,1032.3732899780407,480
2026-03-16,GS-1,B-052,0.0,0
2026-03-16,GS-1,B-066,2178.7878154769114,500
2026-03-16,GS-1,B-069,0.0,0
2026-03-16,GS-1,B-205,0.0,0
2026-03-16,GS-1,B-077,0.0,0
2026-03-16,GS-2,B-092,301.3089485866142,570
2026-03-16,GS-2,B-115,0.0,0
2026-03-16,GS-2,B-116,1704.616362521881,549
2026-03-16,GS-2,B-091,2022.1311708930343,534
2026-03-16,GS-2,B-090,0.0,0
2026-03-16,GS-2,B-075,0.0,0
2026-03-16,GS-2,B-038,0.0,0
2026-03-16,GS-2,B-46,0.0,0
2026-03-16,GS-2,B-073,0.0,0
2026-03-16,GS-2,B-076,0.0,0
2026-03-16,GS-2,B-137,439.3588652697243,550
2026-03-16,GS-2,BN-14,0.0,0
2026-03-16,GS-3,B-053,3043.100337318992,510
2026-03-16,GS-3,B-059,0.0,0
2026-03-16,GS-3,B-062,3066.508801452215,485
2026-03-16,GS-3,B-063,0.0,0
2026-03-16,GS-3,B-065,2049.7411542296563,287
2026-03-16,GS-3,B-101,0.0,0
2026-03-16,GS-3,B-107,0.0,0
2026-03-16,GS-3,B-110,0.0,0
2026-03-16,GS-3,B-129,43.215626092104024,290
2026-03-16,GS-3,B-134,0.0,0
2026-03-16,GS-4,BN-033,117.04232066611507,483
2026-03-16,GS-4,BN-037,0.0,0
2026-03-16,GS-4,BN-040,90.03255435855006,290
2026-03-16,GS-4,BN-041,117.04232066611507,535
2026-03-16,GS-4,BN-042,630.2278805098504,560
2026-03-16,GS-4,BN-043,153.0553424095351,535
2026-03-16,GS-4,BN-045,0.0,0
2026-03-16,GS-4,BN-046,0.0,0
2026-03-16,GS-4,BN-049,390.1410688870502,540
2026-03-16,GS-4,B-226,0.0,0
2026-03-16,PLTG,B-120,2896.047165200027,580
2026-03-16,PLTG,B-047,5408.55564883263,470
2026-03-16,PLTG,B-133,1206.4362284045708,585
2026-03-16,MGS,B-32,0.0,0
2026-03-17,GS-1,B-050,4422.963923033334,450
2026-03-17,GS-1,B-061,831.9837949946988,460
2026-03-17,GS-1,B-031,0.0,0
2026-03-17,GS-1,B-074,3478.501632148794,455
2026-03-17,GS-1,B-020,0.0,0
2026-03-17,GS-1,B-023,639.758640643277,502
2026-03-17,GS-1,B-049,0.0,0
2026-03-17,GS-1,B-057,0.0,0
2026-03-17,GS-1,B-078,119.02486337549338,435
2026-03-17,GS-1,B-079,150.56645216999914,436
2026-03-17,GS-1,B-106,2862.547964180616,421
2026-03-17,GS-1,B-108,0.0,0
2026-03-17,GS-1,B-045,0.0,0
2026-03-17,GS-1,B-067,1023.6138250292431,480
2026-03-17,GS-1,B-052,0.0,0
2026-03-17,GS-1,B-066,2160.301270265205,500
2026-03-17,GS-1,B-069,0.0,0
2026-03-17,GS-1,B-205,0.0,0
2026-03-17,GS-1,B-077,0.0,0
2026-03-17,GS-2,B-092,298.7524070724884,570
2026-03-17,GS-2,B-115,0.0,0
2026-03-17,GS-2,B-116,1690.153059932006,549
2026-03-17,GS-2,B-091,2004.973823560186,534
2026-03-17,GS-2,B-090,0.0,0
2026-03-17,GS-2,B-075,0.0,0
2026-03-17,GS-2,B-038,0.0,0
2026-03-17,GS-2,B-46,0.0,0
2026-03-17,GS-2,B-073,0.0,0
2026-03-17,GS-2,B-076,0.0,0
2026-03-17,GS-2,B-137,435.63099995430576,550
2026-03-17,GS-2,BN-14,0.0,0
2026-03-17,GS-3,B-053,3017.280286568757,510
2026-03-17,GS-3,B-059,0.0,0
2026-03-17,GS-3,B-062,3040.4901349269785,485
2026-03-17,GS-3,B-063,0.0,0
2026-03-17,GS-3,B-065,2032.3495421365494,287
2026-03-17,GS-3,B-101,0.0,0
2026-03-17,GS-3,B-107,0.0,0
2026-03-17,GS-3,B-110,0.0,0
2026-03-17,GS-3,B-129,42.848950815177616,290
2026-03-17,GS-3,B-134,0.0,0
2026-03-17,GS-4,BN-033,116.04924179110606,483
2026-03-17,GS-4,BN-037,0.0,0
2026-03-17,GS-4,BN-040,89.26864753162003,290
2026-03-17,GS-4,BN-041,116.04924179110606,535
2026-03-17,GS-4,BN-042,624.8805327213403,560
2026-03-17,GS-4,BN-043,151.75670080375406,535
2026-03-17,GS-4,BN-045,0.0,0
2026-03-17,GS-4,BN-046,0.0,0
2026-03-17,GS-4,BN-049,386.8308059703535,540
2026-03-17,GS-4,B-226,0.0,0
2026-03-17,PLTG,B-120,2871.474828933778,580
2026-03-17,PLTG,B-047,5362.665219382854,470
2026-03-17,PLTG,B-133,1196.1998769237084,585
2026-03-17,MGS,B-32,0.0,0
2026-03-18,GS-1,B-050,4326.388651684263,450
2026-03-18,GS-1,B-061,813.8174562775296,460
2026-03-18,GS-1,B-031,0.0,0
2026-03-18,GS-1,B-074,3402.548663764063,455
2026-03-18,GS-1,B-020,0.0,0
2026-03-18,GS-1,B-023,625.789531830003,502
2026-03-18,GS-1,B-049,0.0,0
2026-03-18,GS-1,B-057,0.0,0
2026-03-18,GS-1,B-078,116.42595941023313,435
2026-03-18,GS-1,B-079,147.27883865394492,436
2026-03-18,GS-1,B-106,2800.0443238161065,421
2026-03-18,GS-1,B-108,0.0,0
2026-03-18,GS-1,B-045,0.0,0
2026-03-18,GS-1,B-067,1001.2632509280049,480
2026-03-18,GS-1,B-052,0.0,0
2026-03-18,GS-1,B-066,2113.1311632957313,500
2026-03-18,GS-1,B-069,0.0,0
2026-03-18,GS-1,B-205,0.0,0
2026-03-18,GS-1,B-077,0.0,0
2026-03-18,GS-2,B-092,292.22915811968517,570
2026-03-18,GS-2,B-115,0.0,0
2026-03-18,GS-2,B-116,1653.2486236253103,549
2026-03-18,GS-2,B-091,1961.195286265377,534
2026-03-18,GS-2,B-090,0.0,0
2026-03-18,GS-2,B-075,0.0,0
2026-03-18,GS-2,B-038,0.0,0
2026-03-18,GS-2,B-46,0.0,0
2026-03-18,GS-2,B-073,0.0,0
2026-03-18,GS-2,B-076,0.0,0
2026-03-18,GS-2,B-137,426.11901144145327,550
2026-03-18,GS-2,BN-14,0.0,0
2026-03-18,GS-3,B-053,2951.3980710494097,510
2026-03-18,GS-3,B-059,0.0,0
2026-03-18,GS-3,B-062,2974.1011331344052,485
2026-03-18,GS-3,B-063,0.0,0
2026-03-18,GS-3,B-065,1987.9732569297307,287
2026-03-18,GS-3,B-101,0.0,0
2026-03-18,GS-3,B-107,0.0,0
2026-03-18,GS-3,B-110,0.0,0
2026-03-18,GS-3,B-129,0.0,0
2026-03-18,GS-3,B-134,41.913345387683925,290
2026-03-18,GS-4,BN-033,113.5153104249773,483
2026-03-18,GS-4,BN-037,0.0,0
2026-03-18,GS-4,BN-040,87.31946955767485,290
2026-03-18,GS-4,BN-041,113.5153104249773,535
2026-03-18,GS-4,BN-042,611.2362869037239,560
2026-03-18,GS-4,BN-043,148.44309824804725,535
2026-03-18,GS-4,BN-045,0.0,0
2026-03-18,GS-4,BN-046,0.0,0
2026-03-18,GS-4,BN-049,378.38436808325764,540
2026-03-18,GS-4,B-226,0.0,0
2026-03-18,PLTG,B-120,2808.7762707718744,580
2026-03-18,PLTG,B-047,5245.571601228054,470
2026-03-18,PLTG,B-133,1170.080892072843,585
2026-03-18,MGS,B-32,0.0,0
2026-03-19,GS-1,B-050,4315.433072778326,450
2026-03-19,GS-1,B-061,811.7566517416711,460
2026-03-19,GS-1,B-031,0.0,0
2026-03-19,GS-1,B-074,3393.9324960157855,455
2026-03-19,GS-1,B-020,0.0,0
2026-03-19,GS-1,B-023,624.2048645366928,502
2026-03-19,GS-1,B-049,0.0,0
2026-03-19,GS-1,B-057,0.0,0
2026-03-19,GS-1,B-078,116.13113758822192,435
2026-03-19,GS-1,B-079,146.90588904910072,436
2026-03-19,GS-1,B-106,2792.953858996737,421
2026-03-19,GS-1,B-108,0.0,0
2026-03-19,GS-1,B-045,0.0,0
2026-03-19,GS-1,B-067,998.7277832587084,480
2026-03-19,GS-1,B-052,0.0,0
2026-03-19,GS-1,B-066,2107.7801472262277,500
2026-03-19,GS-1,B-069,0.0,0
2026-03-19,GS-1,B-205,0.0,0
2026-03-19,GS-1,B-077,0.0,0
2026-03-19,GS-2,B-092,291.489155346437,570
2026-03-19,GS-2,B-115,0.0,0
2026-03-19,GS-2,B-116,1649.062153752751,549
2026-03-19,GS-2,B-091,1956.2290126735982,534
2026-03-19,GS-2,B-090,0.0,0
2026-03-19,GS-2,B-075,0.0,0
2026-03-19,GS-2,B-038,0.0,0
2026-03-19,GS-2,B-46,0.0,0
2026-03-19,GS-2,B-073,0.0,0
2026-03-19,GS-2,B-076,0.0,0
2026-03-19,GS-2,B-137,425.0399635728922,550
2026-03-19,GS-2,BN-14,0.0,0
2026-03-19,GS-3,B-053,2943.9243378614256,510
2026-03-19,GS-3,B-059,0.0,0
2026-03-19,GS-3,B-062,2966.569909691129,485
2026-03-19,GS-3,B-063,0.0,0
2026-03-19,GS-3,B-065,1982.9391743188892,287
2026-03-19,GS-3,B-101,0.0,0
2026-03-19,GS-3,B-107,0.0,0
2026-03-19,GS-3,B-110,0.0,0
2026-03-19,GS-3,B-129,0.0,0
2026-03-19,GS-3,B-134,41.80720953175989,290
2026-03-19,GS-4,BN-033,113.22785914851636,483
2026-03-19,GS-4,BN-037,0.0,0
2026-03-19,GS-4,BN-040,87.09835319116644,290
2026-03-19,GS-4,BN-041,113.22785914851636,535
2026-03-19,GS-4,BN-042,609.6884723381651,560
2026-03-19,GS-4,BN-043,148.06720042498293,535
2026-03-19,GS-4,BN-045,0.0,0
2026-03-19,GS-4,BN-046,0.0,0
2026-03-19,GS-4,BN-049,377.42619716172123,540
2026-03-19,GS-4,B-226,0.0,0
2026-03-19,PLTG,B-120,2801.6636943158537,580
2026-03-19,PLTG,B-047,5232.288404037338,470
2026-03-19,PLTG,B-133,1167.1179327616303,585
2026-03-19,MGS,B-32,0.0,0
2026-03-20,GS-1,B-050,4277.072918724264,450
2026-03-20,GS-1,B-061,804.5408961755276,460
2026-03-20,GS-1,B-031,0.0,0
2026-03-20,GS-1,B-074,3363.7636181301564,455
2026-03-20,GS-1,B-020,0.0,0
2026-03-20,GS-1,B-023,618.6562685183778,502
2026-03-20,GS-1,B-049,0.0,0
2026-03-20,GS-1,B-057,0.0,0
2026-03-20,GS-1,B-078,115.09884065458192,435
2026-03-20,GS-1,B-079,145.60003342804612,436
2026-03-20,GS-1,B-106,2768.127117742695,421
2026-03-20,GS-1,B-108,0.0,0
2026-03-20,GS-1,B-045,0.0,0
2026-03-20,GS-1,B-067,989.8500296294045,480
2026-03-20,GS-1,B-052,0.0,0
2026-03-20,GS-1,B-066,2089.0439578806618,500
2026-03-20,GS-1,B-069,0.0,0
2026-03-20,GS-1,B-205,0.0,0
2026-03-20,GS-1,B-077,0.0,0
2026-03-20,GS-2,B-092,288.8980900430006,570
2026-03-20,GS-2,B-115,0.0,0
2026-03-20,GS-2,B-116,1634.4035372950632,549
2026-03-20,GS-2,B-091,1938.8399708264324,534
2026-03-20,GS-2,B-090,0.0,0
2026-03-20,GS-2,B-075,0.0,0
2026-03-20,GS-2,B-038,0.0,0
2026-03-20,GS-2,B-46,0.0,0
2026-03-20,GS-2,B-073,0.0,0
2026-03-20,GS-2,B-076,0.0,0
2026-03-20,GS-2,B-137,421.2617567957698,550
2026-03-20,GS-2,BN-14,0.0,0
2026-03-20,GS-3,B-053,2917.7556105936515,510
2026-03-20,GS-3,B-059,0.0,0
2026-03-20,GS-3,B-062,2940.199884521295,485
2026-03-20,GS-3,B-063,0.0,0
2026-03-20,GS-3,B-065,1965.3127041769862,287
2026-03-20,GS-3,B-101,0.0,0
2026-03-20,GS-3,B-107,0.0,0
2026-03-20,GS-3,B-110,0.0,0
2026-03-20,GS-3,B-129,0.0,0
2026-03-20,GS-3,B-134,41.43558263564949,290
2026-03-20,GS-4,BN-033,112.22136963821737,483
2026-03-20,GS-4,BN-037,0.0,0
2026-03-20,GS-4,BN-040,86.32413049093644,290
2026-03-20,GS-4,BN-041,112.22136963821737,535
2026-03-20,GS-4,BN-042,604.2689134365551,560
2026-03-20,GS-4,BN-043,146.75102183459194,535
2026-03-20,GS-4,BN-045,0.0,0
2026-03-20,GS-4,BN-046,0.0,0
2026-03-20,GS-4,BN-049,374.0712321273912,540
2026-03-20,GS-4,B-226,0.0,0
2026-03-20,PLTG,B-120,2776.7595307917886,580
2026-03-20,PLTG,B-047,5185.778265692188,470
2026-03-20,PLTG,B-133,1156.7433485785482,585
2026-03-20,MGS,B-32,0.0,0
2026-03-21,GS-1,B-050,4273.007582088645,450
2026-03-21,GS-1,B-061,803.7761840365885,460
2026-03-21,GS-1,B-031,0.0,0
2026-03-21,GS-1,B-074,3360.566377463419,455
2026-03-21,GS-1,B-020,0.0,0
2026-03-21,GS-1,B-023,618.0682387978059,502
2026-03-21,GS-1,B-049,0.0,0
2026-03-21,GS-1,B-057,0.0,0
2026-03-21,GS-1,B-078,114.98943977633598,435
2026-03-21,GS-1,B-079,145.46164131706502,436
2026-03-21,GS-1,B-106,2765.4960266208805,421
2026-03-21,GS-1,B-108,0.0,0
2026-03-21,GS-1,B-045,0.0,0
2026-03-21,GS-1,B-067,988.9091820764894,480
2026-03-21,GS-1,B-052,0.0,0
2026-03-21,GS-1,B-066,2087.058331940498,500
2026-03-21,GS-1,B-069,0.0,0
2026-03-21,GS-1,B-205,0.0,0
2026-03-21,GS-1,B-077,0.0,0
2026-03-21,GS-2,B-092,288.6234938386033,570
2026-03-21,GS-2,B-115,0.0,0
2026-03-21,GS-2,B-116,1632.8500448239708,549
2026-03-21,GS-2,B-091,1936.9971130323795,534
2026-03-21,GS-2,B-090,0.0,0
2026-03-21,GS-2,B-075,0.0,0
2026-03-21,GS-2,B-038,0.0,0
2026-03-21,GS-2,B-46,0.0,0
2026-03-21,GS-2,B-073,0.0,0
2026-03-21,GS-2,B-076,0.0,0
2026-03-21,GS-2,B-137,420.8613495813897,550
2026-03-21,GS-2,BN-14,0.0,0
2026-03-21,GS-3,B-053,2914.982298330117,510
2026-03-21,GS-3,B-059,0.0,0
2026-03-21,GS-3,B-062,2937.4052390865027,485
2026-03-21,GS-3,B-063,0.0,0
2026-03-21,GS-3,B-065,1963.4446841809367,287
2026-03-21,GS-3,B-101,0.0,0
2026-03-21,GS-3,B-107,0.0,0
2026-03-21,GS-3,B-110,0.0,0
2026-03-21,GS-3,B-129,0.0,0
2026-03-21,GS-3,B-134,41.39619831948095,290
2026-03-21,GS-4,BN-033,112.11470378192757,483
2026-03-21,GS-4,BN-037,0.0,0
2026-03-21,GS-4,BN-040,86.24207983225199,290
2026-03-21,GS-4,BN-041,112.11470378192757,535
2026-03-21,GS-4,BN-042,603.6945588257639,560
2026-03-21,GS-4,BN-043,146.61153571482836,535
2026-03-21,GS-4,BN-045,0.0,0
2026-03-21,GS-4,BN-046,0.0,0
2026-03-21,GS-4,BN-049,373.71567927309195,540
2026-03-21,GS-4,B-226,0.0,0
2026-03-21,PLTG,B-120,2774.1202346041055,580
2026-03-21,PLTG,B-047,5180.849209122817,470
2026-03-21,PLTG,B-133,1155.6438697521767,585
2026-03-21,MGS,B-32,0.0,0
2026-03-22,GS-1,B-050,4233.675816185394,450
2026-03-22,GS-1,B-061,796.377662947683,460
2026-03-22,GS-1,B-031,0.0,0
2026-03-22,GS-1,B-074,3329.633361894998,455
2026-03-22,GS-1,B-020,0.0,0
2026-03-22,GS-1,B-023,612.379104197968,502
2026-03-22,GS-1,B-049,119.62754593634723,461
2026-03-22,GS-1,B-057,0.0,0
2026-03-22,GS-1,B-078,113.9309961298545,435
2026-03-22,GS-1,B-079,144.12271010426596,436
2026-03-22,GS-1,B-106,2740.040456923001,421
2026-03-22,GS-1,B-108,0.0,0
2026-03-22,GS-1,B-045,0.0,0
2026-03-22,GS-1,B-067,979.8065667167488,480
2026-03-22,GS-1,B-052,0.0,0
2026-03-22,GS-1,B-066,2067.8475797568594,500
2026-03-22,GS-1,B-069,0.0,0
2026-03-22,GS-1,B-205,0.0,0
2026-03-22,GS-1,B-077,119.62754593634723,461
2026-03-22,GS-2,B-092,285.9668002859348,570
2026-03-22,GS-2,B-115,0.0,0
2026-03-22,GS-2,B-116,1617.820145043934,549
2026-03-22,GS-2,B-091,1919.1676298073992,534
2026-03-22,GS-2,B-090,0.0,0
2026-03-22,GS-2,B-075,0.0,0
2026-03-22,GS-2,B-038,0.0,0
2026-03-22,GS-2,B-46,0.0,0
2026-03-22,GS-2,B-073,0.0,0
2026-03-22,GS-2,B-076,0.0,0
2026-03-22,GS-2,B-137,416.9874458352675,550
2026-03-22,GS-2,BN-14,0.0,0
2026-03-22,GS-3,B-053,2888.150751891812,510
2026-03-22,GS-3,B-059,0.0,0
2026-03-22,GS-3,B-062,2910.3672961371335,485
2026-03-22,GS-3,B-063,0.0,0
2026-03-22,GS-3,B-065,1945.3717589172659,287
2026-03-22,GS-3,B-101,0.0,0
2026-03-22,GS-3,B-107,0.0,0
2026-03-22,GS-3,B-110,0.0,0
2026-03-22,GS-3,B-129,0.0,0
2026-03-22,GS-3,B-134,41.015158606747626,290
2026-03-22,GS-4,BN-033,111.08272122660814,483
2026-03-22,GS-4,BN-037,0.0,0
2026-03-22,GS-4,BN-040,85.44824709739089,290
2026-03-22,GS-4,BN-041,111.08272122660814,535
2026-03-22,GS-4,BN-042,598.1377296817362,560
2026-03-22,GS-4,BN-043,145.2620200655645,535
2026-03-22,GS-4,BN-045,0.0,0
2026-03-22,GS-4,BN-046,0.0,0
2026-03-22,GS-4,BN-049,370.27573742202713,540
2026-03-22,GS-4,B-226,0.0,0
2026-03-22,PLTG,B-120,2748.58528163274,580
2026-03-22,PLTG,B-047,5133.161030630595,470
2026-03-22,PLTG,B-133,1145.0065111050378,585
2026-03-22,MGS,B-32,0.0,0
2026-03-23,GS-1,B-050,4241.213073653728,450
2026-03-23,GS-1,B-061,797.7954624553164,460
2026-03-23,GS-1,B-031,0.0,0
2026-03-23,GS-1,B-074,3335.5611430982294,455
2026-03-23,GS-1,B-020,0.0,0
2026-03-23,GS-1,B-023,613.4693291412483,502
2026-03-23,GS-1,B-049,109.56847553034389,465
2026-03-23,GS-1,B-057,0.0,0
2026-03-23,GS-1,B-078,114.13382867744156,435
2026-03-23,GS-1,B-079,144.37929327696355,436
2026-03-23,GS-1,B-106,2744.9185796924694,421
2026-03-23,GS-1,B-108,0.0,0
2026-03-23,GS-1,B-045,0.0,0
2026-03-23,GS-1,B-067,981.5509266259974,480
2026-03-23,GS-1,B-052,0.0,0
2026-03-23,GS-1,B-066,2071.5289904955644,500
2026-03-23,GS-1,B-069,0.0,0
2026-03-23,GS-1,B-205,0.0,0
2026-03-23,GS-1,B-077,862.8517448014582,462
2026-03-23,GS-2,B-092,286.4759099803783,570
2026-03-23,GS-2,B-115,0.0,0
2026-03-23,GS-2,B-116,1620.70036721967,549
2026-03-23,GS-2,B-091,1922.584344071503,534
2026-03-23,GS-2,B-090,0.0,0
2026-03-23,GS-2,B-075,0.0,0
2026-03-23,GS-2,B-038,0.0,0
2026-03-23,GS-2,B-46,0.0,0
2026-03-23,GS-2,B-073,0.0,0
2026-03-23,GS-2,B-076,0.0,0
2026-03-23,GS-2,B-137,0.0,0
2026-03-23,GS-2,BN-14,0.0,0
2026-03-23,GS-3,B-053,2893.2925569731433,510
2026-03-23,GS-3,B-059,0.0,0
2026-03-23,GS-3,B-062,2915.5486535652444,485
2026-03-23,GS-3,B-063,0.0,0
2026-03-23,GS-3,B-065,1547.6547168661075,239
2026-03-23,GS-3,B-101,0.0,0
2026-03-23,GS-3,B-107,0.0,0
2026-03-23,GS-3,B-110,0.0,0
2026-03-23,GS-3,B-129,0.0,0
2026-03-23,GS-3,B-134,41.08817832387896,295
2026-03-23,GS-4,BN-033,111.28048296050551,483
2026-03-23,GS-4,BN-037,0.0,0
2026-03-23,GS-4,BN-040,85.60037150808117,290
2026-03-23,GS-4,BN-041,111.28048296050551,535
2026-03-23,GS-4,BN-042,599.2026005565682,560
2026-03-23,GS-4,BN-043,145.52063156373796,535
2026-03-23,GS-4,BN-045,0.0,0
2026-03-23,GS-4,BN-046,0.0,0
2026-03-23,GS-4,BN-049,370.93494320168503,540
2026-03-23,GS-4,B-226,0.0,0
2026-03-23,PLTG,B-120,2753.4786168432775,580
2026-03-23,PLTG,B-047,5142.299651062129,470
2026-03-23,PLTG,B-133,1147.0449782082876,585
2026-03-23,MGS,B-32,0.0,0
2026-03-24,GS-1,B-050,4227.173526831977,450
2026-03-24,GS-1,B-061,795.1545466242068,460
2026-03-24,GS-1,B-031,0.0,0
2026-03-24,GS-1,B-074,3324.5195457929103,455
2026-03-24,GS-1,B-020,0.0,0
2026-03-24,GS-1,B-023,611.4385819892863,502
2026-03-24,GS-1,B-049,109.20577464366788,465
2026-03-24,GS-1,B-057,0.0,0
2026-03-24,GS-1,B-078,113.7560152538207,435
2026-03-24,GS-1,B-079,143.9013592960832,436
2026-03-24,GS-1,B-106,2735.832166854388,421
2026-03-24,GS-1,B-108,0.0,0
2026-03-24,GS-1,B-045,0.0,0
2026-03-24,GS-1,B-067,978.3017311828581,480
2026-03-24,GS-1,B-052,0.0,0
2026-03-24,GS-1,B-066,2064.671676856846,500
2026-03-24,GS-1,B-069,0.0,0
2026-03-24,GS-1,B-205,0.0,0
2026-03-24,GS-1,B-077,859.9954753188846,462
2026-03-24,GS-2,B-092,285.52759828709,570
2026-03-24,GS-2,B-115,0.0,0
2026-03-24,GS-2,B-116,1615.335416604254,549
2026-03-24,GS-2,B-091,1916.2200769506098,534
2026-03-24,GS-2,B-090,0.0,0
2026-03-24,GS-2,B-075,0.0,0
2026-03-24,GS-2,B-038,0.0,0
2026-03-24,GS-2,B-46,0.0,0
2026-03-24,GS-2,B-073,0.0,0
2026-03-24,GS-2,B-076,0.0,0
2026-03-24,GS-2,B-137,0.0,0
2026-03-24,GS-2,BN-14,0.0,0
2026-03-24,GS-3,B-053,2883.714986684355,510
2026-03-24,GS-3,B-059,0.0,0
2026-03-24,GS-3,B-062,2905.89740965885,485
2026-03-24,GS-3,B-063,0.0,0
2026-03-24,GS-3,B-065,1542.5315668418089,239
2026-03-24,GS-3,B-101,0.0,0
2026-03-24,GS-3,B-107,0.0,0
2026-03-24,GS-3,B-110,0.0,0
2026-03-24,GS-3,B-129,0.0,0
2026-03-24,GS-3,B-134,40.95216549137545,295
2026-03-24,GS-4,BN-033,110.91211487247519,483
2026-03-24,GS-4,BN-037,0.0,0
2026-03-24,GS-4,BN-040,85.31701144036553,290
2026-03-24,GS-4,BN-041,110.91211487247519,535
2026-03-24,GS-4,BN-042,597.2190800825587,560
2026-03-24,GS-4,BN-043,145.0389194486214,535
2026-03-24,GS-4,BN-045,0.0,0
2026-03-24,GS-4,BN-046,0.0,0
2026-03-24,GS-4,BN-049,369.7070495749173,540
2026-03-24,GS-4,B-226,0.0,0
2026-03-24,PLTG,B-120,2744.3638679984247,580
2026-03-24,PLTG,B-047,5125.277267260892,470
2026-03-24,PLTG,B-133,1143.2479533008982,585
2026-03-24,MGS,B-32,0.0,0
2026-03-25,GS-1,B-050,4249.54026815169,450
2026-03-25,GS-1,B-061,799.3618534547986,460
2026-03-25,GS-1,B-031,0.0,0
2026-03-25,GS-1,B-074,3342.1101812899124,455
2026-03-25,GS-1,B-020,0.0,0
2026-03-25,GS-1,B-023,614.6738143518659,502
2026-03-25,GS-1,B-049,109.78360219121697,465
2026-03-25,GS-1,B-057,0.0,0
2026-03-25,GS-1,B-078,114.35791894918435,435
2026-03-25,GS-1,B-079,144.6627674707182,436
2026-03-25,GS-1,B-106,2750.3079507278835,421
2026-03-25,GS-1,B-108,0.0,0
2026-03-25,GS-1,B-045,0.0,0
2026-03-25,GS-1,B-067,983.4781029629854,480
2026-03-25,GS-1,B-052,0.0,0
2026-03-25,GS-1,B-066,2075.596228927696,500
2026-03-25,GS-1,B-069,0.0,0
2026-03-25,GS-1,B-205,0.0,0
2026-03-25,GS-1,B-077,864.5458672558336,462
2026-03-25,GS-2,B-092,287.0383765624527,570
2026-03-25,GS-2,B-115,0.0,0
2026-03-25,GS-2,B-116,1623.8824490784177,549
2026-03-25,GS-2,B-091,1926.3591446990104,534
2026-03-25,GS-2,B-090,0.0,0
2026-03-25,GS-2,B-075,0.0,0
2026-03-25,GS-2,B-038,0.0,0
2026-03-25,GS-2,B-46,0.0,0
2026-03-25,GS-2,B-073,0.0,0
2026-03-25,GS-2,B-076,0.0,0
2026-03-25,GS-2,B-137,0.0,0
2026-03-25,GS-2,BN-14,0.0,0
2026-03-25,GS-3,B-053,2898.973245361823,510
2026-03-25,GS-3,B-059,0.0,0
2026-03-25,GS-3,B-062,2921.2730395569142,485
2026-03-25,GS-3,B-063,0.0,0
2026-03-25,GS-3,B-065,1550.6933809509396,239
2026-03-25,GS-3,B-101,0.0,0
2026-03-25,GS-3,B-107,0.0,0
2026-03-25,GS-3,B-110,0.0,0
2026-03-25,GS-3,B-129,0.0,0
2026-03-25,GS-3,B-134,41.168850821706364,295
2026-03-25,GS-4,BN-033,111.49897097545474,483
2026-03-25,GS-4,BN-037,0.0,0
2026-03-25,GS-4,BN-040,85.76843921188826,290
2026-03-25,GS-4,BN-041,111.49897097545474,535
2026-03-25,GS-4,BN-042,600.3790744832178,560
2026-03-25,GS-4,BN-043,145.80634666021004,535
2026-03-25,GS-4,BN-046,0.0,0
2026-03-25,GS-4,BN-049,371.66323658484913,540
2026-03-25,GS-4,B-226,0.0,0
2026-03-25,PLTG,B-120,2758.8847946490723,580
2026-03-25,PLTG,B-047,5152.396038255501,470
2026-03-25,PLTG,B-133,1149.2970854393027,585
2026-03-25,MGS,B-32,0.0,0
2026-03-26,GS-1,B-050,4298.0,450
2026-03-26,GS-1,B-061,808.0,460
2026-03-26,GS-1,B-031,0.0,0
2026-03-26,GS-1,B-074,3380.0,455
2026-03-26,GS-1,B-020,0.0,0
2026-03-26,GS-1,B-023,622.0,502
2026-03-26,GS-1,B-049,111.0,465
2026-03-26,GS-1,B-057,0.0,0
2026-03-26,GS-1,B-078,116.0,435
2026-03-26,GS-1,B-079,146.0,436
2026-03-26,GS-1,B-106,2781.0,421
2026-03-26,GS-1,B-108,0.0,0
2026-03-26,GS-1,B-045,0.0,0
2026-03-26,GS-1,B-067,995.0,480
2026-03-26,GS-1,B-052,0.0,0
2026-03-26,GS-1,B-066,2099.0,500
2026-03-26,GS-1,B-069,0.0,0
2026-03-26,GS-1,B-205,0.0,0
2026-03-26,GS-1,B-077,874.0,462
2026-03-26,GS-2,B-092,290.0,570
2026-03-26,GS-2,B-115,0.0,0
2026-03-26,GS-2,B-116,1642.0,549
2026-03-26,GS-2,B-091,1948.0,534
2026-03-26,GS-2,B-090,0.0,0
2026-03-26,GS-2,B-075,0.0,0
2026-03-26,GS-2,B-038,0.0,0
2026-03-26,GS-2,B-46,0.0,0
2026-03-26,GS-2,B-073,0.0,0
2026-03-26,GS-2,B-076,0.0,0
2026-03-26,GS-2,B-137,0.0,0
2026-03-26,GS-2,BN-14,0.0,0
2026-03-26,GS-3,B-053,2932.0,510
2026-03-26,GS-3,B-059,0.0,0
2026-03-26,GS-3,B-062,2954.0,485
2026-03-26,GS-3,B-063,0.0,0
2026-03-26,GS-3,B-065,1568.0,239
2026-03-26,GS-3,B-101,0.0,0
2026-03-26,GS-3,B-107,0.0,0
2026-03-26,GS-3,B-110,0.0,0
2026-03-26,GS-3,B-129,0.0,0
2026-03-26,GS-3,B-134,42.0,295
2026-03-26,GS-4,BN-033,113.0,483
2026-03-26,GS-4,BN-037,0.0,0
2026-03-26,GS-4,BN-040,87.0,290
2026-03-26,GS-4,BN-041,113.0,535
2026-03-26,GS-4,BN-042,607.0,560
2026-03-26,GS-4,BN-043,147.0,535
2026-03-26,GS-4,BN-046,0.0,0
2026-03-26,GS-4,BN-049,376.0,540
2026-03-26,GS-4,B-226,0.0,0
2026-03-26,PLTG,B-120,2790.0,580
2026-03-26,PLTG,B-047,5211.0,470
2026-03-26,PLTG,B-133,1162.0,585
2026-03-26,MGS,B-32,0.0,0
2026-03-27,GS-1,B-050,4414.0,450
2026-03-27,GS-1,B-061,830.0,460
2026-03-27,GS-1,B-031,0.0,0
2026-03-27,GS-1,B-074,3471.0,455
2026-03-27,GS-1,B-020,0.0,0
2026-03-27,GS-1,B-023,638.0,502
2026-03-27,GS-1,B-049,114.0,465
2026-03-27,GS-1,B-057,0.0,0
2026-03-27,GS-1,B-078,119.0,435
2026-03-27,GS-1,B-079,150.0,436
2026-03-27,GS-1,B-106,2857.0,421
2026-03-27,GS-1,B-108,0.0,0
2026-03-27,GS-1,B-045,0.0,0
2026-03-27,GS-1,B-067,1021.0,480
2026-03-27,GS-1,B-052,0.0,0
2026-03-27,GS-1,B-066,2156.0,500
2026-03-27,GS-1,B-069,0.0,0
2026-03-27,GS-1,B-205,0.0,0
2026-03-27,GS-1,B-077,0.0,215
2026-03-27,GS-2,B-092,298.0,570
2026-03-27,GS-2,B-115,0.0,0
2026-03-27,GS-2,B-116,1687.0,549
2026-03-27,GS-2,B-091,2001.0,534
2026-03-27,GS-2,B-090,0.0,0
2026-03-27,GS-2,B-075,0.0,0
2026-03-27,GS-2,B-038,0.0,0
2026-03-27,GS-2,B-46,0.0,0
2026-03-27,GS-2,B-073,0.0,0
2026-03-27,GS-2,B-076,0.0,0
2026-03-27,GS-2,B-137,0.0,0
2026-03-27,GS-2,BN-14,0.0,0
2026-03-27,GS-3,B-053,3011.0,510
2026-03-27,GS-3,B-059,0.0,0
2026-03-27,GS-3,B-062,3034.0,485
2026-03-27,GS-3,B-063,0.0,0
2026-03-27,GS-3,B-065,1611.0,239
2026-03-27,GS-3,B-101,0.0,0
2026-03-27,GS-3,B-107,0.0,0
2026-03-27,GS-3,B-110,0.0,0
2026-03-27,GS-3,B-129,0.0,0
2026-03-27,GS-3,B-134,43.0,295
2026-03-27,GS-4,BN-033,116.0,483
2026-03-27,GS-4,BN-037,0.0,0
2026-03-27,GS-4,BN-040,89.0,290
2026-03-27,GS-4,BN-041,116.0,535
2026-03-27,GS-4,BN-042,624.0,560
2026-03-27,GS-4,BN-043,151.0,535
2026-03-27,GS-4,BN-046,0.0,0
2026-03-27,GS-4,BN-049,386.0,540
2026-03-27,GS-4,B-226,0.0,0
2026-03-27,PLTG,B-120,2866.0,580
2026-03-27,PLTG,B-047,5352.0,470
2026-03-27,PLTG,B-133,1194.0,585
2026-03-27,MGS,B-32,0.0,0
2026-03-28,GS-1,B-050,4329.0,450
2026-03-28,GS-1,B-061,814.0,460
2026-03-28,GS-1,B-031,0.0,0
2026-03-28,GS-1,B-074,3405.0,455
2026-03-28,GS-1,B-020,0.0,0
2026-03-28,GS-1,B-023,626.0,502
2026-03-28,GS-1,B-049,0.0,0
2026-03-28,GS-1,B-057,0.0,0
2026-03-28,GS-1,B-078,117.0,435
2026-03-28,GS-1,B-079,147.0,436
2026-03-28,GS-1,B-106,2802.0,421
2026-03-28,GS-1,B-108,0.0,0
2026-03-28,GS-1,B-045,0.0,0
2026-03-28,GS-1,B-067,1002.0,480
2026-03-28,GS-1,B-052,0.0,0
2026-03-28,GS-1,B-066,2115.0,500
2026-03-28,GS-1,B-069,0.0,0
2026-03-28,GS-1,B-205,0.0,0
2026-03-28,GS-1,B-077,0.0,215
2026-03-28,GS-2,B-092,292.0,570
2026-03-28,GS-2,B-115,0.0,0
2026-03-28,GS-2,B-116,1654.0,549
2026-03-28,GS-2,B-091,1963.0,534
2026-03-28,GS-2,B-090,0.0,0
2026-03-28,GS-2,B-075,0.0,0
2026-03-28,GS-2,B-038,0.0,0
2026-03-28,GS-2,B-46,0.0,0
2026-03-28,GS-2,B-073,0.0,0
2026-03-28,GS-2,B-076,0.0,0
2026-03-28,GS-2,B-137,0.0,0
2026-03-28,GS-2,BN-14,0.0,0
2026-03-28,GS-3,B-053,2953.0,510
2026-03-28,GS-3,B-059,0.0,0
2026-03-28,GS-3,B-062,2976.0,485
2026-03-28,GS-3,B-063,0.0,0
2026-03-28,GS-3,B-065,1580.0,239
2026-03-28,GS-3,B-101,0.0,0
2026-03-28,GS-3,B-107,0.0,0
2026-03-28,GS-3,B-110,0.0,0
2026-03-28,GS-3,B-129,0.0,0
2026-03-28,GS-3,B-134,42.0,295
2026-03-28,GS-4,BN-033,114.0,483
2026-03-28,GS-4,BN-037,0.0,0
2026-03-28,GS-4,BN-040,87.0,290
2026-03-28,GS-4,BN-041,114.0,535
2026-03-28,GS-4,BN-042,612.0,560
2026-03-28,GS-4,BN-043,149.0,535
2026-03-28,GS-4,BN-046,0.0,0
2026-03-28,GS-4,BN-049,379.0,540
2026-03-28,GS-4,B-226,0.0,0
2026-03-28,PLTG,B-120,2811.0,580
2026-03-28,PLTG,B-047,5249.0,470
2026-03-28,PLTG,B-133,1171.0,585
2026-03-28,MGS,B-32,0.0,0
2026-03-29,GS-1,B-050,4354.18423995775,450
2026-03-29,GS-1,B-061,819.0459590232689,460
2026-03-29,GS-1,B-031,0.0,0
2026-03-29,GS-1,B-074,3424.408891624468,455
2026-03-29,GS-1,B-020,0.0,0
2026-03-29,GS-1,B-023,629.8100185622418,502
2026-03-29,GS-1,B-049,0.0,0
2026-03-29,GS-1,B-057,0.0,0
2026-03-29,GS-1,B-078,117.17395694181243,435
2026-03-29,GS-1,B-079,148.2250555313927,436
2026-03-29,GS-1,B-106,2818.0336644505887,421
2026-03-29,GS-1,B-108,0.0,0
2026-03-29,GS-1,B-045,0.0,0
2026-03-29,GS-1,B-067,1007.6960296995869,480
2026-03-29,GS-1,B-052,0.0,0
2026-03-29,GS-1,B-066,2126.7073184938954,500
2026-03-29,GS-1,B-069,0.0,0
2026-03-29,GS-1,B-205,0.0,0
2026-03-29,GS-1,B-077,0.0,215
2026-03-29,GS-2,B-092,294.1066319239492,570
2026-03-29,GS-2,B-115,0.0,0
2026-03-29,GS-2,B-116,1663.8701885737364,549
2026-03-29,GS-2,B-091,1973.7953046848304,534
2026-03-29,GS-2,B-090,0.0,0
2026-03-29,GS-2,B-075,0.0,0
2026-03-29,GS-2,B-038,0.0,0
2026-03-29,GS-2,B-46,0.0,0
2026-03-29,GS-2,B-073,0.0,0
2026-03-29,GS-2,B-076,0.0,0
2026-03-29,GS-2,B-137,0.0,0
2026-03-29,GS-2,BN-14,0.0,0
2026-03-29,GS-3,B-053,2970.359808474945,510
2026-03-29,GS-3,B-059,0.0,0
2026-03-29,GS-3,B-062,2993.2087300785984,485
2026-03-29,GS-3,B-063,0.0,0
2026-03-29,GS-3,B-065,1588.8788561309766,239
2026-03-29,GS-3,B-101,0.0,0
2026-03-29,GS-3,B-107,0.0,0
2026-03-29,GS-3,B-110,0.0,0
2026-03-29,GS-3,B-129,0.0,0
2026-03-29,GS-3,B-134,42.18262449905247,295
2026-03-29,GS-4,BN-033,114.24460801826712,483
2026-03-29,GS-4,BN-037,0.0,0
2026-03-29,GS-4,BN-040,87.88046770635933,290
2026-03-29,GS-4,BN-041,114.24460801826712,535
2026-03-29,GS-4,BN-042,615.1632739445153,560
2026-03-29,GS-4,BN-043,149.39679510081083,535
2026-03-29,GS-4,BN-046,0.0,0
2026-03-29,GS-4,BN-049,380.8153600608904,540
2026-03-29,GS-4,B-226,0.0,0
2026-03-29,PLTG,B-120,2826.8217112212246,580
2026-03-29,PLTG,B-047,5279.272630013359,470
2026-03-29,PLTG,B-133,1177.5982672652149,585
2026-03-29,MGS,B-32,0.0,0
2026-03-30,GS-1,B-050,4361.755975658825,450
2026-03-30,GS-1,B-061,820.4702440757586,460
2026-03-30,GS-1,B-031,0.0,0
2026-03-30,GS-1,B-074,3430.363788714456,455
2026-03-30,GS-1,B-020,0.0,0
2026-03-30,GS-1,B-023,630.9052306018888,502
2026-03-30,GS-1,B-049,61.62330159367286,500
2026-03-30,GS-1,B-057,0.0,0
2026-03-30,GS-1,B-078,117.37771732128164,435
2026-03-30,GS-1,B-079,148.48281241142126,436
2026-03-30,GS-1,B-106,2822.934101576823,421
2026-03-30,GS-1,B-108,0.0,0
2026-03-30,GS-1,B-045,0.0,0
2026-03-30,GS-1,B-067,1009.4483689630221,480
2026-03-30,GS-1,B-052,0.0,0
2026-03-30,GS-1,B-066,2130.4055693812616,500
2026-03-30,GS-1,B-069,0.0,0
2026-03-30,GS-1,B-205,0.0,0
2026-03-30,GS-1,B-077,123.24660318734573,215
2026-03-30,GS-2,B-092,294.6180704764169,570
2026-03-30,GS-2,B-115,0.0,0
2026-03-30,GS-2,B-116,1666.7635859621992,549
2026-03-30,GS-2,B-091,1977.2276482769892,534
2026-03-30,GS-2,B-090,0.0,0
2026-03-30,GS-2,B-075,0.0,0
2026-03-30,GS-2,B-038,0.0,0
2026-03-30,GS-2,B-46,0.0,0
2026-03-30,GS-2,B-073,0.0,0
2026-03-30,GS-2,B-076,0.0,0
2026-03-30,GS-2,B-137,0.0,0
2026-03-30,GS-2,BN-14,0.0,0
2026-03-30,GS-3,B-053,2975.5251340944897,510
2026-03-30,GS-3,B-059,0.0,0
2026-03-30,GS-3,B-062,2998.4137889721396,485
2026-03-30,GS-3,B-063,0.0,0
2026-03-30,GS-3,B-065,1591.641846876579,239
2026-03-30,GS-3,B-101,0.0,0
2026-03-30,GS-3,B-107,0.0,0
2026-03-30,GS-3,B-110,0.0,0
2026-03-30,GS-3,B-129,0.0,0
2026-03-30,GS-3,B-134,42.25597823566139,295
2026-03-30,GS-4,BN-033,114.44327438824959,483
2026-03-30,GS-4,BN-037,0.0,0
2026-03-30,GS-4,BN-040,88.03328799096123,290
2026-03-30,GS-4,BN-041,114.44327438824959,535
2026-03-30,GS-4,BN-042,616.2330159367286,560
2026-03-30,GS-4,BN-043,149.65658958463408,535
2026-03-30,GS-4,BN-046,0.0,0
2026-03-30,GS-4,BN-049,381.4775812941653,540
2026-03-30,GS-4,B-226,0.0,0
2026-03-30,PLTG,B-120,2831.7374303759193,580
2026-03-30,PLTG,B-047,5288.453053910344,470
2026-03-30,PLTG,B-133,1179.6460590788804,585
2026-03-30,MGS,B-32,0.0,0
2026-03-31,GS-1,B-050,4308.125670474395,450
2026-03-31,GS-1,B-061,810.3820892523147,460
2026-03-31,GS-1,B-031,0.0,0
2026-03-31,GS-1,B-074,3388.185487610715,455
2026-03-31,GS-1,B-020,0.0,0
2026-03-31,GS-1,B-023,623.1478869429459,502
2026-03-31,GS-1,B-049,60.86560756186913,500
2026-03-31,GS-1,B-057,0.0,0
2026-03-31,GS-1,B-078,115.93449059403645,435
2026-03-31,GS-1,B-079,146.6571306014561,436
2026-03-31,GS-1,B-106,2788.2244987865765,421
2026-03-31,GS-1,B-108,0.0,0
2026-03-31,GS-1,B-045,0.0,0
2026-03-31,GS-1,B-067,997.0366191087135,480
2026-03-31,GS-1,B-052,0.0,0
2026-03-31,GS-1,B-066,2104.2110042817612,500
2026-03-31,GS-1,B-069,0.0,0
2026-03-31,GS-1,B-205,0.0,0
2026-03-31,GS-1,B-077,121.73121512373827,215
2026-03-31,GS-2,B-092,290.9955713910315,570
2026-03-31,GS-2,B-115,0.0,0
2026-03-31,GS-2,B-116,1646.2697664353175,549
2026-03-31,GS-2,B-091,1952.9164940565438,534
2026-03-31,GS-2,B-090,0.0,0
2026-03-31,GS-2,B-075,0.0,0
2026-03-31,GS-2,B-038,0.0,0
2026-03-31,GS-2,B-46,0.0,0
2026-03-31,GS-2,B-073,0.0,0
2026-03-31,GS-2,B-076,0.0,0
2026-03-31,GS-2,B-137,0.0,0
2026-03-31,GS-2,BN-14,0.0,0
2026-03-31,GS-3,B-053,2938.939336558824,510
2026-03-31,GS-3,B-059,0.0,0
2026-03-31,GS-3,B-062,2961.546562224661,485
2026-03-31,GS-3,B-063,0.0,0
2026-03-31,GS-3,B-065,1572.071692455134,239
2026-03-31,GS-3,B-101,0.0,0
2026-03-31,GS-3,B-107,0.0,0
2026-03-31,GS-3,B-110,0.0,0
2026-03-31,GS-3,B-129,0.0,0
2026-03-31,GS-3,B-134,41.73641661385312,295
2026-03-31,GS-4,BN-033,113.03612832918553,483
2026-03-31,GS-4,BN-037,0.0,0
2026-03-31,GS-4,BN-040,86.95086794552734,290
2026-03-31,GS-4,BN-041,113.03612832918553,535
2026-03-31,GS-4,BN-042,608.6560756186914,560
2026-03-31,GS-4,BN-043,147.81647550739646,535
2026-03-31,GS-4,BN-046,0.0,0
2026-03-31,GS-4,BN-049,376.7870944306184,540
2026-03-31,GS-4,B-226,0.0,0
2026-03-31,PLTG,B-120,2796.919585581129,580
2026-03-31,PLTG,B-047,5223.428473714312,470
2026-03-31,PLTG,B-133,1165.1416304700663,585
2026-03-31,MGS,B-32,0.0,0
2026-04-01,GS-1,B-050,4355.916188768491,450
2026-04-01,GS-1,B-061,819.3717481025768,460
2026-04-01,GS-1,B-031,0.0,0
2026-04-01,GS-1,B-074,3425.771006909558,455
2026-04-01,GS-1,B-020,0.0,0
2026-04-01,GS-1,B-023,630.0605359157869,502
2026-04-01,GS-1,B-049,61.54079653130942,500
2026-04-01,GS-1,B-057,0.0,0
2026-04-01,GS-1,B-078,117.22056482154176,435
2026-04-01,GS-1,B-079,148.2840144992503,436
2026-04-01,GS-1,B-106,2819.154583958079,421
2026-04-01,GS-1,B-108,0.0,0
2026-04-01,GS-1,B-045,0.0,0
2026-04-01,GS-1,B-067,1008.0968574652591,480
2026-04-01,GS-1,B-052,0.0,0
2026-04-01,GS-1,B-066,2127.5532515109826,500
2026-04-01,GS-1,B-069,0.0,0
2026-04-01,GS-1,B-205,0.0,0
2026-04-01,GS-1,B-077,123.08159306261884,215
2026-04-01,GS-2,B-092,294.2236177020698,570
2026-04-01,GS-2,B-115,0.0,0
2026-04-01,GS-2,B-116,1664.5320204658929,549
2026-04-01,GS-2,B-091,1974.5804144188708,534
2026-04-01,GS-2,B-090,0.0,0
2026-04-01,GS-2,B-075,0.0,0
2026-04-01,GS-2,B-038,0.0,0
2026-04-01,GS-2,B-46,0.0,0
2026-04-01,GS-2,B-073,0.0,0
2026-04-01,GS-2,B-076,0.0,0
2026-04-01,GS-2,B-137,0.0,0
2026-04-01,GS-2,BN-14,0.0,0
2026-04-01,GS-3,B-053,2971.5413182260836,510
2026-04-01,GS-3,B-059,0.0,0
2026-04-01,GS-3,B-062,2994.399328366284,485
2026-04-01,GS-3,B-063,0.0,0
2026-04-01,GS-3,B-065,1589.5108589801061,239
2026-04-01,GS-3,B-101,0.0,0
2026-04-01,GS-3,B-107,0.0,0
2026-04-01,GS-3,B-110,0.0,0
2026-04-01,GS-3,B-129,0.0,0
2026-04-01,GS-3,B-134,42.19940333575503,295
2026-04-01,GS-4,BN-033,114.29005070100321,483
2026-04-01,GS-4,BN-037,0.0,0
2026-04-01,GS-4,BN-040,87.91542361615632,290
2026-04-01,GS-4,BN-041,114.29005070100321,535
2026-04-01,GS-4,BN-042,615.4079653130942,560
2026-04-01,GS-4,BN-043,149.45622014746573,535
2026-04-01,GS-4,BN-046,0.0,0
2026-04-01,GS-4,BN-049,380.9668356700107,540
2026-04-01,GS-4,B-226,0.0,0
2026-04-01,PLTG,B-120,2827.946126319695,580
2026-04-01,PLTG,B-047,5281.372548034564,470
2026-04-01,PLTG,B-133,1178.0666764564946,585
2026-04-01,MGS,B-32,0.0,0
2026-04-02,GS-1,B-050,4236.468613296647,450
2026-04-02,GS-1,B-061,796.9030034161347,460
2026-04-02,GS-1,B-031,0.0,0
2026-04-02,GS-1,B-074,3331.8297961139533,455
2026-04-02,GS-1,B-020,0.0,0
2026-04-02,GS-1,B-023,612.783067719846,502
2026-04-02,GS-1,B-049,59.85322987031054,500
2026-04-02,GS-1,B-057,0.0,0
2026-04-02,GS-1,B-078,114.00615213392484,435
2026-04-02,GS-1,B-079,144.21778244941493,436
2026-04-02,GS-1,B-106,2741.8479588208925,421
2026-04-02,GS-1,B-108,0.0,0
2026-04-02,GS-1,B-045,0.0,0
2026-04-02,GS-1,B-067,980.4529083517536,480
2026-04-02,GS-1,B-052,0.0,0
2026-04-02,GS-1,B-066,2069.211661230736,500
2026-04-02,GS-1,B-069,0.0,0
2026-04-02,GS-1,B-205,0.0,0
2026-04-02,GS-1,B-077,119.70645974062109,215
2026-04-02,GS-2,B-092,286.15544185615136,570
2026-04-02,GS-2,B-115,0.0,0
2026-04-02,GS-2,B-116,1618.8873603017328,549
2026-04-02,GS-2,B-091,1920.433632695964,534
2026-04-02,GS-2,B-090,0.0,0
2026-04-02,GS-2,B-075,0.0,0
2026-04-02,GS-2,B-038,0.0,0
2026-04-02,GS-2,B-46,0.0,0
2026-04-02,GS-2,B-073,0.0,0
2026-04-02,GS-2,B-076,0.0,0
2026-04-02,GS-2,B-137,0.0,0
2026-04-02,GS-2,BN-14,0.0,0
2026-04-02,GS-3,B-053,2890.0559565949948,510
2026-04-02,GS-3,B-059,0.0,0
2026-04-02,GS-3,B-062,2912.28715626111,485
2026-04-02,GS-3,B-063,0.0,0
2026-04-02,GS-3,B-065,1545.9234229360209,239
2026-04-02,GS-3,B-101,0.0,0
2026-04-02,GS-3,B-107,0.0,0
2026-04-02,GS-3,B-110,0.0,0
2026-04-02,GS-3,B-129,0.0,0
2026-04-02,GS-3,B-134,41.04221476821294,295
2026-04-02,GS-4,BN-033,111.15599833057672,483
2026-04-02,GS-4,BN-037,0.0,0
2026-04-02,GS-4,BN-040,85.50461410044363,290
2026-04-02,GS-4,BN-041,111.15599833057672,535
2026-04-02,GS-4,BN-042,598.5322987031054,560
2026-04-02,GS-4,BN-043,145.35784397075417,535
2026-04-02,GS-4,BN-046,0.0,0
2026-04-02,GS-4,BN-049,370.51999443525574,540
2026-04-02,GS-4,B-226,0.0,0
2026-04-02,PLTG,B-120,2750.3984202309366,580
2026-04-02,PLTG,B-047,5136.547184393984,470
2026-04-02,PLTG,B-133,1145.7618289459447,585
2026-04-02,MGS,B-32,0.0,0
2026-04-03,GS-1,B-050,4277.825792589616,450
2026-04-03,GS-1,B-061,804.6825158827077,460
2026-04-03,GS-1,B-031,0.0,0
2026-04-03,GS-1,B-074,3364.3557262764134,455
2026-04-03,GS-1,B-020,0.0,0
2026-04-03,GS-1,B-023,618.765167792497,502
2026-04-03,GS-1,B-049,60.43752801694156,500
2026-04-03,GS-1,B-057,0.0,0
2026-04-03,GS-1,B-078,115.11910098465059,435
2026-04-03,GS-1,B-079,145.62566274558299,436
2026-04-03,GS-1,B-106,2768.6143786808466,421
2026-04-03,GS-1,B-108,0.0,0
2026-04-03,GS-1,B-045,0.0,0
2026-04-03,GS-1,B-067,990.0242684679951,480
2026-04-03,GS-1,B-052,0.0,0
2026-04-03,GS-1,B-066,2089.411682871408,500
2026-04-03,GS-1,B-069,0.0,0
2026-04-03,GS-1,B-205,0.0,0
2026-04-03,GS-1,B-077,120.87505603388313,215
2026-04-03,GS-2,B-092,288.948943471473,570
2026-04-03,GS-2,B-115,0.0,0
2026-04-03,GS-2,B-116,1634.6912339820383,549
2026-04-03,GS-2,B-091,1939.1812560864391,534
2026-04-03,GS-2,B-090,0.0,0
2026-04-03,GS-2,B-075,0.0,0
2026-04-03,GS-2,B-038,0.0,0
2026-04-03,GS-2,B-46,0.0,0
2026-04-03,GS-2,B-073,0.0,0
2026-04-03,GS-2,B-076,0.0,0
2026-04-03,GS-2,B-137,0.0,0
2026-04-03,GS-2,BN-14,0.0,0
2026-04-03,GS-3,B-053,2918.2692099608926,510
2026-04-03,GS-3,B-059,0.0,0
2026-04-03,GS-3,B-062,2940.7174346528996,485
2026-04-03,GS-3,B-063,0.0,0
2026-04-03,GS-3,B-065,1561.015009351862,239
2026-04-03,GS-3,B-101,0.0,0
2026-04-03,GS-3,B-107,0.0,0
2026-04-03,GS-3,B-110,0.0,0
2026-04-03,GS-3,B-129,0.0,0
2026-04-03,GS-3,B-134,41.442876354474215,295
2026-04-03,GS-4,BN-033,112.24112346003433,483
2026-04-03,GS-4,BN-037,0.0,0
2026-04-03,GS-4,BN-040,86.33932573848794,290
2026-04-03,GS-4,BN-041,112.24112346003433,535
2026-04-03,GS-4,BN-042,604.3752801694156,560
2026-04-03,GS-4,BN-043,146.7768537554295,535
2026-04-03,GS-4,BN-046,0.0,0
2026-04-03,GS-4,BN-049,374.13707820011444,540
2026-04-03,GS-4,B-226,0.0,0
2026-04-03,PLTG,B-120,2777.2483112546956,580
2026-04-03,PLTG,B-047,5186.691094863432,470
2026-04-03,PLTG,B-133,1156.9469648957383,585
2026-04-03,MGS,B-32,0.0,0
2026-04-04,GS-1,B-050,4159.053143307622,450
2026-04-04,GS-1,B-061,782.3407285177685,460
2026-04-04,GS-1,B-031,0.0,0
2026-04-04,GS-1,B-074,3270.9453205910995,455
2026-04-04,GS-1,B-020,0.0,0
2026-04-04,GS-1,B-023,601.5853241463528,502
2026-04-04,GS-1,B-049,58.75949677708562,500
2026-04-04,GS-1,B-057,0.0,0
2026-04-04,GS-1,B-078,111.92285100397261,435
2026-04-04,GS-1,B-079,141.58240652002536,436
2026-04-04,GS-1,B-106,2691.7445666455415,421
2026-04-04,GS-1,B-108,0.0,0
2026-04-04,GS-1,B-045,0.0,0
2026-04-04,GS-1,B-067,962.5365186341645,480
2026-04-04,GS-1,B-052,0.0,0
2026-04-04,GS-1,B-066,2031.3997457221028,500
2026-04-04,GS-1,B-069,0.0,0
2026-04-04,GS-1,B-205,0.0,0
2026-04-04,GS-1,B-077,117.51899355417125,215
2026-04-04,GS-2,B-092,280.92635601997125,570
2026-04-04,GS-2,B-115,0.0,0
2026-04-04,GS-2,B-116,1589.3044842564111,549
2026-04-04,GS-2,B-091,1885.3404251619186,534
2026-04-04,GS-2,B-090,0.0,0
2026-04-04,GS-2,B-075,0.0,0
2026-04-04,GS-2,B-038,0.0,0
2026-04-04,GS-2,B-46,0.0,0
2026-04-04,GS-2,B-073,0.0,0
2026-04-04,GS-2,B-076,0.0,0
2026-04-04,GS-2,B-137,0.0,0
2026-04-04,GS-2,BN-14,0.0,0
2026-04-04,GS-3,B-053,2837.2442729507056,510
2026-04-04,GS-3,B-059,0.0,0
2026-04-04,GS-3,B-062,2859.0692288964806,485
2026-04-04,GS-3,B-063,0.0,0
2026-04-04,GS-3,B-065,1517.6738596138687,239
2026-04-04,GS-3,B-101,0.0,0
2026-04-04,GS-3,B-107,0.0,0
2026-04-04,GS-3,B-110,0.0,0
2026-04-04,GS-3,B-129,0.0,0
2026-04-04,GS-3,B-134,40.29222636143014,295
2026-04-04,GS-4,BN-033,109.12477972887329,483
2026-04-04,GS-4,BN-037,0.0,0
2026-04-04,GS-4,BN-040,83.94213825297946,290
2026-04-04,GS-4,BN-041,109.12477972887329,535
2026-04-04,GS-4,BN-042,587.5949677708562,560
2026-04-04,GS-4,BN-043,142.7016350300651,535
2026-04-04,GS-4,BN-046,0.0,0
2026-04-04,GS-4,BN-049,363.74926576291097,540
2026-04-04,GS-4,B-226,0.0,0
2026-04-04,PLTG,B-120,2700.1387804708393,580
2026-04-04,PLTG,B-047,5042.684051983986,470
2026-04-04,PLTG,B-133,1124.8246525899247,585
2026-04-04,MGS,B-32,0.0,0
2026-04-05,GS-1,B-050,4171.556031306268,450
2026-04-05,GS-1,B-061,784.6925903883428,460
2026-04-05,GS-1,B-031,0.0,0
2026-04-05,GS-1,B-074,3280.7783911443944,455
2026-04-05,GS-1,B-020,0.0,0
2026-04-05,GS-1,B-023,603.3938016219373,502
2026-04-05,GS-1,B-049,58.936138763072954,500
2026-04-05,GS-1,B-057,0.0,0
2026-04-05,GS-1,B-078,112.25931192966276,435
2026-04-05,GS-1,B-079,142.0080295910234,436
2026-04-05,GS-1,B-106,2699.8364519083893,421
2026-04-05,GS-1,B-108,0.0,0
2026-04-05,GS-1,B-045,0.0,0
2026-04-05,GS-1,B-067,965.4300825950997,480
2026-04-05,GS-1,B-052,0.0,0
2026-04-05,GS-1,B-066,2037.5065115233792,500
2026-04-05,GS-1,B-069,0.0,0
2026-04-05,GS-1,B-205,0.0,0
2026-04-05,GS-1,B-077,117.87227752614591,215
2026-04-05,GS-2,B-092,281.7708729434535,570
2026-04-05,GS-2,B-115,0.0,0
2026-04-05,GS-2,B-116,1594.0822294012112,549
2026-04-05,GS-2,B-091,1891.0081094551692,534
2026-04-05,GS-2,B-090,0.0,0
2026-04-05,GS-2,B-075,0.0,0
2026-04-05,GS-2,B-038,0.0,0
2026-04-05,GS-2,B-46,0.0,0
2026-04-05,GS-2,B-073,0.0,0
2026-04-05,GS-2,B-076,0.0,0
2026-04-05,GS-2,B-137,0.0,0
2026-04-05,GS-2,BN-14,0.0,0
2026-04-05,GS-3,B-053,2845.773557416951,510
2026-04-05,GS-3,B-059,0.0,0
2026-04-05,GS-3,B-062,2867.6641232432353,485
2026-04-05,GS-3,B-063,0.0,0
2026-04-05,GS-3,B-065,1522.236269766227,239
2026-04-05,GS-3,B-101,0.0,0
2026-04-05,GS-3,B-107,0.0,0
2026-04-05,GS-3,B-110,0.0,0
2026-04-05,GS-3,B-129,0.0,0
2026-04-05,GS-3,B-134,40.413352294678596,295
2026-04-05,GS-4,BN-033,109.4528291314212,483
2026-04-05,GS-4,BN-037,0.0,0
2026-04-05,GS-4,BN-040,84.19448394724708,290
2026-04-05,GS-4,BN-041,109.4528291314212,535
2026-04-05,GS-4,BN-042,589.3613876307295,560
2026-04-05,GS-4,BN-043,143.13062271032,535
2026-04-05,GS-4,BN-046,0.0,0
2026-04-05,GS-4,BN-049,364.842763771404,540
2026-04-05,GS-4,B-226,0.0,0
2026-04-05,PLTG,B-120,2708.2559003031142,580
2026-04-05,PLTG,B-047,5057.843298990956,470
2026-04-05,PLTG,B-133,1128.2060848931108,585
2026-04-05,MGS,B-32,0.0,0
2026-04-06,GS-1,B-050,4350.095548715856,450
2026-04-06,GS-1,B-061,818.2768537546781,460
2026-04-06,GS-1,B-031,0.0,0
2026-04-06,GS-1,B-074,3421.1932834020695,455
2026-04-06,GS-1,B-020,0.0,0
2026-04-06,GS-1,B-023,629.2186107197989,502
2026-04-06,GS-1,B-049,61.45856197728269,500
2026-04-06,GS-1,B-057,0.0,0
2026-04-06,GS-1,B-078,117.06392757577655,435
2026-04-06,GS-1,B-079,148.08586838335734,436
2026-04-06,GS-1,B-106,2815.387458197426,421
2026-04-06,GS-1,B-108,0.0,0
2026-04-06,GS-1,B-045,0.0,0
2026-04-06,GS-1,B-067,1006.7497771516784,480
2026-04-06,GS-1,B-052,0.0,0
2026-04-06,GS-1,B-066,2124.7102855003445,500
2026-04-06,GS-1,B-069,0.0,0
2026-04-06,GS-1,B-205,0.0,0
2026-04-06,GS-1,B-077,122.91712395456538,215
2026-04-06,GS-2,B-092,293.83045821519914,570
2026-04-06,GS-2,B-115,0.0,0
2026-04-06,GS-2,B-116,1662.307771576027,549
2026-04-06,GS-2,B-091,1971.9418600139559,534
2026-04-06,GS-2,B-090,0.0,0
2026-04-06,GS-2,B-075,0.0,0
2026-04-06,GS-2,B-038,0.0,0
2026-04-06,GS-2,B-46,0.0,0
2026-04-06,GS-2,B-073,0.0,0
2026-04-06,GS-2,B-076,0.0,0
2026-04-06,GS-2,B-137,0.0,0
2026-04-06,GS-2,BN-14,0.0,0
2026-04-06,GS-3,B-053,2967.5705640459355,510
2026-04-06,GS-3,B-059,0.0,0
2026-04-06,GS-3,B-062,2990.398029923212,485
2026-04-06,GS-3,B-063,0.0,0
2026-04-06,GS-3,B-065,1587.38685792753,239
2026-04-06,GS-3,B-101,0.0,0
2026-04-06,GS-3,B-107,0.0,0
2026-04-06,GS-3,B-110,0.0,0
2026-04-06,GS-3,B-129,0.0,0
2026-04-06,GS-3,B-134,42.143013927279554,295
2026-04-06,GS-4,BN-033,114.13732938638213,483
2026-04-06,GS-4,BN-037,0.0,0
2026-04-06,GS-4,BN-040,87.79794568183242,290
2026-04-06,GS-4,BN-041,114.13732938638213,535
2026-04-06,GS-4,BN-042,614.5856197728269,560
2026-04-06,GS-4,BN-043,149.2565076591151,535
2026-04-06,GS-4,BN-046,0.0,0
2026-04-06,GS-4,BN-049,380.4577646212738,540
2026-04-06,GS-4,B-226,0.0,0
2026-04-06,PLTG,B-120,2824.167252765609,580
2026-04-06,PLTG,B-047,5274.315256926612,470
2026-04-06,PLTG,B-133,1176.4924721365544,585
2026-04-06,MGS,B-32,0.0,0
2026-04-07,GS-1,B-050,4465.656315211846,450
2026-04-07,GS-1,B-061,840.0144683350594,460
2026-04-07,GS-1,B-031,0.0,0
2026-04-07,GS-1,B-074,3512.077659097584,455
2026-04-07,GS-1,B-020,0.0,0
2026-04-07,GS-1,B-023,645.9338722891193,502
2026-04-07,GS-1,B-049,63.09121543289073,500
2026-04-07,GS-1,B-057,0.0,0
2026-04-07,GS-1,B-078,120.17374368169662,435
2026-04-07,GS-1,B-079,152.01978575734623,436
2026-04-07,GS-1,B-106,2890.1785355448037,421
2026-04-07,GS-1,B-108,0.0,0
2026-04-07,GS-1,B-045,0.0,0
2026-04-07,GS-1,B-067,1033.494195662591,480
2026-04-07,GS-1,B-052,0.0,0
2026-04-07,GS-1,B-066,2181.1534478227936,500
2026-04-07,GS-1,B-069,0.0,0
2026-04-07,GS-1,B-205,0.0,0
2026-04-07,GS-1,B-077,126.18243086578146,215
2026-04-07,GS-2,B-092,301.63609664105854,570
2026-04-07,GS-2,B-115,0.0,0
2026-04-07,GS-2,B-116,1706.467160280092,549
2026-04-07,GS-2,B-091,2024.3267123181795,534
2026-04-07,GS-2,B-090,0.0,0
2026-04-07,GS-2,B-075,0.0,0
2026-04-07,GS-2,B-038,0.0,0
2026-04-07,GS-2,B-46,0.0,0
2026-04-07,GS-2,B-073,0.0,0
2026-04-07,GS-2,B-076,0.0,0
2026-04-07,GS-2,B-137,0.0,0
2026-04-07,GS-2,BN-14,0.0,0
2026-04-07,GS-3,B-053,3046.4044023310094,510
2026-04-07,GS-3,B-059,0.0,0
2026-04-07,GS-3,B-062,3069.83828234894,485
2026-04-07,GS-3,B-063,0.0,0
2026-04-07,GS-3,B-065,1629.5559643238062,239
2026-04-07,GS-3,B-101,0.0,0
2026-04-07,GS-3,B-107,0.0,0
2026-04-07,GS-3,B-110,0.0,0
2026-04-07,GS-3,B-129,0.0,0
2026-04-07,GS-3,B-134,43.26254772541078,295
2026-04-07,GS-4,BN-033,117.1694000896542,483
2026-04-07,GS-4,BN-037,0.0,0
2026-04-07,GS-4,BN-040,90.13030776127246,290
2026-04-07,GS-4,BN-041,117.1694000896542,535
2026-04-07,GS-4,BN-042,630.9121543289073,560
2026-04-07,GS-4,BN-043,153.22152319416318,535
2026-04-07,GS-4,BN-046,0.0,0
2026-04-07,GS-4,BN-049,390.564666965514,540
2026-04-07,GS-4,B-226,0.0,0
2026-04-07,PLTG,B-120,2899.191566320931,580
2026-04-07,PLTG,B-047,5414.428021578841,470
2026-04-07,PLTG,B-133,1207.746124001051,585
2026-04-07,MGS,B-32,0.0,0
2026-04-08,GS-1,B-050,4295.086670891751,450
2026-04-08,GS-1,B-061,807.9293818496592,460
2026-04-08,GS-1,B-031,0.0,0
2026-04-08,GS-1,B-074,3377.9307846289403,455
2026-04-08,GS-1,B-020,0.0,0
2026-04-08,GS-1,B-023,621.2618637255963,502
2026-04-08,GS-1,B-049,60.68139134063964,500
2026-04-08,GS-1,B-057,0.0,0
2026-04-08,GS-1,B-078,115.58360255359932,435
2026-04-08,GS-1,B-079,146.21325723030313,436
2026-04-08,GS-1,B-106,2779.785641414064,421
2026-04-08,GS-1,B-108,0.0,0
2026-04-08,GS-1,B-045,0.0,0
2026-04-08,GS-1,B-067,994.0189819609542,480
2026-04-08,GS-1,B-052,0.0,0
2026-04-08,GS-1,B-066,2097.8423863478274,500
2026-04-08,GS-1,B-069,0.0,0
2026-04-08,GS-1,B-077,121.36278268127928,215
2026-04-08,GS-2,B-092,290.1148424095343,570
2026-04-08,GS-2,B-115,0.0,0
2026-04-08,GS-2,B-116,1641.2871562611103,549
2026-04-08,GS-2,B-091,1947.0057850153805,534
2026-04-08,GS-2,B-090,0.0,0
2026-04-08,GS-2,B-075,0.0,0
2026-04-08,GS-2,B-038,0.0,0
2026-04-08,GS-2,B-046,0.0,0
2026-04-08,GS-2,B-073,0.0,0
2026-04-08,GS-2,B-076,0.0,0
2026-04-08,GS-2,B-137,0.0,0
2026-04-08,GS-2,BN-014,0.0,0
2026-04-08,GS-3,B-053,2930.0443247337425,510
2026-04-08,GS-3,B-059,0.0,0
2026-04-08,GS-3,B-062,2952.5831272316946,485
2026-04-08,GS-3,B-063,0.0,0
2026-04-08,GS-3,B-065,1567.3136506268067,239
2026-04-08,GS-3,B-101,0.0,0
2026-04-08,GS-3,B-107,0.0,0
2026-04-08,GS-3,B-110,0.0,0
2026-04-08,GS-3,B-129,0.0,0
2026-04-08,GS-3,B-134,41.610096919295756,295
2026-04-08,GS-4,BN-033,112.69401248975933,483
2026-04-08,GS-4,BN-040,86.68770191519948,290
2026-04-08,GS-4,BN-041,112.69401248975933,535
2026-04-08,GS-4,BN-042,606.8139134063964,560
2026-04-08,GS-4,BN-043,147.36909325583912,535
2026-04-08,GS-4,BN-046,0.0,0
2026-04-08,GS-4,B-226,0.0,0
2026-04-08,PLTG,B-120,2788.4544116055836,580
2026-04-08,PLTG,B-047,5207.619213052417,470
2026-04-08,PLTG,B-133,1161.6152056636731,585
2026-04-08,MGS,B-32,0.0,0
2026-04-09,GS-1,B-050,4370.252386913466,450
2026-04-09,GS-1,B-061,822.0684656761337,460
2026-04-09,GS-1,B-031,0.0,0
2026-04-09,GS-1,B-074,3437.0459097832627,455
2026-04-09,GS-1,B-020,0.0,0
2026-04-09,GS-1,B-023,632.1341921329354,502
2026-04-09,GS-1,B-049,61.74333969670532,500
2026-04-09,GS-1,B-057,0.0,0
2026-04-09,GS-1,B-078,117.60636132705775,435
2026-04-09,GS-1,B-079,148.77204707872806,436
2026-04-09,GS-1,B-106,2828.4329899157387,421
2026-04-09,GS-1,B-108,0.0,0
2026-04-09,GS-1,B-067,1011.4147074126967,480
2026-04-09,GS-1,B-052,0.0,0
2026-04-09,GS-1,B-066,2134.555458086098,500
2026-04-09,GS-1,B-069,0.0,0
2026-04-09,GS-1,B-077,123.48667939341064,215
2026-04-09,GS-2,B-092,295.19196693091493,570
2026-04-09,GS-2,B-115,0.0,0
2026-04-09,GS-2,B-116,1670.01033084422,549
2026-04-09,GS-2,B-091,1981.079156554288,534
2026-04-09,GS-2,B-090,0.0,0
2026-04-09,GS-2,B-075,0.0,0
2026-04-09,GS-2,B-038,0.0,0
2026-04-09,GS-2,B-046,0.0,0
2026-04-09,GS-2,B-073,0.0,0
2026-04-09,GS-2,B-076,0.0,0
2026-04-09,GS-2,B-137,0.0,0
2026-04-09,GS-2,BN-014,0.0,0
2026-04-09,GS-3,B-053,2981.321259640914,510
2026-04-09,GS-3,B-059,0.0,0
2026-04-09,GS-3,B-062,3004.25450009969,485
2026-04-09,GS-3,B-063,0.0,0
2026-04-09,GS-3,B-065,1594.742259594903,239
2026-04-09,GS-3,B-101,0.0,0
2026-04-09,GS-3,B-107,0.0,0
2026-04-09,GS-3,B-110,0.0,0
2026-04-09,GS-3,B-129,0.0,0
2026-04-09,GS-3,B-134,42.338290077740794,295
2026-04-09,GS-4,BN-033,114.66620229388131,483
2026-04-09,GS-4,BN-040,88.20477099529332,290
2026-04-09,GS-4,BN-041,114.66620229388131,535
2026-04-09,GS-4,BN-042,617.4333969670532,560
2026-04-09,GS-4,BN-043,149.94811069199864,535
2026-04-09,GS-4,BN-046,0.0,0
2026-04-09,GS-4,B-226,0.0,0
2026-04-09,PLTG,B-120,2837.253467015268,580
2026-04-09,PLTG,B-047,5298.754609590587,470
2026-04-09,PLTG,B-133,1181.9439313369303,585
2026-04-09,MGS,B-32,0.0,0
2026-04-09,MGS,B-32,0.0,0
2026-04-10,GS-1,B-050,4344.0,450
2026-04-10,GS-1,B-061,817.0,460
2026-04-10,GS-1,B-031,0.0,0
2026-04-10,GS-1,B-074,3416.0,455
2026-04-10,GS-1,B-020,0.0,0
2026-04-10,GS-1,B-023,628.0,502
2026-04-10,GS-1,B-049,61.0,500
2026-04-10,GS-1,B-057,0.0,0
2026-04-10,GS-1,B-078,117.0,435
2026-04-10,GS-1,B-079,148.0,436
2026-04-10,GS-1,B-106,2811.0,421
2026-04-10,GS-1,B-108,0.0,0
2026-04-10,GS-1,B-045,0.0,0
2026-04-10,GS-1,B-067,1005.0,480
2026-04-10,GS-1,B-052,0.0,0
2026-04-10,GS-1,B-066,2122.0,500
2026-04-10,GS-1,B-069,0.0,0
2026-04-10,GS-1,B-205,0.0,0
2026-04-10,GS-1,B-077,123.0,215
2026-04-10,GS-2,B-092,293.0,570
2026-04-10,GS-2,B-115,0.0,0
2026-04-10,GS-2,B-116,1660.0,549
2026-04-10,GS-2,B-091,1969.0,534
2026-04-10,GS-2,B-090,0.0,0
2026-04-10,GS-2,B-075,0.0,0
2026-04-10,GS-2,B-038,0.0,0
2026-04-10,GS-2,B-46,0.0,0
2026-04-10,GS-2,B-073,0.0,0
2026-04-10,GS-2,B-076,0.0,0
2026-04-10,GS-2,B-137,0.0,0
2026-04-10,GS-2,BN-14,0.0,0
2026-04-10,GS-3,B-053,2963.0,510
2026-04-10,GS-3,B-059,0.0,0
2026-04-10,GS-3,B-062,2986.0,485
2026-04-10,GS-3,B-063,0.0,0
2026-04-10,GS-3,B-065,1585.0,239
2026-04-10,GS-3,B-101,0.0,0
2026-04-10,GS-3,B-107,0.0,0
2026-04-10,GS-3,B-110,0.0,0
2026-04-10,GS-3,B-129,0.0,0
2026-04-10,GS-3,B-134,42.0,295
2026-04-10,GS-4,BN-033,114.0,483
2026-04-10,GS-4,BN-037,0.0,0
2026-04-10,GS-4,BN-040,88.0,290
2026-04-10,GS-4,BN-041,114.0,535
2026-04-10,GS-4,BN-042,614.0,560
2026-04-10,GS-4,BN-043,149.0,535
2026-04-10,GS-4,BN-046,0.0,0
2026-04-10,GS-4,BN-049,380.0,540
2026-04-10,GS-4,B-226,0.0,0
2026-04-10,PLTG,B-120,2820.0,580
2026-04-10,PLTG,B-047,5267.0,470
2026-04-10,PLTG,B-133,1175.0,585
2026-04-10,MGS,B-32,0.0,0
2026-04-11,GS-1,B-050,4271.0,450
2026-04-11,GS-1,B-061,803.0,460
2026-04-11,GS-1,B-031,0.0,0
2026-04-11,GS-1,B-074,3359.0,455
2026-04-11,GS-1,B-020,0.0,0
2026-04-11,GS-1,B-023,618.0,502
2026-04-11,GS-1,B-049,60.0,500
2026-04-11,GS-1,B-057,0.0,0
2026-04-11,GS-1,B-078,115.0,435
2026-04-11,GS-1,B-079,145.0,436
2026-04-11,GS-1,B-106,2764.0,421
2026-04-11,GS-1,B-108,0.0,0
2026-04-11,GS-1,B-045,0.0,0
2026-04-11,GS-1,B-067,988.0,480
2026-04-11,GS-1,B-052,0.0,0
2026-04-11,GS-1,B-066,2086.0,500
2026-04-11,GS-1,B-069,0.0,0
2026-04-11,GS-1,B-205,0.0,0
2026-04-11,GS-1,B-077,121.0,215
2026-04-11,GS-2,B-092,288.0,570
2026-04-11,GS-2,B-115,0.0,0
2026-04-11,GS-2,B-116,1632.0,549
2026-04-11,GS-2,B-091,1936.0,534
2026-04-11,GS-2,B-090,0.0,0
2026-04-11,GS-2,B-075,0.0,0
2026-04-11,GS-2,B-038,0.0,0
2026-04-11,GS-2,B-46,0.0,0
2026-04-11,GS-2,B-073,0.0,0
2026-04-11,GS-2,B-076,0.0,0
2026-04-11,GS-2,B-137,0.0,0
2026-04-11,GS-2,BN-14,0.0,0
2026-04-11,GS-3,B-053,2914.0,510
2026-04-11,GS-3,B-059,0.0,0
2026-04-11,GS-3,B-062,2936.0,485
2026-04-11,GS-3,B-063,0.0,0
2026-04-11,GS-3,B-065,1559.0,239
2026-04-11,GS-3,B-101,0.0,0
2026-04-11,GS-3,B-107,0.0,0
2026-04-11,GS-3,B-110,0.0,0
2026-04-11,GS-3,B-129,0.0,0
2026-04-11,GS-3,B-134,41.0,295
2026-04-11,GS-4,BN-033,112.0,483
2026-04-11,GS-4,BN-037,0.0,0
2026-04-11,GS-4,BN-040,86.0,290
2026-04-11,GS-4,BN-041,112.0,535
2026-04-11,GS-4,BN-042,603.0,560
2026-04-11,GS-4,BN-043,147.0,535
2026-04-11,GS-4,BN-046,0.0,0
2026-04-11,GS-4,BN-049,374.0,540
2026-04-11,GS-4,B-226,0.0,0
2026-04-11,PLTG,B-120,2773.0,580
2026-04-11,PLTG,B-047,5178.0,470
2026-04-11,PLTG,B-133,1155.0,585
2026-04-11,MGS,B-32,0.0,0
2026-04-12,GS-1,B-050,4310.337130756032,450
2026-04-12,GS-1,B-061,810.7980770717079,460
2026-04-12,GS-1,B-031,0.0,0
2026-04-12,GS-1,B-074,3389.924721376347,455
2026-04-12,GS-1,B-020,0.0,0
2026-04-12,GS-1,B-023,623.4677631273863,502
2026-04-12,GS-1,B-049,60.89685128220982,500
2026-04-12,GS-1,B-057,0.0,0
2026-04-12,GS-1,B-078,115.99400244230442,435
2026-04-12,GS-1,B-079,146.7324130895151,436
2026-04-12,GS-1,B-106,2789.6557587374214,421
2026-04-12,GS-1,B-108,0.0,0
2026-04-12,GS-1,B-045,0.0,0
2026-04-12,GS-1,B-067,997.548421003818,480
2026-04-12,GS-1,B-052,0.0,0
2026-04-12,GS-1,B-066,2105.2911443278254,500
2026-04-12,GS-1,B-069,0.0,0
2026-04-12,GS-1,B-205,0.0,0
2026-04-12,GS-1,B-077,121.79370256441965,215
2026-04-12,GS-2,B-092,291.1449461301841,570
2026-04-12,GS-2,B-115,0.0,0
2026-04-12,GS-2,B-116,1647.1148346807229,549
2026-04-12,GS-2,B-091,1953.918971140618,534
2026-04-12,GS-2,B-090,0.0,0
2026-04-12,GS-2,B-075,0.0,0
2026-04-12,GS-2,B-038,0.0,0
2026-04-12,GS-2,B-46,0.0,0
2026-04-12,GS-2,B-073,0.0,0
2026-04-12,GS-2,B-076,0.0,0
2026-04-12,GS-2,B-137,0.0,0
2026-04-12,GS-2,BN-14,0.0,0
2026-04-12,GS-3,B-053,2940.447961912417,510
2026-04-12,GS-3,B-059,0.0,0
2026-04-12,GS-3,B-062,2963.0667923886663,485
2026-04-12,GS-3,B-063,0.0,0
2026-04-12,GS-3,B-065,1572.878673117648,239
2026-04-12,GS-3,B-101,0.0,0
2026-04-12,GS-3,B-107,0.0,0
2026-04-12,GS-3,B-110,0.0,0
2026-04-12,GS-3,B-129,0.0,0
2026-04-12,GS-3,B-134,41.75784087922959,295
2026-04-12,GS-4,BN-033,113.09415238124681,483
2026-04-12,GS-4,BN-037,0.0,0
2026-04-12,GS-4,BN-040,86.99550183172832,290
2026-04-12,GS-4,BN-041,113.09415238124681,535
2026-04-12,GS-4,BN-042,608.9685128220982,560
2026-04-12,GS-4,BN-043,147.89235311393813,535
2026-04-12,GS-4,BN-046,0.0,0
2026-04-12,GS-4,BN-049,376.9805079374894,540
2026-04-12,GS-4,B-226,0.0,0
2026-04-12,PLTG,B-120,2798.3553089205943,580
2026-04-12,PLTG,B-047,5226.109780038026,470
2026-04-12,PLTG,B-133,1165.7397245451593,585
2026-04-12,MGS,B-32,0.0,0
2026-04-13,GS-1,B-050,4351.330520043678,450
2026-04-13,GS-1,B-061,818.5091586411547,460
2026-04-13,GS-1,B-031,0.0,0
2026-04-13,GS-1,B-074,3422.16454381799,455
2026-04-13,GS-1,B-020,0.0,0
2026-04-13,GS-1,B-023,629.3972428749938,502
2026-04-13,GS-1,B-049,61.476009769185445,500
2026-04-13,GS-1,B-057,0.0,0
2026-04-13,GS-1,B-078,117.09716146511514,435
2026-04-13,GS-1,B-079,148.12790925337063,436
2026-04-13,GS-1,B-106,2816.186733236019,421
2026-04-13,GS-1,B-108,0.0,0
2026-04-13,GS-1,B-045,0.0,0
2026-04-13,GS-1,B-067,1007.0355885999901,480
2026-04-13,GS-1,B-052,0.0,0
2026-04-13,GS-1,B-066,2125.3134805918394,500
2026-04-13,GS-1,B-069,0.0,0
2026-04-13,GS-1,B-205,0.0,0
2026-04-13,GS-1,B-077,122.95201953837089,215
2026-04-13,GS-2,B-092,293.913875277439,570
2026-04-13,GS-2,B-115,0.0,0
2026-04-13,GS-2,B-116,1662.7796928046348,549
2026-04-13,GS-2,B-091,1972.5016848798643,534
2026-04-13,GS-2,B-090,0.0,0
2026-04-13,GS-2,B-075,0.0,0
2026-04-13,GS-2,B-038,0.0,0
2026-04-13,GS-2,B-46,0.0,0
2026-04-13,GS-2,B-073,0.0,0
2026-04-13,GS-2,B-076,0.0,0
2026-04-13,GS-2,B-137,0.0,0
2026-04-13,GS-2,BN-14,0.0,0
2026-04-13,GS-3,B-053,2968.4130431406684,510
2026-04-13,GS-3,B-059,0.0,0
2026-04-13,GS-3,B-062,2991.246989626366,485
2026-04-13,GS-3,B-063,0.0,0
2026-04-13,GS-3,B-065,1587.8375094669611,239
2026-04-13,GS-3,B-101,0.0,0
2026-04-13,GS-3,B-107,0.0,0
2026-04-13,GS-3,B-110,0.0,0
2026-04-13,GS-3,B-129,0.0,0
2026-04-13,GS-3,B-134,42.154978127441446,295
2026-04-13,GS-4,BN-033,114.16973242848725,483
2026-04-13,GS-4,BN-037,0.0,0
2026-04-13,GS-4,BN-040,87.82287109883634,290
2026-04-13,GS-4,BN-041,114.16973242848725,535
2026-04-13,GS-4,BN-042,614.7600976918544,560
2026-04-13,GS-4,BN-043,149.2988808680218,535
2026-04-13,GS-4,BN-046,0.0,0
2026-04-13,GS-4,BN-049,380.5657747616242,540
2026-04-13,GS-4,B-226,0.0,0
2026-04-13,PLTG,B-120,2824.9690203459027,580
2026-04-13,PLTG,B-047,5275.812609810762,470
2026-04-13,PLTG,B-133,1176.826472724407,585
2026-04-13,MGS,B-32,0.0,0
2026-04-14,GS-1,B-050,4320.791306632866,450
2026-04-14,GS-1,B-061,812.7645649452028,460
2026-04-14,GS-1,B-031,0.0,0
2026-04-14,GS-1,B-074,3398.1465537229683,455
2026-04-14,GS-1,B-020,0.0,0
2026-04-14,GS-1,B-023,624.9799050901952,502
2026-04-14,GS-1,B-049,61.044548869274884,500
2026-04-14,GS-1,B-057,0.0,0
2026-04-14,GS-1,B-078,116.27533117957121,435
2026-04-14,GS-1,B-079,147.08829394215758,436
2026-04-14,GS-1,B-106,2796.4217148686876,421
2026-04-14,GS-1,B-108,0.0,0
2026-04-14,GS-1,B-045,0.0,0
2026-04-14,GS-1,B-067,999.9678481443124,480
2026-04-14,GS-1,B-052,0.0,0
2026-04-14,GS-1,B-066,2110.3972609092175,500
2026-04-14,GS-1,B-069,0.0,0
2026-04-14,GS-1,B-205,0.0,0
2026-04-14,GS-1,B-077,122.08909773854977,215
2026-04-14,GS-2,B-092,291.85108126072373,570
2026-04-14,GS-2,B-115,0.0,0
2026-04-14,GS-2,B-116,1651.109702749911,549
2026-04-14,GS-2,B-091,1958.657953719877,534
2026-04-14,GS-2,B-090,0.0,0
2026-04-14,GS-2,B-075,0.0,0
2026-04-14,GS-2,B-038,0.0,0
2026-04-14,GS-2,B-46,0.0,0
2026-04-14,GS-2,B-073,0.0,0
2026-04-14,GS-2,B-076,0.0,0
2026-04-14,GS-2,B-137,0.0,0
2026-04-14,GS-2,BN-14,0.0,0
2026-04-14,GS-3,B-053,2947.57964540213,510
2026-04-14,GS-3,B-059,0.0,0
2026-04-14,GS-3,B-062,2970.2533349821465,485
2026-04-14,GS-3,B-063,0.0,0
2026-04-14,GS-3,B-065,1576.6934907949856,239
2026-04-14,GS-3,B-101,0.0,0
2026-04-14,GS-3,B-107,0.0,0
2026-04-14,GS-3,B-110,0.0,0
2026-04-14,GS-3,B-129,0.0,0
2026-04-14,GS-3,B-134,41.85911922464563,295
2026-04-14,GS-4,BN-033,113.36844790008193,483
2026-04-14,GS-4,BN-037,0.0,0
2026-04-14,GS-4,BN-040,87.20649838467841,290
2026-04-14,GS-4,BN-041,113.36844790008193,535
2026-04-14,GS-4,BN-042,610.4454886927489,560
2026-04-14,GS-4,BN-043,148.2510472539533,535
2026-04-14,GS-4,BN-046,0.0,0
2026-04-14,GS-4,BN-049,377.89482633360643,540
2026-04-14,GS-4,B-226,0.0,0
2026-04-14,PLTG,B-120,2805.142364707155,580
2026-04-14,PLTG,B-047,5238.78504629558,470
2026-04-14,PLTG,B-133,1168.5670783546907,585
2026-04-14,MGS,B-32,0.0,0
2026-04-15,GS-1,B-050,4432.800333884655,450
2026-04-15,GS-1,B-061,833.8340778755042,460
2026-04-15,GS-1,B-031,0.0,0
2026-04-15,GS-1,B-074,3486.2376145796297,455
2026-04-15,GS-1,B-020,0.0,0
2026-04-15,GS-1,B-023,641.1814261202912,502
2026-04-15,GS-1,B-049,62.627023016400535,500
2026-04-15,GS-1,B-057,0.0,0
2026-04-15,GS-1,B-078,119.28956765028673,435
2026-04-15,GS-1,B-079,150.9013030776127,436
2026-04-15,GS-1,B-106,2868.914101989396,421
2026-04-15,GS-1,B-108,0.0,0
2026-04-15,GS-1,B-045,0.0,0
2026-04-15,GS-1,B-067,1025.8902817924659,480
2026-04-15,GS-1,B-052,0.0,0
2026-04-15,GS-1,B-066,2165.105652852704,500
2026-04-15,GS-1,B-069,0.0,0
2026-04-15,GS-1,B-205,0.0,0
2026-04-15,GS-1,B-077,125.25404603280107,215
2026-04-15,GS-2,B-092,299.4168148022197,570
2026-04-15,GS-2,B-115,0.0,0
2026-04-15,GS-2,B-116,1693.9118606340717,549
2026-04-15,GS-2,B-091,2009.43276706908,534
2026-04-15,GS-2,B-090,0.0,0
2026-04-15,GS-2,B-075,0.0,0
2026-04-15,GS-2,B-038,0.0,0
2026-04-15,GS-2,B-46,0.0,0
2026-04-15,GS-2,B-073,0.0,0
2026-04-15,GS-2,B-076,0.0,0
2026-04-15,GS-2,B-137,0.0,0
2026-04-15,GS-2,BN-14,0.0,0
2026-04-15,GS-3,B-053,3023.9905399347685,510
2026-04-15,GS-3,B-059,0.0,0
2026-04-15,GS-3,B-062,3047.2520056265744,485
2026-04-15,GS-3,B-063,0.0,0
2026-04-15,GS-3,B-065,1617.5665373378881,239
2026-04-15,GS-3,B-101,0.0,0
2026-04-15,GS-3,B-107,0.0,0
2026-04-15,GS-3,B-110,0.0,0
2026-04-15,GS-3,B-129,0.0,0
2026-04-15,GS-3,B-134,42.944244354103226,295
2026-04-15,GS-4,BN-033,116.30732845902956,483
2026-04-15,GS-4,BN-037,0.0,0
2026-04-15,GS-4,BN-040,89.46717573771505,290
2026-04-15,GS-4,BN-041,116.30732845902956,535
2026-04-15,GS-4,BN-042,626.2702301640054,560
2026-04-15,GS-4,BN-043,152.09419875411558,535
2026-04-15,GS-4,BN-046,0.0,0
2026-04-15,GS-4,BN-049,387.6910948634319,540
2026-04-15,GS-4,B-226,0.0,0
2026-04-15,PLTG,B-120,2877.8608195631673,580
2026-04-15,PLTG,B-047,5374.591470483669,470
2026-04-15,PLTG,B-133,1198.8601548853817,585
2026-04-15,MGS,B-32,0.0,0
2026-04-16,GS-1,B-050,4438.831589198213,450
2026-04-16,GS-1,B-061,834.9685901102129,460
2026-04-16,GS-1,B-031,0.0,0
2026-04-16,GS-1,B-074,3490.980979394989,455
2026-04-16,GS-1,B-020,0.0,0
2026-04-16,GS-1,B-023,642.0538157142195,502
2026-04-16,GS-1,B-049,62.71223316278423,500
2026-04-16,GS-1,B-057,0.0,0
2026-04-16,GS-1,B-078,119.45187269101758,435
2026-04-16,GS-1,B-079,151.10661895413725,436
2026-04-16,GS-1,B-106,2872.817538218973,421
2026-04-16,GS-1,B-108,0.0,0
2026-04-16,GS-1,B-045,0.0,0
2026-04-16,GS-1,B-067,1027.2861051427512,480
2026-04-16,GS-1,B-052,0.0,0
2026-04-16,GS-1,B-066,2168.051489341969,500
2026-04-16,GS-1,B-069,0.0,0
2026-04-16,GS-1,B-205,0.0,0
2026-04-16,GS-1,B-077,125.42446632556846,215
2026-04-16,GS-2,B-092,299.8242004544541,570
2026-04-16,GS-2,B-115,0.0,0
2026-04-16,GS-2,B-116,1696.2165922124495,549
2026-04-16,GS-2,B-091,2012.1667954801912,534
2026-04-16,GS-2,B-090,0.0,0
2026-04-16,GS-2,B-075,0.0,0
2026-04-16,GS-2,B-038,0.0,0
2026-04-16,GS-2,B-46,0.0,0
2026-04-16,GS-2,B-073,0.0,0
2026-04-16,GS-2,B-076,0.0,0
2026-04-16,GS-2,B-137,0.0,0
2026-04-16,GS-2,BN-14,0.0,0
2026-04-16,GS-3,B-053,3028.104972717296,510
2026-04-16,GS-3,B-059,0.0,0
2026-04-16,GS-3,B-062,3051.3980878920443,485
2026-04-16,GS-3,B-063,0.0,0
2026-04-16,GS-3,B-065,1619.7673936901983,239
2026-04-16,GS-3,B-101,0.0,0
2026-04-16,GS-3,B-107,0.0,0
2026-04-16,GS-3,B-110,0.0,0
2026-04-16,GS-3,B-129,0.0,0
2026-04-16,GS-3,B-134,43.002674168766326,295
2026-04-16,GS-4,BN-033,116.46557587374214,483
2026-04-16,GS-4,BN-037,0.0,0
2026-04-16,GS-4,BN-040,89.58890451826319,290
2026-04-16,GS-4,BN-041,116.46557587374214,535
2026-04-16,GS-4,BN-042,627.1223316278423,560
2026-04-16,GS-4,BN-043,152.3011376810474,535
2026-04-16,GS-4,BN-046,0.0,0
2026-04-16,GS-4,BN-049,388.21858624580716,540
2026-04-16,GS-4,B-226,0.0,0
2026-04-16,PLTG,B-120,2881.7764286707993,580
2026-04-16,PLTG,B-047,5381.904124093797,470
2026-04-16,PLTG,B-133,1200.4913205447267,585
2026-04-16,MGS,B-32,0.0,0
2026-04-17,GS-1,B-050,4466.690244694171,450
2026-04-17,GS-1,B-061,840.2089561467237,460
2026-04-17,GS-1,B-031,0.0,0
2026-04-17,GS-1,B-074,3512.8908073516454,455
2026-04-17,GS-1,B-020,0.0,0
2026-04-17,GS-1,B-023,646.0834247909356,502
2026-04-17,GS-1,B-049,63.1058228865565,500
2026-04-17,GS-1,B-057,0.0,0
2026-04-17,GS-1,B-078,120.20156740296477,435
2026-04-17,GS-1,B-079,152.05498276475043,436
2026-04-17,GS-1,B-106,2890.8476960413027,421
2026-04-17,GS-1,B-108,0.0,0
2026-04-17,GS-1,B-045,0.0,0
2026-04-17,GS-1,B-067,1033.733479665497,480
2026-04-17,GS-1,B-052,0.0,0
2026-04-17,GS-1,B-066,2181.6584483638107,500
2026-04-17,GS-1,B-069,0.0,0
2026-04-17,GS-1,B-205,0.0,0
2026-04-17,GS-1,B-077,126.211645773113,215
2026-04-17,GS-2,B-092,301.7059341814416,570
2026-04-17,GS-2,B-115,0.0,0
2026-04-17,GS-2,B-116,1706.8622571220997,549
2026-04-17,GS-2,B-091,2024.7954029029415,534
2026-04-17,GS-2,B-090,0.0,0
2026-04-17,GS-2,B-075,0.0,0
2026-04-17,GS-2,B-038,0.0,0
2026-04-17,GS-2,B-46,0.0,0
2026-04-17,GS-2,B-073,0.0,0
2026-04-17,GS-2,B-076,0.0,0
2026-04-17,GS-2,B-137,0.0,0
2026-04-17,GS-2,BN-14,0.0,0
2026-04-17,GS-3,B-053,3047.109733665157,510
2026-04-17,GS-3,B-059,0.0,0
2026-04-17,GS-3,B-062,3070.5490393087352,485
2026-04-17,GS-3,B-063,0.0,0
2026-04-17,GS-3,B-065,1629.9332539842023,239
2026-04-17,GS-3,B-101,0.0,0
2026-04-17,GS-3,B-107,0.0,0
2026-04-17,GS-3,B-110,0.0,0
2026-04-17,GS-3,B-129,0.0,0
2026-04-17,GS-3,B-134,43.27256426506732,295
2026-04-17,GS-4,BN-033,117.19652821789064,483
2026-04-17,GS-4,BN-037,0.0,0
2026-04-17,GS-4,BN-040,90.15117555222358,290
2026-04-17,GS-4,BN-041,117.19652821789064,535
2026-04-17,GS-4,BN-042,631.0582288655651,560
2026-04-17,GS-4,BN-043,153.25699843878007,535
2026-04-17,GS-4,BN-046,0.0,0
2026-04-17,GS-4,BN-049,390.65509405963553,540
2026-04-17,GS-4,B-226,0.0,0
2026-04-17,PLTG,B-120,2899.862813596525,580
2026-04-17,PLTG,B-047,5415.6816193405775,470
2026-04-17,PLTG,B-133,1208.025752399796,585
2026-04-17,MGS,B-32,0.0,0
2026-04-18,GS-1,B-050,4373.033465750213,450
2026-04-18,GS-1,B-061,822.5916018728199,460
2026-04-18,GS-1,B-031,0.0,0
2026-04-18,GS-1,B-074,3439.233128001883,455
2026-04-18,GS-1,B-020,0.0,0
2026-04-18,GS-1,B-023,632.5364606675832,502
2026-04-18,GS-1,B-049,61.78263104194999,500
2026-04-18,GS-1,B-057,0.0,0
2026-04-18,GS-1,B-078,117.68120198466664,435
2026-04-18,GS-1,B-079,148.8667205106033,436
2026-04-18,GS-1,B-106,2830.232907731233,421
2026-04-18,GS-1,B-108,0.0,0
2026-04-18,GS-1,B-045,0.0,0
2026-04-18,GS-1,B-067,1012.0583370681331,480
2026-04-18,GS-1,B-052,0.0,0
2026-04-18,GS-1,B-066,2135.9138160217,500
2026-04-18,GS-1,B-069,0.0,0
2026-04-18,GS-1,B-205,0.0,0
2026-04-18,GS-1,B-077,123.56526208389998,215
2026-04-18,GS-2,B-092,295.3798169815133,570
2026-04-18,GS-2,B-115,0.0,0
2026-04-18,GS-2,B-116,1671.0730681822665,549
2026-04-18,GS-2,B-091,1982.3398474317098,534
2026-04-18,GS-2,B-090,0.0,0
2026-04-18,GS-2,B-075,0.0,0
2026-04-18,GS-2,B-038,0.0,0
2026-04-18,GS-2,B-46,0.0,0
2026-04-18,GS-2,B-073,0.0,0
2026-04-18,GS-2,B-076,0.0,0
2026-04-18,GS-2,B-137,0.0,0
2026-04-18,GS-2,BN-14,0.0,0
2026-04-18,GS-3,B-053,2983.2184703112994,510
2026-04-18,GS-3,B-059,0.0,0
2026-04-18,GS-3,B-062,3006.1663046983094,485
2026-04-18,GS-3,B-063,0.0,0
2026-04-18,GS-3,B-065,1595.7570989120798,239
2026-04-18,GS-3,B-101,0.0,0
2026-04-18,GS-3,B-107,0.0,0
2026-04-18,GS-3,B-110,0.0,0
2026-04-18,GS-3,B-129,0.0,0
2026-04-18,GS-3,B-134,42.365232714479994,295
2026-04-18,GS-4,BN-033,114.73917193504998,483
2026-04-18,GS-4,BN-037,0.0,0
2026-04-18,GS-4,BN-040,88.26090148849998,290
2026-04-18,GS-4,BN-041,114.73917193504998,535
2026-04-18,GS-4,BN-042,617.8263104194999,560
2026-04-18,GS-4,BN-043,150.04353253044997,535
2026-04-18,GS-4,BN-046,0.0,0
2026-04-18,GS-4,BN-049,382.46390645016663,540
2026-04-18,GS-4,B-226,0.0,0
2026-04-18,PLTG,B-120,2839.058997880083,580
2026-04-18,PLTG,B-047,5302.126555419156,470
2026-04-18,PLTG,B-133,1182.6960799458998,585
2026-04-18,MGS,B-32,0.0,0
2026-04-19,GS-1,B-050,4370.549162966295,450
2026-04-19,GS-1,B-061,822.1242908809043,460
2026-04-19,GS-1,B-031,0.0,0
2026-04-19,GS-1,B-074,3437.2793134469853,455
2026-04-19,GS-1,B-020,0.0,0
2026-04-19,GS-1,B-023,632.177119239608,502
2026-04-19,GS-1,B-049,61.74753257689195,500
2026-04-19,GS-1,B-057,0.0,0
2026-04-19,GS-1,B-078,117.61434776550847,435
2026-04-19,GS-1,B-079,148.78214992336822,436
2026-04-19,GS-1,B-106,2828.625063760479,421
2026-04-19,GS-1,B-108,0.0,0
2026-04-19,GS-1,B-045,0.0,0
2026-04-19,GS-1,B-067,1011.4833907833729,480
2026-04-19,GS-1,B-052,0.0,0
2026-04-19,GS-1,B-066,2134.700411943979,500
2026-04-19,GS-1,B-069,0.0,0
2026-04-19,GS-1,B-205,0.0,0
2026-04-19,GS-1,B-077,123.4950651537839,215
2026-04-19,GS-2,B-092,295.2120128914263,570
2026-04-19,GS-2,B-115,0.0,0
2026-04-19,GS-2,B-116,1670.1237382702204,549
2026-04-19,GS-2,B-091,1981.2136881099902,534
2026-04-19,GS-2,B-090,0.0,0
2026-04-19,GS-2,B-075,0.0,0
2026-04-19,GS-2,B-038,0.0,0
2026-04-19,GS-2,B-46,0.0,0
2026-04-19,GS-2,B-073,0.0,0
2026-04-19,GS-2,B-076,0.0,0
2026-04-19,GS-2,B-137,0.0,0
2026-04-19,GS-2,BN-14,0.0,0
2026-04-19,GS-3,B-053,2981.5237158556397,510
2026-04-19,GS-3,B-059,0.0,0
2026-04-19,GS-3,B-062,3004.458513669914,485
2026-04-19,GS-3,B-063,0.0,0
2026-04-19,GS-3,B-065,1594.850555700295,239
2026-04-19,GS-3,B-101,0.0,0
2026-04-19,GS-3,B-107,0.0,0
2026-04-19,GS-3,B-110,0.0,0
2026-04-19,GS-3,B-129,0.0,0
2026-04-19,GS-3,B-134,42.34116519558305,295
2026-04-19,GS-4,BN-033,114.67398907137077,483
2026-04-19,GS-4,BN-037,0.0,0
2026-04-19,GS-4,BN-040,88.21076082413136,290
2026-04-19,GS-4,BN-041,114.67398907137077,535
2026-04-19,GS-4,BN-042,617.4753257689194,560
2026-04-19,GS-4,BN-043,149.9582934010233,535
2026-04-19,GS-4,BN-046,0.0,0
2026-04-19,GS-4,BN-049,382.24663023790254,540
2026-04-19,GS-4,B-226,0.0,0
2026-04-19,PLTG,B-120,2837.446139842892,580
2026-04-19,PLTG,B-047,5299.114438574984,470
2026-04-19,PLTG,B-133,1182.0241950433601,585
2026-04-19,MGS,B-32,0.0,0
2026-04-20,GS-1,B-050,1971.0,460
2026-04-20,GS-1,B-061,507.0,495
2026-04-20,GS-1,B-031,0.0,0
2026-04-20,GS-1,B-074,889.0,445
2026-04-20,GS-1,B-020,0.0,0
2026-04-20,GS-1,B-023,802.0,502
2026-04-20,GS-1,B-049,78.0,500
2026-04-20,GS-1,B-057,0.0,0
2026-04-20,GS-1,B-078,149.0,435
2026-04-20,GS-1,B-079,189.0,436
2026-04-20,GS-1,B-106,3588.0,421
2026-04-20,GS-1,B-108,0.0,0
2026-04-20,GS-1,B-045,0.0,0
2026-04-20,GS-1,B-067,627.0,495
2026-04-20,GS-1,B-052,0.0,0
2026-04-20,GS-1,B-066,593.0,510
2026-04-20,GS-1,B-069,0.0,0
2026-04-20,GS-1,B-205,0.0,0
2026-04-20,GS-1,B-077,157.0,215
2026-04-20,GS-2,B-092,374.0,570
2026-04-20,GS-2,B-115,0.0,0
2026-04-20,GS-2,B-116,2118.0,549
2026-04-20,GS-2,B-091,2513.0,534
2026-04-20,GS-2,B-090,0.0,0
2026-04-20,GS-2,B-075,0.0,0
2026-04-20,GS-2,B-038,0.0,0
2026-04-20,GS-2,B-46,0.0,0
2026-04-20,GS-2,B-073,0.0,0
2026-04-20,GS-2,B-076,0.0,0
2026-04-20,GS-2,B-137,0.0,0
2026-04-20,GS-2,BN-14,0.0,0
2026-04-20,GS-3,B-053,3781.0,510
2026-04-20,GS-3,B-059,0.0,0
2026-04-20,GS-3,B-062,3811.0,485
2026-04-20,GS-3,B-063,0.0,0
2026-04-20,GS-3,B-065,2023.0,239
2026-04-20,GS-3,B-101,0.0,0
2026-04-20,GS-3,B-107,0.0,0
2026-04-20,GS-3,B-110,0.0,0
2026-04-20,GS-3,B-129,0.0,0
2026-04-20,GS-3,B-134,54.0,295
2026-04-20,GS-4,BN-033,145.0,483
2026-04-20,GS-4,BN-037,0.0,0
2026-04-20,GS-4,BN-040,112.0,290
2026-04-20,GS-4,BN-041,145.0,535
2026-04-20,GS-4,BN-042,783.0,560
2026-04-20,GS-4,BN-043,190.0,535
2026-04-20,GS-4,BN-046,0.0,0
2026-04-20,GS-4,BN-049,485.0,540
2026-04-20,GS-4,B-226,0.0,0
2026-04-20,PLTG,B-120,3599.0,580
2026-04-20,PLTG,B-047,6721.0,470
2026-04-20,PLTG,B-133,1499.0,585
2026-04-20,MGS,B-32,0.0,0
2026-04-21,GS-1,B-050,4421.302655106647,450
2026-04-21,GS-1,B-061,831.6713013777036,460
2026-04-21,GS-1,B-031,0.0,0
2026-04-21,GS-1,B-074,3477.1951048302412,455
2026-04-21,GS-1,B-020,0.0,0
2026-04-21,GS-1,B-023,639.5183469106089,502
2026-04-21,GS-1,B-049,62.46458272150134,500
2026-04-21,GS-1,B-057,0.0,0
2026-04-21,GS-1,B-078,118.98015756476445,435
2026-04-21,GS-1,B-079,150.50989931942703,436
2026-04-21,GS-1,B-106,2861.472789432585,421
2026-04-21,GS-1,B-108,0.0,0
2026-04-21,GS-1,B-045,0.0,0
2026-04-21,GS-1,B-067,1023.2293550569743,480
2026-04-21,GS-1,B-052,0.0,0
2026-04-21,GS-1,B-066,2159.4898598004747,500
2026-04-21,GS-1,B-069,0.0,0
2026-04-21,GS-1,B-205,0.0,0
2026-04-21,GS-1,B-077,124.92916544300267,215
2026-04-21,GS-2,B-092,298.6401954875588,570
2026-04-21,GS-2,B-115,0.0,0
2026-04-21,GS-2,B-116,1689.5182374196552,549
2026-04-21,GS-2,B-091,2004.2207541784574,534
2026-04-21,GS-2,B-090,0.0,0
2026-04-21,GS-2,B-075,0.0,0
2026-04-21,GS-2,B-038,0.0,0
2026-04-21,GS-2,B-46,0.0,0
2026-04-21,GS-2,B-073,0.0,0
2026-04-21,GS-2,B-076,0.0,0
2026-04-21,GS-2,B-137,0.0,0
2026-04-21,GS-2,BN-14,0.0,0
2026-04-21,GS-3,B-053,3016.146994266779,510
2026-04-21,GS-3,B-059,0.0,0
2026-04-21,GS-3,B-062,3039.348124991908,485
2026-04-21,GS-3,B-063,0.0,0
2026-04-21,GS-3,B-065,1613.370936578206,239
2026-04-21,GS-3,B-101,0.0,0
2026-04-21,GS-3,B-107,0.0,0
2026-04-21,GS-3,B-110,0.0,0
2026-04-21,GS-3,B-129,0.0,0
2026-04-21,GS-3,B-134,42.8328567233152,295
2026-04-21,GS-4,BN-033,116.00565362564534,483
2026-04-21,GS-4,BN-037,0.0,0
2026-04-21,GS-4,BN-040,89.23511817357334,290
2026-04-21,GS-4,BN-041,116.00565362564534,535
2026-04-21,GS-4,BN-042,624.6458272150134,560
2026-04-21,GS-4,BN-043,151.69970089507467,535
2026-04-21,GS-4,BN-046,0.0,0
2026-04-21,GS-4,BN-049,386.6855120854845,540
2026-04-21,GS-4,B-226,0.0,0
2026-04-21,PLTG,B-120,2870.3963012499426,580
2026-04-21,PLTG,B-047,5360.6509990804625,470
2026-04-21,PLTG,B-133,1195.7505835258828,585
2026-04-21,MGS,B-32,0.0,0
2026-04-22,GS-1,B-050,4373.24886772912,450
2026-04-22,GS-1,B-061,822.6321201675606,460
2026-04-22,GS-1,B-031,0.0,0
2026-04-22,GS-1,B-074,3439.402533890838,455
2026-04-22,GS-1,B-020,0.0,0
2026-04-22,GS-1,B-023,632.5676174392902,502
2026-04-22,GS-1,B-049,61.785674261512064,500
2026-04-22,GS-1,B-057,0.0,0
2026-04-22,GS-1,B-078,117.68699859335632,435
2026-04-22,GS-1,B-079,148.87405322059575,436
2026-04-22,GS-1,B-106,2830.3723161702196,421
2026-04-22,GS-1,B-108,0.0,0
2026-04-22,GS-1,B-045,0.0,0
2026-04-22,GS-1,B-067,1012.1081879028643,480
2026-04-22,GS-1,B-052,0.0,0
2026-04-22,GS-1,B-066,2136.019024469417,500
2026-04-22,GS-1,B-069,0.0,0
2026-04-22,GS-1,B-205,0.0,0
2026-04-22,GS-1,B-077,123.57134852302413,215
2026-04-22,GS-2,B-092,295.3943664693244,570
2026-04-22,GS-2,B-115,0.0,0
2026-04-22,GS-2,B-116,1671.1553800256597,549
2026-04-22,GS-2,B-091,1982.4374913050872,534
2026-04-22,GS-2,B-090,0.0,0
2026-04-22,GS-2,B-075,0.0,0
2026-04-22,GS-2,B-038,0.0,0
2026-04-22,GS-2,B-46,0.0,0
2026-04-22,GS-2,B-073,0.0,0
2026-04-22,GS-2,B-076,0.0,0
2026-04-22,GS-2,B-137,0.0,0
2026-04-22,GS-2,BN-14,0.0,0
2026-04-22,GS-3,B-053,2983.3654143415824,510
2026-04-22,GS-3,B-059,0.0,0
2026-04-22,GS-3,B-062,3006.314379067287,485
2026-04-22,GS-3,B-063,0.0,0
2026-04-22,GS-3,B-065,1595.8357009259116,239
2026-04-22,GS-3,B-101,0.0,0
2026-04-22,GS-3,B-107,0.0,0
2026-04-22,GS-3,B-110,0.0,0
2026-04-22,GS-3,B-129,0.0,0
2026-04-22,GS-3,B-134,42.36731949360828,295
2026-04-22,GS-4,BN-033,114.74482362852241,483
2026-04-22,GS-4,BN-037,0.0,0
2026-04-22,GS-4,BN-040,88.26524894501723,290
2026-04-22,GS-4,BN-041,114.74482362852241,535
2026-04-22,GS-4,BN-042,617.8567426151207,560
2026-04-22,GS-4,BN-043,150.05092320652932,535
2026-04-22,GS-4,BN-046,0.0,0
2026-04-22,GS-4,BN-049,382.482745428408,540
2026-04-22,GS-4,B-226,0.0,0
2026-04-22,PLTG,B-120,2839.1988410647214,580
2026-04-22,PLTG,B-047,5302.387721623669,470
2026-04-22,PLTG,B-133,1182.754335863231,585
2026-04-22,MGS,B-32,0.0,0
2026-04-23,GS-1,B-050,4342.661454012078,450
2026-04-23,GS-1,B-061,816.878459729398,460
2026-04-23,GS-1,B-031,0.0,0
2026-04-23,GS-1,B-074,3415.3466359930835,455
2026-04-23,GS-1,B-020,0.0,0
2026-04-23,GS-1,B-023,827.396208137931,500
2026-04-23,GS-1,B-049,61.35353238310929,500
2026-04-23,GS-1,B-057,0.0,0
2026-04-23,GS-1,B-078,116.86387120592245,435
2026-04-23,GS-1,B-079,147.8327970754919,436
2026-04-23,GS-1,B-106,2810.576102502435,421
2026-04-23,GS-1,B-108,0.0,0
2026-04-23,GS-1,B-045,0.0,0
2026-04-23,GS-1,B-067,1005.0292923709331,480
2026-04-23,GS-1,B-052,0.0,0
2026-04-23,GS-1,B-066,2121.0792623874927,500
2026-04-23,GS-1,B-069,0.0,0
2026-04-23,GS-1,B-205,0.0,0
2026-04-23,GS-1,B-077,122.70706476621858,215
2026-04-23,GS-2,B-092,293.32831672686535,570
2026-04-23,GS-2,B-115,0.0,0
2026-04-23,GS-2,B-116,1659.4669711240988,549
2026-04-23,GS-2,B-091,1968.5719104637637,534
2026-04-23,GS-2,B-090,0.0,0
2026-04-23,GS-2,B-075,0.0,0
2026-04-23,GS-2,B-038,0.0,0
2026-04-23,GS-2,B-46,0.0,0
2026-04-23,GS-2,B-073,0.0,0
2026-04-23,GS-2,B-076,0.0,0
2026-04-23,GS-2,B-137,0.0,0
2026-04-23,GS-2,BN-14,0.0,0
2026-04-23,GS-3,B-053,2962.4991350701343,510
2026-04-23,GS-3,B-059,0.0,0
2026-04-23,GS-3,B-062,2985.287589955289,485
2026-04-23,GS-3,B-063,0.0,0
2026-04-23,GS-3,B-065,1584.6740935523085,239
2026-04-23,GS-3,B-101,0.0,0
2026-04-23,GS-3,B-107,0.0,0
2026-04-23,GS-3,B-110,0.0,0
2026-04-23,GS-3,B-129,0.0,0
2026-04-23,GS-3,B-134,42.07099363413208,295
2026-04-23,GS-4,BN-033,113.94227442577439,483
2026-04-23,GS-4,BN-037,0.0,0
2026-04-23,GS-4,BN-040,87.64790340444183,290
2026-04-23,GS-4,BN-041,113.94227442577439,535
2026-04-23,GS-4,BN-042,613.5353238310929,560
2026-04-23,GS-4,BN-043,149.00143578755112,535
2026-04-23,GS-4,BN-046,0.0,0
2026-04-23,GS-4,BN-049,379.807581419248,540
2026-04-23,GS-4,B-226,0.0,0
2026-04-23,PLTG,B-120,2819.3408928428794,580
2026-04-23,PLTG,B-047,5265.301717182836,470
2026-04-23,PLTG,B-133,1174.4819056195206,585
2026-04-23,MGS,B-32,0.0,0
2026-04-24,GS-1,B-050,4428.084771042839,450
2026-04-24,GS-1,B-061,832.9470546175846,460
2026-04-24,GS-1,B-031,0.0,0
2026-04-24,GS-1,B-074,3482.5289944490573,455
2026-04-24,GS-1,B-020,0.0,0
2026-04-24,GS-1,B-023,843.6716948057939,500
2026-04-24,GS-1,B-049,62.56040109788726,500
2026-04-24,GS-1,B-057,0.0,0
2026-04-24,GS-1,B-078,119.16266875788048,435
2026-04-24,GS-1,B-079,150.7407759787188,436
2026-04-24,GS-1,B-106,2865.862183627026,421
2026-04-24,GS-1,B-108,0.0,0
2026-04-24,GS-1,B-045,0.0,0
2026-04-24,GS-1,B-067,1024.7989513177722,480
2026-04-24,GS-1,B-052,0.0,0
2026-04-24,GS-1,B-066,2162.802437955531,500
2026-04-24,GS-1,B-069,0.0,0
2026-04-24,GS-1,B-205,0.0,0
2026-04-24,GS-1,B-077,125.12080219577452,215
2026-04-24,GS-2,B-092,299.09829858228,570
2026-04-24,GS-2,B-115,0.0,0
2026-04-24,GS-2,B-116,1692.1098963619029,549
2026-04-24,GS-2,B-091,2007.2951552264967,534
2026-04-24,GS-2,B-090,0.0,0
2026-04-24,GS-2,B-075,0.0,0
2026-04-24,GS-2,B-038,0.0,0
2026-04-24,GS-2,B-46,0.0,0
2026-04-24,GS-2,B-073,0.0,0
2026-04-24,GS-2,B-076,0.0,0
2026-04-24,GS-2,B-137,0.0,0
2026-04-24,GS-2,BN-14,0.0,0
2026-04-24,GS-3,B-053,3020.77365301227,510
2026-04-24,GS-3,B-059,0.0,0
2026-04-24,GS-3,B-062,3044.010373420057,485
2026-04-24,GS-3,B-063,0.0,0
2026-04-24,GS-3,B-065,1615.8457883568594,239
2026-04-24,GS-3,B-101,0.0,0
2026-04-24,GS-3,B-107,0.0,0
2026-04-24,GS-3,B-110,0.0,0
2026-04-24,GS-3,B-129,0.0,0
2026-04-24,GS-3,B-134,42.89856075283697,295
2026-04-24,GS-4,BN-033,116.18360203893347,483
2026-04-24,GS-4,BN-037,0.0,0
2026-04-24,GS-4,BN-040,89.37200156841037,290
2026-04-24,GS-4,BN-041,116.18360203893347,535
2026-04-24,GS-4,BN-042,625.6040109788726,560
2026-04-24,GS-4,BN-043,151.9324026662976,535
2026-04-24,GS-4,BN-046,0.0,0
2026-04-24,GS-4,BN-049,387.2786734631116,540
2026-04-24,GS-4,B-226,0.0,0
2026-04-24,PLTG,B-120,2874.7993837838667,580
2026-04-24,PLTG,B-047,5368.874040886305,470
2026-04-24,PLTG,B-133,1197.584821016699,585
2026-04-24,MGS,B-32,0.0,0
2026-04-25,GS-1,B-050,4429.941799674017,450
2026-04-25,GS-1,B-061,833.2963718977765,460
2026-04-25,GS-1,B-031,0.0,0
2026-04-25,GS-1,B-074,3483.989480502506,455
2026-04-25,GS-1,B-020,0.0,0
2026-04-25,GS-1,B-023,844.0255097333702,500
2026-04-25,GS-1,B-049,62.586637374296515,500
2026-04-25,GS-1,B-057,0.0,0
2026-04-25,GS-1,B-078,119.21264261770766,435
2026-04-25,GS-1,B-079,150.80399291140017,436
2026-04-25,GS-1,B-106,2867.064054955869,421
2026-04-25,GS-1,B-108,0.0,0
2026-04-25,GS-1,B-045,0.0,0
2026-04-25,GS-1,B-067,1025.228726512286,480
2026-04-25,GS-1,B-052,0.0,0
2026-04-25,GS-1,B-066,2163.709463511394,500
2026-04-25,GS-1,B-069,0.0,0
2026-04-25,GS-1,B-205,0.0,0
2026-04-25,GS-1,B-077,125.17327474859303,215
2026-04-25,GS-2,B-092,299.22373297044624,570
2026-04-25,GS-2,B-115,0.0,0
2026-04-25,GS-2,B-116,1692.8195251714487,549
2026-04-25,GS-2,B-091,2008.1369648952855,534
2026-04-25,GS-2,B-090,0.0,0
2026-04-25,GS-2,B-075,0.0,0
2026-04-25,GS-2,B-038,0.0,0
2026-04-25,GS-2,B-46,0.0,0
2026-04-25,GS-2,B-073,0.0,0
2026-04-25,GS-2,B-076,0.0,0
2026-04-25,GS-2,B-137,0.0,0
2026-04-25,GS-2,BN-14,0.0,0
2026-04-25,GS-3,B-053,3022.040490358889,510
2026-04-25,GS-3,B-059,0.0,0
2026-04-25,GS-3,B-062,3045.286955669342,485
2026-04-25,GS-3,B-063,0.0,0
2026-04-25,GS-3,B-065,1616.5234338961159,239
2026-04-25,GS-3,B-101,0.0,0
2026-04-25,GS-3,B-107,0.0,0
2026-04-25,GS-3,B-110,0.0,0
2026-04-25,GS-3,B-129,0.0,0
2026-04-25,GS-3,B-134,42.91655134237475,295
2026-04-25,GS-4,BN-033,116.23232655226496,483
2026-04-25,GS-4,BN-037,0.0,0
2026-04-25,GS-4,BN-040,89.40948196328074,290
2026-04-25,GS-4,BN-041,116.23232655226496,535
2026-04-25,GS-4,BN-042,625.8663737429652,560
2026-04-25,GS-4,BN-043,151.99611933757726,535
2026-04-25,GS-4,BN-046,0.0,0
2026-04-25,GS-4,BN-049,387.44108850754986,540
2026-04-25,GS-4,B-226,0.0,0
2026-04-25,PLTG,B-120,2876.0050031521973,580
2026-04-25,PLTG,B-047,5371.125613140818,470
2026-04-25,PLTG,B-133,1198.087058307962,585
2026-04-25,MGS,B-32,0.0,0
2026-04-26,GS-1,B-050,2197.3283059394844,460
2026-04-26,GS-1,B-061,565.5500560328726,495
2026-04-26,GS-1,B-031,0.0,0
2026-04-26,GS-1,B-074,991.3759805752708,445
2026-04-26,GS-1,B-020,0.0,0
2026-04-26,GS-1,B-023,1177.67482256257,500
2026-04-26,GS-1,B-049,87.3275821815465,500
2026-04-26,GS-1,B-057,0.0,0
2026-04-26,GS-1,B-078,166.3382517743743,435
2026-04-26,GS-1,B-079,210.41788849458348,436
2026-04-26,GS-1,B-106,1109.4761393350766,465
2026-04-26,GS-1,B-108,0.0,0
2026-04-26,GS-1,B-045,0.0,0
2026-04-26,GS-1,B-067,698.620657452372,495
2026-04-26,GS-1,B-052,0.0,0
2026-04-26,GS-1,B-066,661.1945508031378,510
2026-04-26,GS-1,B-069,0.0,0
2026-04-26,GS-1,B-205,0.0,0
2026-04-26,GS-1,B-077,174.655164363093,215
2026-04-26,GS-2,B-092,417.5090119536795,570
2026-04-26,GS-2,B-115,0.0,0
2026-04-26,GS-2,B-116,2362.003175196115,549
2026-04-26,GS-2,B-091,2801.967851139335,534
2026-04-26,GS-2,B-090,0.0,0
2026-04-26,GS-2,B-075,0.0,0
2026-04-26,GS-2,B-038,0.0,0
2026-04-26,GS-2,B-46,0.0,0
2026-04-26,GS-2,B-073,0.0,0
2026-04-26,GS-2,B-076,0.0,0
2026-04-26,GS-2,B-137,419.1723944714232,505
2026-04-26,GS-2,BN-14,0.0,0
2026-04-26,GS-3,B-053,4216.674682480389,510
2026-04-26,GS-3,B-059,0.0,0
2026-04-26,GS-3,B-062,4249.110641576392,485
2026-04-26,GS-3,B-063,0.0,0
2026-04-26,GS-3,B-065,2255.546694060515,239
2026-04-26,GS-3,B-101,0.0,0
2026-04-26,GS-3,B-107,0.0,0
2026-04-26,GS-3,B-110,0.0,0
2026-04-26,GS-3,B-129,0.0,0
2026-04-26,GS-3,B-134,59.881770638774746,295
2026-04-26,GS-4,BN-033,162.17979548001495,483
2026-04-26,GS-4,BN-037,0.0,0
2026-04-26,GS-4,BN-040,124.75368883078072,290
2026-04-26,GS-4,BN-041,162.17979548001495,535
2026-04-26,GS-4,BN-042,873.2758218154651,560
2026-04-26,GS-4,BN-043,212.08127101232722,535
2026-04-26,GS-4,BN-046,0.0,0
2026-04-26,GS-4,BN-049,540.5993182667164,540
2026-04-26,GS-4,B-226,0.0,0
2026-04-26,PLTG,B-120,4012.9103240567797,580
2026-04-26,PLTG,B-047,7494.369933694434,470
2026-04-26,PLTG,B-133,1671.6994303324616,585
2026-04-26,MGS,B-32,0.0,0
2026-04-27,GS-1,B-050,2177.6240609305605,460
2026-04-27,GS-1,B-061,560.4785622379944,495
2026-04-27,GS-1,B-031,0.0,0
2026-04-27,GS-1,B-074,982.4859502760137,445
2026-04-27,GS-1,B-020,0.0,0
2026-04-27,GS-1,B-023,1167.114182542647,500
2026-04-27,GS-1,B-049,86.54448387498444,500
2026-04-27,GS-1,B-057,0.0,0
2026-04-27,GS-1,B-078,164.8466359523513,435
2026-04-27,GS-1,B-079,208.5309944797244,436
2026-04-27,GS-1,B-106,1099.5270618021832,465
2026-04-27,GS-1,B-108,0.0,0
2026-04-27,GS-1,B-045,0.0,0
2026-04-27,GS-1,B-067,692.3558709998755,495
2026-04-27,GS-1,B-052,0.0,0
2026-04-27,GS-1,B-066,655.2653779105964,510
2026-04-27,GS-1,B-069,0.0,0
2026-04-27,GS-1,B-205,0.0,0
2026-04-27,GS-1,B-077,173.08896774996887,215
2026-04-27,GS-2,B-092,413.76505624040175,570
2026-04-27,GS-2,B-115,0.0,0
2026-04-27,GS-2,B-116,2340.8222305233885,549
2026-04-27,GS-2,B-091,2776.8415826173577,534
2026-04-27,GS-2,B-090,0.0,0
2026-04-27,GS-2,B-075,0.0,0
2026-04-27,GS-2,B-038,0.0,0
2026-04-27,GS-2,B-46,0.0,0
2026-04-27,GS-2,B-073,0.0,0
2026-04-27,GS-2,B-076,0.0,0
2026-04-27,GS-2,B-137,415.4135225999253,505
2026-04-27,GS-2,BN-14,0.0,0
2026-04-27,GS-3,B-053,4178.862221392105,510
2026-04-27,GS-3,B-059,0.0,0
2026-04-27,GS-3,B-062,4211.007315402814,485
2026-04-27,GS-3,B-063,0.0,0
2026-04-27,GS-3,B-065,2235.3203835138834,239
2026-04-27,GS-3,B-101,0.0,0
2026-04-27,GS-3,B-107,0.0,0
2026-04-27,GS-3,B-110,0.0,0
2026-04-27,GS-3,B-129,0.0,0
2026-04-27,GS-3,B-134,59.34478894284646,295
2026-04-27,GS-4,BN-033,160.72547005354252,483
2026-04-27,GS-4,BN-037,0.0,0
2026-04-27,GS-4,BN-040,123.63497696426347,290
2026-04-27,GS-4,BN-041,160.72547005354252,535
2026-04-27,GS-4,BN-042,865.4448387498443,560
2026-04-27,GS-4,BN-043,210.1794608392479,535
2026-04-27,GS-4,BN-046,0.0,0
2026-04-27,GS-4,BN-049,535.7515668451417,540
2026-04-27,GS-4,B-226,0.0,0
2026-04-27,PLTG,B-120,3976.925092350475,580
2026-04-27,PLTG,B-047,7427.165182833188,470
2026-04-27,PLTG,B-133,1656.7086913211306,585
2026-04-27,MGS,B-32,0.0,0
2026-04-28,GS-1,B-050,2169.7926230296575,460
2026-04-28,GS-1,B-061,558.4629007040754,495
2026-04-28,GS-1,B-031,0.0,0
2026-04-28,GS-1,B-074,978.9526141753793,445
2026-04-28,GS-1,B-020,0.0,0
2026-04-28,GS-1,B-023,1162.9168638190747,500
2026-04-28,GS-1,B-049,86.23324202048224,500
2026-04-28,GS-1,B-057,0.0,0
2026-04-28,GS-1,B-078,164.25379432472806,435
2026-04-28,GS-1,B-079,207.781049820781,436
2026-04-28,GS-1,B-106,1095.5728081459363,465
2026-04-28,GS-1,B-108,0.0,0
2026-04-28,GS-1,B-045,0.0,0
2026-04-28,GS-1,B-067,689.8659361638579,495
2026-04-28,GS-1,B-052,0.0,0
2026-04-28,GS-1,B-066,652.9088324407941,510
2026-04-28,GS-1,B-069,0.0,0
2026-04-28,GS-1,B-205,0.0,0
2026-04-28,GS-1,B-077,172.46648404096447,215
2026-04-28,GS-2,B-092,412.27702375506743,570
2026-04-28,GS-2,B-115,0.0,0
2026-04-28,GS-2,B-116,2332.4038794111384,549
2026-04-28,GS-2,B-091,2766.8551654000444,534
2026-04-28,GS-2,B-090,0.0, 
2026-04-28,GS-2,B-075,0.0,0
2026-04-28,GS-2,B-038,0.0,0
2026-04-28,GS-2,B-46,0.0,0
2026-04-28,GS-2,B-073,0.0,0
2026-04-28,GS-2,B-076,0.0,0
2026-04-28,GS-2,B-137,413.91956169831474,505
2026-04-28,GS-3,B-053,4163.833686131857,510
2026-04-28,GS-3,B-059,0.0,0
2026-04-28,GS-3,B-062,4195.863176025178,485
2026-04-28,GS-3,B-063,0.0,0
2026-04-28,GS-3,B-065,2227.2814510433127,239
2026-04-28,GS-3,B-101,0.0,0
2026-04-28,GS-3,B-107,0.0,0
2026-04-28,GS-3,B-110,0.0,0
2026-04-28,GS-3,B-129,0.0,0
2026-04-28,GS-3,B-134,59.1313659569021,295
2026-04-28,GS-4,BN-033,160.14744946660986,483
2026-04-28,GS-4,BN-037,0.0,0
2026-04-28,GS-4,BN-040,123.19034574354605,290
2026-04-28,GS-4,BN-041,160.14744946660986,535
2026-04-28,GS-4,BN-042,862.3324202048224,560
2026-04-28,GS-4,BN-043,209.42358776402827,535
2026-04-28,GS-4,BN-046,0.0,0
2026-04-28,GS-4,BN-049,533.8248315553662,540
2026-04-28,GS-4,B-226,0.0,0
2026-04-28,PLTG,B-120,3962.6227880840647,580
2026-04-28,PLTG,B-047,7400.454703300623,470
2026-04-28,PLTG,B-133,1650.750632963517,585
2026-04-28,MGS,B-32,0.0,0
2026-04-29,GS-1,B-050,2178.8577180093803,460
2026-04-29,GS-1,B-061,560.7960818494998,495
2026-04-29,GS-1,B-031,0.0,0
2026-04-29,GS-1,B-074,983.0425434773585,445
2026-04-29,GS-1,B-020,0.0,0
2026-04-29,GS-1,B-023,1167.7753704395468,500
2026-04-29,GS-1,B-049,86.59351263852571,500
2026-04-29,GS-1,B-057,0.0,0
2026-04-29,GS-1,B-078,164.94002407338232,435
2026-04-29,GS-1,B-079,208.64913045282862,436
2026-04-29,GS-1,B-106,1100.14996056946,465
2026-04-29,GS-1,B-108,0.0,0
2026-04-29,GS-1,B-045,0.0,0
2026-04-29,GS-1,B-067,692.7481011082057,495
2026-04-29,GS-1,B-052,0.0,0
2026-04-29,GS-1,B-066,655.6365956916947,510
2026-04-29,GS-1,B-069,0.0,0
2026-04-29,GS-1,B-205,0.0,0
2026-04-29,GS-1,B-077,173.18702527705142,215
2026-04-29,GS-2,B-092,413.9994604241896,570
2026-04-29,GS-2,B-115,0.0,0
2026-04-29,GS-2,B-116,2342.148341842029,549
2026-04-29,GS-2,B-091,2778.414705516125,534
2026-04-29,GS-2,B-090,0.0, 
2026-04-29,GS-2,B-075,0.0,0
2026-04-29,GS-2,B-038,0.0,0
2026-04-29,GS-2,B-46,0.0,0
2026-04-29,GS-2,B-073,0.0,0
2026-04-29,GS-2,B-076,0.0,0
2026-04-29,GS-2,B-137,415.6488606649234,505
2026-04-29,GS-3,B-053,4181.229610260241,510
2026-04-29,GS-3,B-059,0.0,0
2026-04-29,GS-3,B-062,4213.392914954551,485
2026-04-29,GS-3,B-063,0.0,0
2026-04-29,GS-3,B-065,2236.586726435064,239
2026-04-29,GS-3,B-101,0.0,0
2026-04-29,GS-3,B-107,0.0,0
2026-04-29,GS-3,B-110,0.0,0
2026-04-29,GS-3,B-129,0.0,0
2026-04-29,GS-3,B-134,59.37840866641763,295
2026-04-29,GS-4,BN-033,160.81652347154775,483
2026-04-29,GS-4,BN-037,0.0,0
2026-04-29,GS-4,BN-040,123.70501805503673,290
2026-04-29,GS-4,BN-041,160.81652347154775,535
2026-04-29,GS-4,BN-042,865.9351263852571,560
2026-04-29,GS-4,BN-043,210.29853069356244,535
2026-04-29,GS-4,BN-046,0.0,0
2026-04-29,GS-4,BN-049,536.0550782384925,540
2026-04-29,GS-4,B-226,0.0,0
2026-04-29,PLTG,B-120,3979.178080770348,580
2026-04-29,PLTG,B-047,7431.37278462624,470
2026-04-29,PLTG,B-133,1657.6472419374923,585
2026-04-29,MGS,B-32,0.0,0
2026-04-30,GS-1,B-050,2132.7189432615282,460
2026-04-30,GS-1,B-061,548.9208483791973,495
2026-04-30,GS-1,B-031,0.0,0
2026-04-30,GS-1,B-074,962.2259577470635,445
2026-04-30,GS-1,B-020,0.0,0
2026-04-30,GS-1,B-023,1143.046943095505,500
2026-04-30,GS-1,B-049,84.75983688208193,500
2026-04-30,GS-1,B-057,0.0,0
2026-04-30,GS-1,B-078,161.44730834682272,435
2026-04-30,GS-1,B-079,204.23084505873075,436
2026-04-30,GS-1,B-106,1076.8535466733076,465
2026-04-30,GS-1,B-108,0.0,0
2026-04-30,GS-1,B-067,678.0786950566554,495
2026-04-30,GS-1,B-052,0.0,0
2026-04-30,GS-1,B-066,641.7530506786203,510
2026-04-30,GS-1,B-069,0.0,0
2026-04-30,GS-1,B-077,169.51967376416385,215
2026-04-30,GS-2,B-092,405.23274395052505,570
2026-04-30,GS-2,B-115,0.0,0
2026-04-30,GS-2,B-116,2292.5517785248826,549
2026-04-30,GS-2,B-091,2719.5799091022286,534
2026-04-30,GS-2,B-090,0.0, 
2026-04-30,GS-2,B-075,0.0,0
2026-04-30,GS-2,B-038,0.0,0
2026-04-30,GS-2,B-046,0.0,0
2026-04-30,GS-2,B-073,0.0,0
2026-04-30,GS-2,B-076,0.0,0
2026-04-30,GS-2,B-137,406.8472170339933,505
2026-04-30,,,,
2026-04-30,GS-3,B-053,4092.6892665919563,510
2026-04-30,GS-3,B-059,0.0,0
2026-04-30,GS-3,B-062,4124.171491719587,485
2026-04-30,GS-3,B-063,0.0,0
2026-04-30,GS-3,B-065,2189.225501182916,239
2026-04-30,GS-3,B-101,0.0,0
2026-04-30,GS-3,B-107,0.0,0
2026-04-30,GS-3,B-110,0.0,0
2026-04-30,GS-3,B-129,0.0,0
2026-04-30,GS-3,B-134,58.12103100485618,295
2026-04-30,GS-4,BN-033,157.41112563815216,483
2026-04-30,GS-4,BN-040,121.08548126011705,290
2026-04-30,GS-4,BN-041,157.41112563815216,535
2026-04-30,GS-4,BN-042,847.5983688208194,560
2026-04-30,GS-4,BN-043,205.84531814219898,535
2026-04-30,GS-4,BN-046,0.0,0
2026-04-30,GS-4,B-226,0.0,0
2026-04-30,PLTG,B-120,3894.9163138670983,580
2026-04-30,PLTG,B-047,7274.008477566098,470
2026-04-30,PLTG,B-133,1622.5454488855685,585
2026-04-30,MGS,B-32,0.0,0
2026-05-01,GS-1,B-050,2126.7973892815603,460
2026-05-01,GS-1,B-061,547.3967542435507,495
2026-05-01,GS-1,B-031,0.0,0
2026-05-01,GS-1,B-074,959.5543103798713,445
2026-05-01,GS-1,B-020,0.0,0
2026-05-01,GS-1,B-023,1139.8732411895114,500
2026-05-01,GS-1,B-049,84.52449881701885,500
2026-05-01,GS-1,B-057,0.0,0
2026-05-01,GS-1,B-078,160.9990453657502,435
2026-05-01,GS-1,B-079,203.66379238767402,436
2026-05-01,GS-1,B-106,1073.8636325895538,465
2026-05-01,GS-1,B-108,0.0,0
2026-05-01,GS-1,B-045,0.0,0
2026-05-01,GS-1,B-067,676.1959905361508,495
2026-05-01,GS-1,B-052,0.0,0
2026-05-01,GS-1,B-066,639.9712053288571,510
2026-05-01,GS-1,B-069,0.0,0
2026-05-01,GS-1,B-205,0.0,0
2026-05-01,GS-1,B-077,169.0489976340377,215
2026-05-01,GS-2,B-092,404.10760386803304,570
2026-05-01,GS-2,B-115,0.0,0
2026-05-01,GS-2,B-116,2286.1864441936527,549
2026-05-01,GS-2,B-091,2712.028919186062,534
2026-05-01,GS-2,B-090,0.0, 
2026-05-01,GS-2,B-075,0.0,0
2026-05-01,GS-2,B-038,0.0,0
2026-05-01,GS-2,B-46,0.0,0
2026-05-01,GS-2,B-073,0.0,0
2026-05-01,GS-2,B-076,0.0,0
2026-05-01,GS-2,B-137,405.7175943216905,505
2026-05-01,GS-3,B-053,4081.3258000217675,510
2026-05-01,GS-3,B-059,0.0,0
2026-05-01,GS-3,B-062,4112.720613868089,485
2026-05-01,GS-3,B-063,0.0,0
2026-05-01,GS-3,B-065,2183.1470551595726,239
2026-05-01,GS-3,B-101,0.0,0
2026-05-01,GS-3,B-107,0.0,0
2026-05-01,GS-3,B-110,0.0,0
2026-05-01,GS-3,B-129,0.0,0
2026-05-01,GS-3,B-134,57.959656331670075,295
2026-05-01,GS-4,BN-033,156.97406923160645,483
2026-05-01,GS-4,BN-037,0.0,0
2026-05-01,GS-4,BN-040,120.74928402431266,290
2026-05-01,GS-4,BN-041,156.97406923160645,535
2026-05-01,GS-4,BN-042,845.2449881701885,560
2026-05-01,GS-4,BN-043,205.27378284133152,535
2026-05-01,GS-4,BN-046,0.0,0
2026-05-01,GS-4,BN-049,523.2468974386882,540
2026-05-01,GS-4,B-226,0.0,0
2026-05-01,PLTG,B-120,3884.1019694487236,580
2026-05-01,PLTG,B-047,7253.811988953876,470
2026-05-01,PLTG,B-133,1618.0404059257896,585
2026-05-01,MGS,B-32,0.0,0
2026-05-02,GS-1,B-050,2066.923899057818,460
2026-05-02,GS-1,B-061,531.9864690989084,495
2026-05-02,GS-1,B-031,0.0,0
2026-05-02,GS-1,B-074,932.5409870086747,445
2026-05-02,GS-1,B-020,0.0,0
2026-05-02,GS-1,B-023,1107.7835885941975,500
2026-05-02,GS-1,B-049,82.1449694932138,500
2026-05-02,GS-1,B-057,0.0,0
2026-05-02,GS-1,B-078,156.4666085585025,435
2026-05-02,GS-1,B-079,197.93025982650562,436
2026-05-02,GS-1,B-106,1043.6322790852114,465
2026-05-02,GS-1,B-108,0.0,0
2026-05-02,GS-1,B-045,0.0,0
2026-05-02,GS-1,B-067,657.1597559457103,495
2026-05-02,GS-1,B-052,0.0,0
2026-05-02,GS-1,B-066,621.9547690200474,510
2026-05-02,GS-1,B-069,0.0,0
2026-05-02,GS-1,B-205,0.0,0
2026-05-02,GS-1,B-077,164.2899389864276,215
2026-05-02,GS-2,B-092,392.73118748184123,570
2026-05-02,GS-2,B-115,0.0,0
2026-05-02,GS-2,B-116,2221.825841530735,549
2026-05-02,GS-2,B-091,2635.6800211679742,534
2026-05-02,GS-2,B-090,0.0, 
2026-05-02,GS-2,B-075,0.0,0
2026-05-02,GS-2,B-038,0.0,0
2026-05-02,GS-2,B-46,0.0,0
2026-05-02,GS-2,B-073,0.0,0
2026-05-02,GS-2,B-076,0.0,0
2026-05-02,GS-2,B-137,394.2958535674262,505
2026-05-02,GS-3,B-053,3966.4285269580378,510
2026-05-02,GS-3,B-059,0.0,0
2026-05-02,GS-3,B-062,3996.9395156269456,485
2026-05-02,GS-3,B-063,0.0,0
2026-05-02,GS-3,B-065,2121.6872120532935,239
2026-05-02,GS-3,B-101,0.0,0
2026-05-02,GS-3,B-107,0.0,0
2026-05-02,GS-3,B-110,0.0,0
2026-05-02,GS-3,B-129,0.0,0
2026-05-02,GS-3,B-134,56.32797908106089,295
2026-05-02,GS-4,BN-033,152.5549433445399,483
2026-05-02,GS-4,BN-037,0.0,0
2026-05-02,GS-4,BN-040,117.34995641887686,290
2026-05-02,GS-4,BN-041,152.5549433445399,535
2026-05-02,GS-4,BN-042,821.449694932138,560
2026-05-02,GS-4,BN-043,199.49492591209065,535
2026-05-02,GS-4,BN-046,0.0,0
2026-05-02,GS-4,BN-049,508.51647781513304,540
2026-05-02,GS-4,B-226,0.0,0
2026-05-02,PLTG,B-120,3774.756931473872,580
2026-05-02,PLTG,B-047,7049.603048603329,470
2026-05-02,PLTG,B-133,1572.48941601295,585
2026-05-02,MGS,B-32,0.0,0
2026-05-03,GS-1,B-050,2094.80454903914,460
2026-05-03,GS-1,B-061,539.1624123189308,495
2026-05-03,GS-1,B-031,0.0,0
2026-05-03,GS-1,B-074,945.1199933590669,445
2026-05-03,GS-1,B-020,0.0,0
2026-05-03,GS-1,B-023,1122.7264350641265,500
2026-05-03,GS-1,B-049,83.25301954924666,500
2026-05-03,GS-1,B-057,0.0,0
2026-05-03,GS-1,B-078,158.57718009380318,435
2026-05-03,GS-1,B-079,200.60013281866102,436
2026-05-03,GS-1,B-106,1057.7097912256672,465
2026-05-03,GS-1,B-108,0.0,0
2026-05-03,GS-1,B-045,0.0,0
2026-05-03,GS-1,B-067,666.0241563939733,495
2026-05-03,GS-1,B-052,0.0,0
2026-05-03,GS-1,B-066,630.3442908728676,510
2026-05-03,GS-1,B-069,0.0,0
2026-05-03,GS-1,B-205,0.0,0
2026-05-03,GS-1,B-077,166.50603909849332,215
2026-05-03,GS-2,B-092,398.028722035446,570
2026-05-03,GS-2,B-115,0.0,0
2026-05-03,GS-2,B-116,2251.795957332005,549
2026-05-03,GS-2,B-091,2671.2325986801143,534
2026-05-03,GS-2,B-090,0.0, 
2026-05-03,GS-2,B-075,0.0,0
2026-05-03,GS-2,B-038,0.0,0
2026-05-03,GS-2,B-46,0.0,0
2026-05-03,GS-2,B-073,0.0,0
2026-05-03,GS-2,B-076,0.0,0
2026-05-03,GS-2,B-137,399.614493836384,505
2026-05-03,GS-3,B-053,4019.9315153779103,510
2026-05-03,GS-3,B-059,0.0,0
2026-05-03,GS-3,B-062,4050.854065496202,485
2026-05-03,GS-3,B-063,0.0,0
2026-05-03,GS-3,B-065,2150.306562071971,239
2026-05-03,GS-3,B-101,0.0,0
2026-05-03,GS-3,B-107,0.0,0
2026-05-03,GS-3,B-110,0.0,0
2026-05-03,GS-3,B-129,0.0,0
2026-05-03,GS-3,B-134,57.08778483376914,295
2026-05-03,GS-4,BN-033,154.61275059145808,483
2026-05-03,GS-4,BN-037,0.0,0
2026-05-03,GS-4,BN-040,118.93288507035238,290
2026-05-03,GS-4,BN-041,154.61275059145808,535
2026-05-03,GS-4,BN-042,832.5301954924666,560
2026-05-03,GS-4,BN-043,202.18590461959906,535
2026-05-03,GS-4,BN-046,0.0,0
2026-05-03,GS-4,BN-049,515.3758353048603,540
2026-05-03,GS-4,B-226,0.0,0
2026-05-03,PLTG,B-120,3825.6744697630015,580
2026-05-03,PLTG,B-047,7144.694849126302,470
2026-05-03,PLTG,B-133,1593.7006599427218,585
2026-05-03,MGS,B-32,0.0,0
2026-05-04,GS-1,B-050,2053.8425649214937,460
2026-05-04,GS-1,B-061,528.6195852182497,495
2026-05-04,GS-1,B-031,0.0,0
2026-05-04,GS-1,B-074,926.639037617873,445
2026-05-04,GS-1,B-020,0.0,0
2026-05-04,GS-1,B-023,1100.7725480427082,500
2026-05-04,GS-1,B-049,81.6250830116415,500
2026-05-04,GS-1,B-057,0.0,0
2026-05-04,GS-1,B-078,155.47634859360284,435
2026-05-04,GS-1,B-079,196.6775809709076,436
2026-05-04,GS-1,B-106,1037.027245119331,465
2026-05-04,GS-1,B-108,0.0,0
2026-05-04,GS-1,B-045,0.0,0
2026-05-04,GS-1,B-067,653.000664093132,495
2026-05-04,GS-1,B-052,0.0,0
2026-05-04,GS-1,B-066,618.0184856595713,510
2026-05-04,GS-1,B-069,0.0,0
2026-05-04,GS-1,B-205,0.0,0
2026-05-04,GS-1,B-077,163.250166023283,215
2026-05-04,GS-2,B-092,390.2456349699431,570
2026-05-04,GS-2,B-115,0.0,0
2026-05-04,GS-2,B-116,2207.76415002916,549
2026-05-04,GS-2,B-091,2618.99909205924,534
2026-05-04,GS-2,B-090,0.0, 
2026-05-04,GS-2,B-075,0.0,0
2026-05-04,GS-2,B-038,0.0,0
2026-05-04,GS-2,B-46,0.0,0
2026-05-04,GS-2,B-073,0.0,0
2026-05-04,GS-2,B-076,0.0,0
2026-05-04,GS-2,B-137,391.8003984558792,505
2026-05-04,GS-3,B-053,3941.325436847832,510
2026-05-04,GS-3,B-059,0.0,0
2026-05-04,GS-3,B-062,3971.6433248235844,485
2026-05-04,GS-3,B-063,0.0,0
2026-05-04,GS-3,B-065,2108.2592869292544,239
2026-05-04,GS-3,B-101,0.0,0
2026-05-04,GS-3,B-107,0.0,0
2026-05-04,GS-3,B-110,0.0,0
2026-05-04,GS-3,B-129,0.0,0
2026-05-04,GS-3,B-134,55.971485493697024,295
2026-05-04,GS-4,BN-033,151.58943987876276,483
2026-05-04,GS-4,BN-037,0.0,0
2026-05-04,GS-4,BN-040,116.60726144520213,290
2026-05-04,GS-4,BN-041,151.58943987876276,535
2026-05-04,GS-4,BN-042,816.2508301164149,560
2026-05-04,GS-4,BN-043,198.23234445684363,535
2026-05-04,GS-4,BN-046,0.0,0
2026-05-04,GS-4,BN-049,505.29813292920926,540
2026-05-04,GS-4,B-226,0.0,0
2026-05-04,PLTG,B-120,3750.8669098206688,580
2026-05-04,PLTG,B-047,7004.986885884776,470
2026-05-04,PLTG,B-133,1562.5373033657086,585
2026-05-04,MGS,B-32,0.0,0
2026-05-05,GS-1,B-050,2043.363333401965,460
2026-05-05,GS-1,B-061,525.9224325182953,495
2026-05-05,GS-1,B-031,0.0,0
2026-05-05,GS-1,B-074,921.9110875908941,445
2026-05-05,GS-1,B-020,0.0,0
2026-05-05,GS-1,B-023,1095.1561241851562,500
2026-05-05,GS-1,B-049,81.2086109035603,500
2026-05-05,GS-1,B-057,0.0,0
2026-05-05,GS-1,B-078,154.68306838773393,435
2026-05-05,GS-1,B-079,195.6740815104834,436
2026-05-05,GS-1,B-106,1031.7360661461853,465
2026-05-05,GS-1,B-108,0.0,0
2026-05-05,GS-1,B-045,0.0,0
2026-05-05,GS-1,B-067,649.6688872284824,495
2026-05-05,GS-1,B-052,0.0,0
2026-05-05,GS-1,B-066,614.8651968412423,510
2026-05-05,GS-1,B-069,0.0,0
2026-05-05,GS-1,B-205,0.0,0
2026-05-05,GS-1,B-077,162.4172218071206,215
2026-05-05,GS-2,B-092,388.2545016532121,570
2026-05-05,GS-2,B-115,0.0,0
2026-05-05,GS-2,B-116,2196.4995711058214,549
2026-05-05,GS-2,B-091,2605.636286991378,534
2026-05-05,GS-2,B-090,0.0, 
2026-05-05,GS-2,B-075,0.0,0
2026-05-05,GS-2,B-038,0.0,0
2026-05-05,GS-2,B-46,0.0,0
2026-05-05,GS-2,B-073,0.0,0
2026-05-05,GS-2,B-076,0.0,0
2026-05-05,GS-2,B-137,389.80133233708943,505
2026-05-05,GS-3,B-053,3921.215783629055,510
2026-05-05,GS-3,B-059,0.0,0
2026-05-05,GS-3,B-062,3951.3789819646627,485
2026-05-05,GS-3,B-063,0.0,0
2026-05-05,GS-3,B-065,2097.5024073376717,239
2026-05-05,GS-3,B-101,0.0,0
2026-05-05,GS-3,B-107,0.0,0
2026-05-05,GS-3,B-110,0.0,0
2026-05-05,GS-3,B-129,0.0,0
2026-05-05,GS-3,B-134,55.68590461958421,295
2026-05-05,GS-4,BN-033,150.81599167804058,483
2026-05-05,GS-4,BN-037,0.0,0
2026-05-05,GS-4,BN-040,116.01230129080044,290
2026-05-05,GS-4,BN-041,150.81599167804058,535
2026-05-05,GS-4,BN-042,812.086109035603,560
2026-05-05,GS-4,BN-043,197.22091219436075,535
2026-05-05,GS-4,BN-046,0.0,0
2026-05-05,GS-4,BN-049,502.7199722601352,540
2026-05-05,GS-4,B-226,0.0,0
2026-05-05,PLTG,B-120,3731.7290248540808,580
2026-05-05,PLTG,B-047,6969.245646209351,470
2026-05-05,PLTG,B-133,1554.5648372967257,585
2026-05-05,MGS,B-32,0.0,0
2026-05-06,GS-1,B-050,2035.321716887089,460
2026-05-06,GS-1,B-061,523.8526750504241,495
2026-05-06,GS-1,B-031,0.0,0
2026-05-06,GS-1,B-074,918.2829245001552,445
2026-05-06,GS-1,B-020,0.0,0
2026-05-06,GS-1,B-023,1090.8461586344126,500
2026-05-06,GS-1,B-049,80.88901600043313,500
2026-05-06,GS-1,B-057,0.0,0
2026-05-06,GS-1,B-078,154.07431619130122,435
2026-05-06,GS-1,B-079,194.90400998199604,436
2026-05-06,GS-1,B-106,1027.675688995979,465
2026-05-06,GS-1,B-108,0.0,0
2026-05-06,GS-1,B-045,0.0,0
2026-05-06,GS-1,B-067,647.112128003465,495
2026-05-06,GS-1,B-052,0.0,0
2026-05-06,GS-1,B-066,612.4454068604223,510
2026-05-06,GS-1,B-069,0.0,0
2026-05-06,GS-1,B-205,0.0,0
2026-05-06,GS-1,B-077,161.77803200086626,215
2026-05-06,GS-2,B-092,386.72653364016605,570
2026-05-06,GS-2,B-115,0.0,0
2026-05-06,GS-2,B-116,2187.855289916477,549
2026-05-06,GS-2,B-091,2595.381856242469,534
2026-05-06,GS-2,B-090,0.0, 
2026-05-06,GS-2,B-075,0.0,0
2026-05-06,GS-2,B-038,0.0,0
2026-05-06,GS-2,B-46,0.0,0
2026-05-06,GS-2,B-073,0.0,0
2026-05-06,GS-2,B-076,0.0,0
2026-05-06,GS-2,B-137,388.26727680207904,505
2026-05-06,GS-3,B-053,3905.7839154494854,510
2026-05-06,GS-3,B-059,0.0,0
2026-05-06,GS-3,B-062,3935.828407106789,485
2026-05-06,GS-3,B-063,0.0,0
2026-05-06,GS-3,B-065,2089.2477275540446,239
2026-05-06,GS-3,B-101,0.0,0
2026-05-06,GS-3,B-107,0.0,0
2026-05-06,GS-3,B-110,0.0,0
2026-05-06,GS-3,B-129,0.0,0
2026-05-06,GS-3,B-134,55.466753828868434,295
2026-05-06,GS-4,BN-033,150.22245828651867,483
2026-05-06,GS-4,BN-037,0.0,0
2026-05-06,GS-4,BN-040,115.55573714347591,290
2026-05-06,GS-4,BN-041,150.22245828651867,535
2026-05-06,GS-4,BN-042,808.8901600043314,560
2026-05-06,GS-4,BN-043,196.44475314390905,535
2026-05-06,GS-4,BN-046,0.0,0
2026-05-06,GS-4,BN-049,500.74152762172895,540
2026-05-06,GS-4,B-226,0.0,0
2026-05-06,PLTG,B-120,3717.042878115142,580
2026-05-06,PLTG,B-047,6941.818315999076,470
2026-05-06,PLTG,B-133,1548.4468777225773,585
2026-05-06,MGS,B-32,0.0,0
2026-05-07,GS-1,B-050,2106.103934063248,460
2026-05-07,GS-1,B-061,542.070656761169,495
2026-05-07,GS-1,B-031,0.0,0
2026-05-07,GS-1,B-074,950.2179747931079,445
2026-05-07,GS-1,B-020,0.0,0
2026-05-07,GS-1,B-023,1128.7824264320814,500
2026-05-07,GS-1,B-049,83.70208670576874,500
2026-05-07,GS-1,B-057,0.0,0
2026-05-07,GS-1,B-078,159.43254610622617,435
2026-05-07,GS-1,B-079,201.6821708243761,436
2026-05-07,GS-1,B-106,1063.4150825285285,465
2026-05-07,GS-1,B-108,0.0,0
2026-05-07,GS-1,B-045,0.0,0
2026-05-07,GS-1,B-067,669.6166936461499,495
2026-05-07,GS-1,B-052,0.0,0
2026-05-07,GS-1,B-066,633.744370772249,510
2026-05-07,GS-1,B-069,0.0,0
2026-05-07,GS-1,B-205,0.0,0
2026-05-07,GS-1,B-077,167.40417341153747,215
2026-05-07,GS-2,B-092,400.1756907266277,570
2026-05-07,GS-2,B-115,0.0,0
2026-05-07,GS-2,B-116,2263.9421547084116,549
2026-05-07,GS-2,B-091,2685.64123915938,534
2026-05-07,GS-2,B-090,0.0, 
2026-05-07,GS-2,B-075,0.0,0
2026-05-07,GS-2,B-038,0.0,0
2026-05-07,GS-2,B-46,0.0,0
2026-05-07,GS-2,B-073,0.0,0
2026-05-07,GS-2,B-076,0.0,0
2026-05-07,GS-2,B-137,401.77001618769,505
2026-05-07,GS-3,B-053,4041.6150437928336,510
2026-05-07,GS-3,B-059,0.0,0
2026-05-07,GS-3,B-062,4072.7043902835476,485
2026-05-07,GS-3,B-063,0.0,0
2026-05-07,GS-3,B-065,2161.905325200427,239
2026-05-07,GS-3,B-101,0.0,0
2026-05-07,GS-3,B-107,0.0,0
2026-05-07,GS-3,B-110,0.0,0
2026-05-07,GS-3,B-129,0.0,0
2026-05-07,GS-3,B-134,57.39571659824142,295
2026-05-07,GS-4,BN-033,155.44673245357052,483
2026-05-07,GS-4,BN-037,0.0,0
2026-05-07,GS-4,BN-040,119.57440957966963,290
2026-05-07,GS-4,BN-041,155.44673245357052,535
2026-05-07,GS-4,BN-042,837.0208670576874,560
2026-05-07,GS-4,BN-043,203.27649628543836,535
2026-05-07,GS-4,BN-046,0.0,0
2026-05-07,GS-4,BN-049,518.1557748452351,540
2026-05-07,GS-4,B-226,0.0,0
2026-05-07,PLTG,B-120,3846.3101748127065,580
2026-05-07,PLTG,B-047,7183.23336481602,470
2026-05-07,PLTG,B-133,1602.297088367573,585
2026-05-07,MGS,B-32,0.0,0
2026-05-08,GS-1,B-050,2095.786905604627,460
2026-05-08,GS-1,B-061,539.4152520102749,495
2026-05-08,GS-1,B-031,0.0,0
2026-05-08,GS-1,B-074,945.5632064650702,445
2026-05-08,GS-1,B-020,0.0,0
2026-05-08,GS-1,B-023,1123.252936539043,500
2026-05-08,GS-1,B-049,83.29206097217481,500
2026-05-08,GS-1,B-057,0.0,0
2026-05-08,GS-1,B-078,158.6515447089044,435
2026-05-08,GS-1,B-079,200.69420405676405,436
2026-05-08,GS-1,B-106,1058.2058032083924,465
2026-05-08,GS-1,B-108,0.0,0
2026-05-08,GS-1,B-045,0.0,0
2026-05-08,GS-1,B-067,666.3364877773985,495
2026-05-08,GS-1,B-052,0.0,0
2026-05-08,GS-1,B-066,630.639890217895,510
2026-05-08,GS-1,B-069,0.0,0
2026-05-08,GS-1,B-205,0.0,0
2026-05-08,GS-1,B-077,166.58412194434962,215
2026-05-08,GS-2,B-092,398.21537721935005,570
2026-05-08,GS-2,B-115,0.0,0
2026-05-08,GS-2,B-116,2252.851934866442,549
2026-05-08,GS-2,B-091,2672.4852706214942,534
2026-05-08,GS-2,B-090,0.0, 
2026-05-08,GS-2,B-075,0.0,0
2026-05-08,GS-2,B-038,0.0,0
2026-05-08,GS-2,B-46,0.0,0
2026-05-08,GS-2,B-073,0.0,0
2026-05-08,GS-2,B-076,0.0,0
2026-05-08,GS-2,B-137,399.8018926664391,505
2026-05-08,GS-3,B-053,4021.816658370726,510
2026-05-08,GS-3,B-059,0.0,0
2026-05-08,GS-3,B-062,4052.7537095889625,485
2026-05-08,GS-3,B-063,0.0,0
2026-05-08,GS-3,B-065,2151.3149462527435,239
2026-05-08,GS-3,B-101,0.0,0
2026-05-08,GS-3,B-107,0.0,0
2026-05-08,GS-3,B-110,0.0,0
2026-05-08,GS-3,B-129,0.0,0
2026-05-08,GS-3,B-134,57.11455609520558,295
2026-05-08,GS-4,BN-033,154.68525609118177,483
2026-05-08,GS-4,BN-037,0.0,0
2026-05-08,GS-4,BN-040,118.9886585316783,290
2026-05-08,GS-4,BN-041,154.68525609118177,535
2026-05-08,GS-4,BN-042,832.9206097217481,560
2026-05-08,GS-4,BN-043,202.2807195038531,535
2026-05-08,GS-4,BN-046,0.0,0
2026-05-08,GS-4,BN-049,515.6175203039393,540
2026-05-08,GS-4,B-226,0.0,0
2026-05-08,PLTG,B-120,3827.4685161023185,580
2026-05-08,PLTG,B-047,7148.045346859687,470
2026-05-08,PLTG,B-133,1594.448024324489,585
2026-05-08,MGS,B-32,0.0,0
2026-05-09,GS-1,B-050,2105.991991103372,460
2026-05-09,GS-1,B-061,542.0418447957203,495
2026-05-09,GS-1,B-031,0.0,0
2026-05-09,GS-1,B-074,950.167469112498,445
2026-05-09,GS-1,B-020,0.0,0
2026-05-09,GS-1,B-023,1128.7224297510882,500
2026-05-09,GS-1,B-049,83.69763779933916,500
2026-05-09,GS-1,B-057,0.0,0
2026-05-09,GS-1,B-078,159.42407199874125,435
2026-05-09,GS-1,B-079,201.6714510784077,436
2026-05-09,GS-1,B-106,1063.3585602316043,465
2026-05-09,GS-1,B-108,0.0,0
2026-05-09,GS-1,B-045,0.0,0
2026-05-09,GS-1,B-067,669.5811023947133,495
2026-05-09,GS-1,B-052,0.0,0
2026-05-09,GS-1,B-066,633.7106861949966,510
2026-05-09,GS-1,B-069,0.0,0
2026-05-09,GS-1,B-205,0.0,0
2026-05-09,GS-1,B-077,167.39527559867832,215
2026-05-09,GS-2,B-092,400.1544207168406,570
2026-05-09,GS-2,B-115,0.0,0
2026-05-09,GS-2,B-116,2263.821822382126,549
2026-05-09,GS-2,B-091,2685.498492818797,534
2026-05-09,GS-2,B-090,0.0, 
2026-05-09,GS-2,B-075,0.0,0
2026-05-09,GS-2,B-038,0.0,0
2026-05-09,GS-2,B-46,0.0,0
2026-05-09,GS-2,B-073,0.0,0
2026-05-09,GS-2,B-076,0.0,0
2026-05-09,GS-2,B-137,401.748661436828,505
2026-05-09,GS-3,B-053,4041.4002251680913,510
2026-05-09,GS-3,B-059,0.0,0
2026-05-09,GS-3,B-062,4072.4879192078456,485
2026-05-09,GS-3,B-063,0.0,0
2026-05-09,GS-3,B-065,2161.7904163029316,239
2026-05-09,GS-3,B-101,0.0,0
2026-05-09,GS-3,B-107,0.0,0
2026-05-09,GS-3,B-110,0.0,0
2026-05-09,GS-3,B-129,0.0,0
2026-05-09,GS-3,B-134,57.39266591954686,295
2026-05-09,GS-4,BN-033,155.43847019877273,483
2026-05-09,GS-4,BN-037,0.0,0
2026-05-09,GS-4,BN-040,119.56805399905595,290
2026-05-09,GS-4,BN-041,155.43847019877273,535
2026-05-09,GS-4,BN-042,836.9763779933917,560
2026-05-09,GS-4,BN-043,203.26569179839512,535
2026-05-09,GS-4,BN-046,0.0,0
2026-05-09,GS-4,BN-049,518.1282339959091,540
2026-05-09,GS-4,B-226,0.0,0
2026-05-09,PLTG,B-120,3846.105736969633,580
2026-05-09,PLTG,B-047,7182.851563903288,470
2026-05-09,PLTG,B-133,1602.2119235873497,585
2026-05-09,MGS,B-32,0.0,0
2026-05-10,GS-1,B-050,2114.9047321372755,460
2026-05-10,GS-1,B-061,544.3358129649309,495
2026-05-10,GS-1,B-031,0.0,0
2026-05-10,GS-1,B-074,954.1886603738201,445
2026-05-10,GS-1,B-020,0.0,0
2026-05-10,GS-1,B-023,1133.499281115209,500
2026-05-10,GS-1,B-049,84.05185347252609,500
2026-05-10,GS-1,B-057,0.0,0
2026-05-10,GS-1,B-078,160.09876851909732,435
2026-05-10,GS-1,B-079,202.5249421766581,436
2026-05-10,GS-1,B-106,1067.858786022379,465
2026-05-10,GS-1,B-108,0.0,0
2026-05-10,GS-1,B-045,0.0,0
2026-05-10,GS-1,B-067,672.4148277802087,495
2026-05-10,GS-1,B-052,0.0,0
2026-05-10,GS-1,B-066,636.3926048634119,510
2026-05-10,GS-1,B-069,0.0,0
2026-05-10,GS-1,B-205,0.0,0
2026-05-10,GS-1,B-077,168.10370694505218,215
2026-05-10,GS-2,B-092,401.84790898293426,570
2026-05-10,GS-2,B-115,0.0,0
2026-05-10,GS-2,B-116,2273.402512971182,549
2026-05-10,GS-2,B-091,2696.8637557041943,534
2026-05-10,GS-2,B-090,0.0, 
2026-05-10,GS-2,B-075,0.0,0
2026-05-10,GS-2,B-038,0.0,0
2026-05-10,GS-2,B-46,0.0,0
2026-05-10,GS-2,B-073,0.0,0
2026-05-10,GS-2,B-076,0.0,0
2026-05-10,GS-2,B-137,403.44889666812526,505
2026-05-10,GS-3,B-053,4058.503781959117,510
2026-05-10,GS-3,B-059,0.0,0
2026-05-10,GS-3,B-062,4089.723041820341,485
2026-05-10,GS-3,B-063,0.0,0
2026-05-10,GS-3,B-065,2170.9393011189595,239
2026-05-10,GS-3,B-101,0.0,0
2026-05-10,GS-3,B-107,0.0,0
2026-05-10,GS-3,B-110,0.0,0
2026-05-10,GS-3,B-129,0.0,0
2026-05-10,GS-3,B-134,57.63555666687503,295
2026-05-10,GS-4,BN-033,156.0962993061199,483
2026-05-10,GS-4,BN-037,0.0,0
2026-05-10,GS-4,BN-040,120.074076389323,290
2026-05-10,GS-4,BN-041,0.0,0
2026-05-10,GS-4,BN-042,840.5185347252609,560
2026-05-10,GS-4,BN-043,204.12592986184907,535
2026-05-10,GS-4,BN-046,0.0,0
2026-05-10,GS-4,BN-049,520.3209976870663,540
2026-05-10,GS-4,B-226,0.0,0
2026-05-10,PLTG,B-120,3862.382790523223,580
2026-05-10,PLTG,B-047,7213.25001562793,470
2026-05-10,PLTG,B-133,1608.992623616928,585
2026-05-10,MGS,B-32,0.0,0
2026-05-11,GS-1,B-050,2094.0,460
2026-05-11,GS-1,B-061,539.0,495
2026-05-11,GS-1,B-031,0.0,0
2026-05-11,GS-1,B-074,945.0,445
2026-05-11,GS-1,B-020,0.0,0
2026-05-11,GS-1,B-023,1122.0,500
2026-05-11,GS-1,B-049,83.0,500
2026-05-11,GS-1,B-057,0.0,0
2026-05-11,GS-1,B-078,159.0,435
2026-05-11,GS-1,B-079,201.0,436
2026-05-11,GS-1,B-106,1057.0,465
2026-05-11,GS-1,B-108,0.0,0
2026-05-11,GS-1,B-045,0.0,0
2026-05-11,GS-1,B-067,666.0,495
2026-05-11,GS-1,B-052,0.0,0
2026-05-11,GS-1,B-066,630.0,510
2026-05-11,GS-1,B-069,0.0,0
2026-05-11,GS-1,B-205,0.0,0
2026-05-11,GS-1,B-077,166.0,215
2026-05-11,GS-2,B-092,398.0,570
2026-05-11,GS-2,B-115,0.0,0
2026-05-11,GS-2,B-116,2251.0,549
2026-05-11,GS-2,B-091,2670.0,534
2026-05-11,GS-2,B-090,0.0, 
2026-05-11,GS-2,B-075,0.0,0
2026-05-11,GS-2,B-038,0.0,0
2026-05-11,GS-2,B-46,0.0,0
2026-05-11,GS-2,B-073,0.0,0
2026-05-11,GS-2,B-076,0.0,0
2026-05-11,GS-2,B-137,399.0,505
2026-05-11,GS-3,B-053,4018.0,510
2026-05-11,GS-3,B-059,0.0,0
2026-05-11,GS-3,B-062,4049.0,485
2026-05-11,GS-3,B-063,0.0,0
2026-05-11,GS-3,B-065,2149.0,239
2026-05-11,GS-3,B-101,0.0,0
2026-05-11,GS-3,B-107,0.0,0
2026-05-11,GS-3,B-110,0.0,0
2026-05-11,GS-3,B-129,0.0,0
2026-05-11,GS-3,B-134,57.0,295
2026-05-11,GS-4,BN-033,155.0,483
2026-05-11,GS-4,BN-037,0.0,0
2026-05-11,GS-4,BN-040,119.0,290
2026-05-11,GS-4,BN-041,155.0,451
2026-05-11,GS-4,BN-042,832.0,560
2026-05-11,GS-4,BN-043,202.0,535
2026-05-11,GS-4,BN-046,0.0,0
2026-05-11,GS-4,BN-049,515.0,540
2026-05-11,GS-4,B-226,0.0,0
2026-05-11,PLTG,B-120,3824.0,580
2026-05-11,PLTG,B-047,7141.0,470
2026-05-11,PLTG,B-133,1593.0,585
2026-05-11,MGS,B-32,0.0,0
2026-05-12,GS-1,B-050,2029.0,460
2026-05-12,GS-1,B-061,522.0,495
2026-05-12,GS-1,B-031,0.0,0
2026-05-12,GS-1,B-074,915.0,445
2026-05-12,GS-1,B-020,0.0,0
2026-05-12,GS-1,B-023,1087.0,500
2026-05-12,GS-1,B-049,81.0,500
2026-05-12,GS-1,B-057,0.0,0
2026-05-12,GS-1,B-078,154.0,435
2026-05-12,GS-1,B-079,194.0,436
2026-05-12,GS-1,B-106,1024.0,465
2026-05-12,GS-1,B-108,0.0,0
2026-05-12,GS-1,B-045,0.0,0
2026-05-12,GS-1,B-067,645.0,495
2026-05-12,GS-1,B-052,0.0,0
2026-05-12,GS-1,B-066,610.0,510
2026-05-12,GS-1,B-069,0.0,0
2026-05-12,GS-1,B-205,0.0,0
2026-05-12,GS-1,B-077,161.0,215
2026-05-12,GS-2,B-092,385.0,570
2026-05-12,GS-2,B-115,0.0,0
2026-05-12,GS-2,B-116,2181.0,549
2026-05-12,GS-2,B-091,2587.0,534
2026-05-12,GS-2,B-090,0.0, 
2026-05-12,GS-2,B-075,0.0,0
2026-05-12,GS-2,B-038,0.0,0
2026-05-12,GS-2,B-46,0.0,0
2026-05-12,GS-2,B-073,0.0,0
2026-05-12,GS-2,B-076,0.0,0
2026-05-12,GS-2,B-137,387.0,505
2026-05-12,GS-3,B-053,3893.0,510
2026-05-12,GS-3,B-059,0.0,0
2026-05-12,GS-3,B-062,3923.0,485
2026-05-12,GS-3,B-063,0.0,0
2026-05-12,GS-3,B-065,2082.0,239
2026-05-12,GS-3,B-101,0.0,0
2026-05-12,GS-3,B-107,0.0,0
2026-05-12,GS-3,B-110,0.0,0
2026-05-12,GS-3,B-129,0.0,0
2026-05-12,GS-3,B-134,55.0,295
2026-05-12,GS-4,BN-033,150.0,483
2026-05-12,GS-4,BN-037,0.0,0
2026-05-12,GS-4,BN-040,115.0,290
2026-05-12,GS-4,BN-041,150.0,451
2026-05-12,GS-4,BN-042,806.0,560
2026-05-12,GS-4,BN-043,196.0,535
2026-05-12,GS-4,BN-046,0.0,0
2026-05-12,GS-4,BN-049,499.0,540
2026-05-12,GS-4,B-226,0.0,0
2026-05-12,PLTG,B-120,3705.0,580
2026-05-12,PLTG,B-047,6919.0,470
2026-05-12,PLTG,B-133,1543.0,585
2026-05-12,MGS,B-32,0.0,0
2026-05-13,GS-1,B-050,2089.0,460
2026-05-13,GS-1,B-061,538.0,495
2026-05-13,GS-1,B-031,0.0,0
2026-05-13,GS-1,B-074,943.0,445
2026-05-13,GS-1,B-020,0.0,0
2026-05-13,GS-1,B-023,1120.0,500
2026-05-13,GS-1,B-049,83.0,500
2026-05-13,GS-1,B-057,0.0,0
2026-05-13,GS-1,B-078,158.0,435
2026-05-13,GS-1,B-079,200.0,436
2026-05-13,GS-1,B-106,1055.0,465
2026-05-13,GS-1,B-108,0.0,0
2026-05-13,GS-1,B-045,0.0,0
2026-05-13,GS-1,B-067,664.0,495
2026-05-13,GS-1,B-052,0.0,0
2026-05-13,GS-1,B-066,629.0,510
2026-05-13,GS-1,B-069,0.0,0
2026-05-13,GS-1,B-205,0.0,0
2026-05-13,GS-1,B-077,166.0,215
2026-05-13,GS-2,B-092,397.0,570
2026-05-13,GS-2,B-115,0.0,0
2026-05-13,GS-2,B-116,2246.0,549
2026-05-13,GS-2,B-091,2664.0,534
2026-05-13,GS-2,B-090,0.0, 
2026-05-13,GS-2,B-075,0.0,0
2026-05-13,GS-2,B-038,0.0,0
2026-05-13,GS-2,B-46,0.0,0
2026-05-13,GS-2,B-073,0.0,0
2026-05-13,GS-2,B-076,0.0,0
2026-05-13,GS-2,B-137,399.0,505
2026-05-13,GS-3,B-053,4010.0,510
2026-05-13,GS-3,B-059,0.0,0
2026-05-13,GS-3,B-062,4041.0,485
2026-05-13,GS-3,B-063,0.0,0
2026-05-13,GS-3,B-065,2145.0,239
2026-05-13,GS-3,B-101,0.0,0
2026-05-13,GS-3,B-107,0.0,0
2026-05-13,GS-3,B-110,0.0,0
2026-05-13,GS-3,B-129,0.0,0
2026-05-13,GS-3,B-134,57.0,295
2026-05-13,GS-4,BN-033,154.0,483
2026-05-13,GS-4,BN-037,0.0,0
2026-05-13,GS-4,BN-040,119.0,290
2026-05-13,GS-4,BN-041,154.0,451
2026-05-13,GS-4,BN-042,830.0,560
2026-05-13,GS-4,BN-043,202.0,535
2026-05-13,GS-4,BN-046,0.0,0
2026-05-13,GS-4,BN-049,514.0,540
2026-05-13,GS-4,B-226,0.0,0
2026-05-13,PLTG,B-120,3816.0,580
2026-05-13,PLTG,B-047,7127.0,470
2026-05-13,PLTG,B-133,1590.0,585
2026-05-13,MGS,B-32,0.0,0
2026-05-14,GS-1,B-050,2057.641771815318,460
2026-05-14,GS-1,B-061,529.5974280221106,495
2026-05-14,GS-1,B-031,0.0,0
2026-05-14,GS-1,B-074,928.3531385328763,445
2026-05-14,GS-1,B-020,0.0,0
2026-05-14,GS-1,B-023,1102.8087618813363,500
2026-05-14,GS-1,B-049,81.77607344459061,500
2026-05-14,GS-1,B-057,0.0,0
2026-05-14,GS-1,B-078,155.76394941826783,435
2026-05-14,GS-1,B-079,197.0413960141088,436
2026-05-14,GS-1,B-106,1038.9455426198465,465
2026-05-14,GS-1,B-108,0.0,0
2026-05-14,GS-1,B-045,0.0,0
2026-05-14,GS-1,B-067,654.2085875567249,495
2026-05-14,GS-1,B-052,0.0,0
2026-05-14,GS-1,B-066,619.1616989376147,510
2026-05-14,GS-1,B-069,0.0,0
2026-05-14,GS-1,B-205,0.0,0
2026-05-14,GS-1,B-077,163.55214688918122,215
2026-05-14,GS-2,B-092,390.96751303985224,570
2026-05-14,GS-2,B-115,0.0,0
2026-05-14,GS-2,B-116,2211.8480817394034,549
2026-05-14,GS-2,B-091,2623.8437279507216,534
2026-05-14,GS-2,B-090,0.0, 
2026-05-14,GS-2,B-075,0.0,0
2026-05-14,GS-2,B-038,0.0,0
2026-05-14,GS-2,B-46,0.0,0
2026-05-14,GS-2,B-073,0.0,0
2026-05-14,GS-2,B-076,0.0,0
2026-05-14,GS-2,B-137,392.52515253403493,505
2026-05-14,GS-3,B-053,3948.6161177530894,510
2026-05-14,GS-3,B-059,0.0,0
2026-05-14,GS-3,B-062,3978.990087889652,485
2026-05-14,GS-3,B-063,0.0,0
2026-05-14,GS-3,B-065,2112.159154111712,239
2026-05-14,GS-3,B-101,0.0,0
2026-05-14,GS-3,B-107,0.0,0
2026-05-14,GS-3,B-110,0.0,0
2026-05-14,GS-3,B-129,0.0,0
2026-05-14,GS-3,B-134,56.07502179057642,295
2026-05-14,GS-4,BN-033,151.86985068281115,483
2026-05-14,GS-4,BN-037,0.0,0
2026-05-14,GS-4,BN-040,116.82296206370087,290
2026-05-14,GS-4,BN-041,151.86985068281115,451
2026-05-14,GS-4,BN-042,817.7607344459061,560
2026-05-14,GS-4,BN-043,198.59903550829148,535
2026-05-14,GS-4,BN-046,0.0,0
2026-05-14,GS-4,BN-049,506.23283560937045,540
2026-05-14,GS-4,B-226,0.0,0
2026-05-14,PLTG,B-120,3757.8052797157115,580
2026-05-14,PLTG,B-047,7017.944741040057,470
2026-05-14,PLTG,B-133,1565.4276916535916,585
2026-05-14,MGS,B-32,0.0,0
2026-05-15,GS-1,B-050,1976.6613227924863,460
2026-05-15,GS-1,B-061,508.75461752418266,495
2026-05-15,GS-1,B-031,0.0,0
2026-05-15,GS-1,B-074,891.8169177776849,445
2026-05-15,GS-1,B-020,0.0,0
2026-05-15,GS-1,B-023,1059.4066741385923,500
2026-05-15,GS-1,B-049,78.55769829417527,500
2026-05-15,GS-1,B-057,0.0,0
2026-05-15,GS-1,B-078,149.63371103652432,435
2026-05-15,GS-1,B-079,189.28664446120325,436
2026-05-15,GS-1,B-106,998.0568526136173,465
2026-05-15,GS-1,B-108,0.0,0
2026-05-15,GS-1,B-045,0.0,0
2026-05-15,GS-1,B-067,628.4615863534021,495
2026-05-15,GS-1,B-052,0.0,0
2026-05-15,GS-1,B-066,594.7940013701842,510
2026-05-15,GS-1,B-069,0.0,0
2026-05-15,GS-1,B-205,0.0,0
2026-05-15,GS-1,B-077,157.11539658835054,215
2026-05-15,GS-2,B-092,375.58061470167604,570
2026-05-15,GS-2,B-115,0.0,0
2026-05-15,GS-2,B-116,2124.7986967186453,549
2026-05-15,GS-2,B-091,2520.579862410252,534
2026-05-15,GS-2,B-090,0.0,0
2026-05-15,GS-2,B-075,0.0,0
2026-05-15,GS-2,B-038,0.0,0
2026-05-15,GS-2,B-46,0.0,0
2026-05-15,GS-2,B-073,0.0,0
2026-05-15,GS-2,B-076,0.0,0
2026-05-15,GS-2,B-137,377.0769518120413,505
2026-05-15,GS-3,B-053,3793.2145747758914,510
2026-05-15,GS-3,B-059,0.0,0
2026-05-15,GS-3,B-062,3822.393148428014,485
2026-05-15,GS-3,B-063,0.0,0
2026-05-15,GS-3,B-065,2029.0331216552697,239
2026-05-15,GS-3,B-101,0.0,0
2026-05-15,GS-3,B-107,0.0,0
2026-05-15,GS-3,B-110,0.0,0
2026-05-15,GS-3,B-129,0.0,0
2026-05-15,GS-3,B-134,53.86813597314875,295
2026-05-15,GS-4,BN-033,145.8928682606112,483
2026-05-15,GS-4,BN-037,0.0,0
2026-05-15,GS-4,BN-040,112.22528327739325,290
2026-05-15,GS-4,BN-041,145.8928682606112,451
2026-05-15,GS-4,BN-042,785.5769829417527,560
2026-05-15,GS-4,BN-043,190.7829815715685,535
2026-05-15,GS-4,BN-046,0.0,0
2026-05-15,GS-4,BN-049,486.309560868704,540
2026-05-15,GS-4,B-226,0.0,0
2026-05-15,PLTG,B-120,3609.9132787561493,580
2026-05-15,PLTG,B-047,6741.746850750603,470
2026-05-15,PLTG,B-133,1503.8187959170693,585
2026-05-15,MGS,B-32,0.0,0
2026-05-16,GS-1,B-050,2052.353038226871,460
2026-05-16,GS-1,B-061,528.236209687461,495
2026-05-16,GS-1,B-031,0.0,0
2026-05-16,GS-1,B-074,925.9670028639024,445
2026-05-16,GS-1,B-020,0.0,0
2026-05-16,GS-1,B-023,1099.9742248785954,500
2026-05-16,GS-1,B-049,81.56588531938738,500
2026-05-16,GS-1,B-057,0.0,0
2026-05-16,GS-1,B-078,155.36359108454738,435
2026-05-16,GS-1,B-079,196.53494272195243,436
2026-05-16,GS-1,B-106,1036.275152533931,465
2026-05-16,GS-1,B-108,0.0,0
2026-05-16,GS-1,B-045,0.0,0
2026-05-16,GS-1,B-067,652.527082555099,495
2026-05-16,GS-1,B-052,0.0,0
2026-05-16,GS-1,B-066,617.5702745610758,510
2026-05-16,GS-1,B-069,0.0,0
2026-05-16,GS-1,B-205,0.0,0
2026-05-16,GS-1,B-077,163.13177063877475,215
2026-05-16,GS-2,B-092,389.96261362221395,570
2026-05-16,GS-2,B-115,0.0,0
2026-05-16,GS-2,B-116,2206.1629934005728,549
2026-05-16,GS-2,B-091,2617.0996918192004,534
2026-05-16,GS-2,B-090,0.0, 
2026-05-16,GS-2,B-075,0.0,0
2026-05-16,GS-2,B-038,0.0,0
2026-05-16,GS-2,B-46,0.0,0
2026-05-16,GS-2,B-073,0.0,0
2026-05-16,GS-2,B-076,0.0,0
2026-05-16,GS-2,B-137,391.5162495330594,505
2026-05-16,GS-3,B-053,3938.467033993276,510
2026-05-16,GS-3,B-059,0.0,0
2026-05-16,GS-3,B-062,3968.762934254763,485
2026-05-16,GS-3,B-063,0.0,0
2026-05-16,GS-3,B-065,2106.7302951064626,239
2026-05-16,GS-3,B-101,0.0,0
2026-05-16,GS-3,B-107,0.0,0
2026-05-16,GS-3,B-110,0.0,0
2026-05-16,GS-3,B-129,0.0,0
2026-05-16,GS-3,B-134,55.930892790437056,295
2026-05-16,GS-4,BN-033,151.4795013074337,483
2026-05-16,GS-4,BN-037,0.0,0
2026-05-16,GS-4,BN-040,116.52269331341054,290
2026-05-16,GS-4,BN-041,151.4795013074337,451
2026-05-16,GS-4,BN-042,815.6588531938737,560
2026-05-16,GS-4,BN-043,198.08857863279792,535
2026-05-16,GS-4,BN-046,0.0,0
2026-05-16,GS-4,BN-049,504.931671024779,540
2026-05-16,GS-4,B-226,0.0,0
2026-05-16,PLTG,B-120,3748.1466349147054,580
2026-05-16,PLTG,B-047,6999.906596314282,470
2026-05-16,PLTG,B-133,1561.404090399701,585
2026-05-16,MGS,B-32,0.0,0
2026-05-17,GS-1,B-050,2095.2043453125048,460
2026-05-17,GS-1,B-061,539.2653121924691,495
2026-05-17,GS-1,B-031,0.0,0
2026-05-17,GS-1,B-074,945.3003707844457,445
2026-05-17,GS-1,B-020,0.0,0
2026-05-17,GS-1,B-023,1122.9407089184356,500
2026-05-17,GS-1,B-049,83.26890850030772,500
2026-05-17,GS-1,B-057,0.0,0
2026-05-17,GS-1,B-078,158.6074447624909,435
2026-05-17,GS-1,B-079,200.63841762455098,436
2026-05-17,GS-1,B-106,1057.9116565658142,465
2026-05-17,GS-1,B-108,0.0,0
2026-05-17,GS-1,B-045,0.0,0
2026-05-17,GS-1,B-067,666.1512680024617,495
2026-05-17,GS-1,B-052,0.0,0
2026-05-17,GS-1,B-066,630.4645929309013,510
2026-05-17,GS-1,B-069,0.0,0
2026-05-17,GS-1,B-205,0.0,0
2026-05-17,GS-1,B-077,166.53781700061543,215
2026-05-17,GS-2,B-092,398.1046863538521,570
2026-05-17,GS-2,B-115,0.0,0
2026-05-17,GS-2,B-116,2252.225715627371,549
2026-05-17,GS-2,B-091,2671.742407024159,534
2026-05-17,GS-2,B-090,0.0, 
2026-05-17,GS-2,B-075,0.0,0
2026-05-17,GS-2,B-038,0.0,0
2026-05-17,GS-2,B-46,0.0,0
2026-05-17,GS-2,B-073,0.0,0
2026-05-17,GS-2,B-076,0.0,0
2026-05-17,GS-2,B-137,399.69076080147704,505
2026-05-17,GS-3,B-053,4020.698724729144,510
2026-05-17,GS-3,B-059,0.0,0
2026-05-17,GS-3,B-062,4051.6271764578296,485
2026-05-17,GS-3,B-063,0.0,0
2026-05-17,GS-3,B-065,2150.7169509793766,239
2026-05-17,GS-3,B-101,0.0,0
2026-05-17,GS-3,B-107,0.0,0
2026-05-17,GS-3,B-110,0.0,0
2026-05-17,GS-3,B-129,0.0,0
2026-05-17,GS-3,B-134,57.09868011449672,295
2026-05-17,GS-4,BN-033,154.64225864342862,483
2026-05-17,GS-4,BN-037,0.0,0
2026-05-17,GS-4,BN-040,118.95558357186816,290
2026-05-17,GS-4,BN-041,154.64225864342862,451
2026-05-17,GS-4,BN-042,832.6890850030771,560
2026-05-17,GS-4,BN-043,202.22449207217588,535
2026-05-17,GS-4,BN-046,0.0,0
2026-05-17,GS-4,BN-049,515.4741954780953,540
2026-05-17,GS-4,B-226,0.0,0
2026-05-17,PLTG,B-120,3826.4046048950927,580
2026-05-17,PLTG,B-047,7146.058423774027,470
2026-05-17,PLTG,B-133,1594.0048198630334,585
2026-05-17,MGS,B-32,0.0,0
2026-05-18,GS-1,B-050,2118.088684127876,460
2026-05-18,GS-1,B-061,545.1553009867357,495
2026-05-18,GS-1,B-031,0.0,0
2026-05-18,GS-1,B-074,955.625174670866,445
2026-05-18,GS-1,B-020,0.0,0
2026-05-18,GS-1,B-023,1135.2057444076731,500
2026-05-18,GS-1,B-049,84.1783920641283,500
2026-05-18,GS-1,B-057,0.0,0
2026-05-18,GS-1,B-078,160.33979440786342,435
2026-05-18,GS-1,B-079,202.82983992594725,436
2026-05-18,GS-1,B-106,1069.4664287004491,465
2026-05-18,GS-1,B-108,0.0,0
2026-05-18,GS-1,B-045,0.0,0
2026-05-18,GS-1,B-067,673.4271365130264,495
2026-05-18,GS-1,B-052,0.0,0
2026-05-18,GS-1,B-066,637.3506827712572,510
2026-05-18,GS-1,B-069,0.0,0
2026-05-18,GS-1,B-205,0.0,0
2026-05-18,GS-1,B-077,168.3567841282566,215
2026-05-18,GS-2,B-092,402.45288396373724,570
2026-05-18,GS-2,B-115,0.0,0
2026-05-18,GS-2,B-116,2276.825080591661,549
2026-05-18,GS-2,B-091,2700.9238368004594,534
2026-05-18,GS-2,B-090,0.0, 
2026-05-18,GS-2,B-075,0.0,0
2026-05-18,GS-2,B-038,0.0,0
2026-05-18,GS-2,B-46,0.0,0
2026-05-18,GS-2,B-073,0.0,0
2026-05-18,GS-2,B-076,0.0,0
2026-05-18,GS-2,B-137,404.05628190781584,505
2026-05-18,GS-3,B-053,4064.613788239338,510
2026-05-18,GS-3,B-059,0.0,0
2026-05-18,GS-3,B-062,4095.8800481488715,485
2026-05-18,GS-3,B-063,0.0,0
2026-05-18,GS-3,B-065,2174.207612170628,239
2026-05-18,GS-3,B-101,0.0,0
2026-05-18,GS-3,B-107,0.0,0
2026-05-18,GS-3,B-110,0.0,0
2026-05-18,GS-3,B-129,0.0,0
2026-05-18,GS-3,B-134,57.72232598683084,295
2026-05-18,GS-4,BN-033,156.33129954766684,483
2026-05-18,GS-4,BN-037,0.0,0
2026-05-18,GS-4,BN-040,120.25484580589757,290
2026-05-18,GS-4,BN-041,156.33129954766684,451
2026-05-18,GS-4,BN-042,841.783920641283,560
2026-05-18,GS-4,BN-043,204.4332378700259,535
2026-05-18,GS-4,BN-046,0.0,0
2026-05-18,GS-4,BN-049,521.1043318255562,540
2026-05-18,GS-4,B-226,0.0,0
2026-05-18,PLTG,B-120,3868.1975400897054,580
2026-05-18,PLTG,B-047,7224.109437046287,470
2026-05-18,PLTG,B-133,1611.4149337990275,585
2026-05-18,MGS,B-32,0.0,0
2026-05-19,GS-1,B-050,2125.04057021986,460
2026-05-19,GS-1,B-061,546.944582796936,495
2026-05-19,GS-1,B-031,0.0,0
2026-05-19,GS-1,B-074,958.761680432276,445
2026-05-19,GS-1,B-020,0.0,0
2026-05-19,GS-1,B-023,1138.9316606477373,500
2026-05-19,GS-1,B-049,84.45467822599747,500
2026-05-19,GS-1,B-057,0.0,0
2026-05-19,GS-1,B-078,160.8660537638047,435
2026-05-19,GS-1,B-079,203.49555801121295,436
2026-05-19,GS-1,B-106,1072.9765786045773,465
2026-05-19,GS-1,B-108,0.0,0
2026-05-19,GS-1,B-045,0.0,0
2026-05-19,GS-1,B-067,675.6374258079798,495
2026-05-19,GS-1,B-052,0.0,0
2026-05-19,GS-1,B-066,639.4425637111236,510
2026-05-19,GS-1,B-069,0.0,0
2026-05-19,GS-1,B-205,0.0,0
2026-05-19,GS-1,B-077,168.90935645199494,215
2026-05-19,GS-2,B-092,403.7737949471498,570
2026-05-19,GS-2,B-115,0.0,0
2026-05-19,GS-2,B-116,2284.2979634460266,549
2026-05-19,GS-2,B-091,2709.7886756512903,534
2026-05-19,GS-2,B-090,0.0, 
2026-05-19,GS-2,B-075,0.0,0
2026-05-19,GS-2,B-038,0.0,0
2026-05-19,GS-2,B-46,0.0,0
2026-05-19,GS-2,B-073,0.0,0
2026-05-19,GS-2,B-076,0.0,0
2026-05-19,GS-2,B-137,405.38245548478784,505
2026-05-19,GS-3,B-053,4077.954462912449,510
2026-05-19,GS-3,B-059,0.0,0
2026-05-19,GS-3,B-062,4109.323343396391,485
2026-05-19,GS-3,B-063,0.0,0
2026-05-19,GS-3,B-065,2181.343689037192,239
2026-05-19,GS-3,B-101,0.0,0
2026-05-19,GS-3,B-107,0.0,0
2026-05-19,GS-3,B-110,0.0,0
2026-05-19,GS-3,B-129,0.0,0
2026-05-19,GS-3,B-134,57.91177935496969,295
2026-05-19,GS-4,BN-033,156.84440241970958,483
2026-05-19,GS-4,BN-037,0.0,0
2026-05-19,GS-4,BN-040,120.64954032285353,290
2026-05-19,GS-4,BN-041,156.84440241970958,451
2026-05-19,GS-4,BN-042,844.5467822599746,560
2026-05-19,GS-4,BN-043,205.10421854885098,535
2026-05-19,GS-4,BN-046,0.0,0
2026-05-19,GS-4,BN-049,522.8146747323652,540
2026-05-19,GS-4,B-226,0.0,0
2026-05-19,PLTG,B-120,3880.893547051788,580
2026-05-19,PLTG,B-047,7247.82005232822,470
2026-05-19,PLTG,B-133,1616.7038403262372,585
2026-05-19,MGS,B-32,0.0,0
2026-05-20,GS-1,B-050,2120.8004451500437,460
2026-05-20,GS-1,B-061,545.8532561324866,495
2026-05-20,GS-1,B-031,0.0,0
2026-05-20,GS-1,B-074,956.8486489851824,445
2026-05-20,GS-1,B-020,0.0,0
2026-05-20,GS-1,B-023,1136.6591333582369,500
2026-05-20,GS-1,B-049,84.28616454986926,500
2026-05-20,GS-1,B-057,0.0,0
2026-05-20,GS-1,B-078,160.5450753330843,435
2026-05-20,GS-1,B-079,203.08952029635165,436
2026-05-20,GS-1,B-106,1070.8356524716723,465
2026-05-20,GS-1,B-108,0.0,0
2026-05-20,GS-1,B-045,0.0,0
2026-05-20,GS-1,B-067,674.289316398954,495
2026-05-20,GS-1,B-052,0.0,0
2026-05-20,GS-1,B-066,638.1666744490101,510
2026-05-20,GS-1,B-069,0.0,0
2026-05-20,GS-1,B-205,0.0,0
2026-05-20,GS-1,B-077,168.5723290997385,215
2026-05-20,GS-2,B-092,402.9681390860416,570
2026-05-20,GS-2,B-115,0.0,0
2026-05-20,GS-2,B-116,2279.740069729797,549
2026-05-20,GS-2,B-091,2704.381793985805,534
2026-05-20,GS-2,B-090,0.0, 
2026-05-20,GS-2,B-075,0.0,0
2026-05-20,GS-2,B-038,0.0,0
2026-05-20,GS-2,B-46,0.0,0
2026-05-20,GS-2,B-073,0.0,0
2026-05-20,GS-2,B-076,0.0,0
2026-05-20,GS-2,B-137,404.57358983937246,505
2026-05-20,GS-3,B-053,4069.8176596936873,510
2026-05-20,GS-3,B-059,0.0,0
2026-05-20,GS-3,B-062,4101.123949383638,485
2026-05-20,GS-3,B-063,0.0,0
2026-05-20,GS-3,B-065,2176.991221516623,239
2026-05-20,GS-3,B-101,0.0,0
2026-05-20,GS-3,B-107,0.0,0
2026-05-20,GS-3,B-110,0.0,0
2026-05-20,GS-3,B-129,0.0,0
2026-05-20,GS-3,B-134,57.79622711991035,295
2026-05-20,GS-4,BN-033,156.5314484497572,483
2026-05-20,GS-4,BN-037,0.0,0
2026-05-20,GS-4,BN-040,120.40880649981324,290
2026-05-20,GS-4,BN-041,156.5314484497572,451
2026-05-20,GS-4,BN-042,842.8616454986926,560
2026-05-20,GS-4,BN-043,204.6949710496825,535
2026-05-20,GS-4,BN-046,0.0,0
2026-05-20,GS-4,BN-049,521.771494832524,540
2026-05-20,GS-4,B-226,0.0,0
2026-05-20,PLTG,B-120,3873.149942410659,580
2026-05-20,PLTG,B-047,7233.358369132114,470
2026-05-20,PLTG,B-133,1613.4780070974973,585
2026-05-20,MGS,B-32,0.0,0
2026-05-21,GS-1,B-050,2110.9289039698856,460
2026-05-21,GS-1,B-061,543.3125112413029,495
2026-05-21,GS-1,B-031,0.0,0
2026-05-21,GS-1,B-074,952.3948726465193,445
2026-05-21,GS-1,B-020,0.0,0
2026-05-21,GS-1,B-023,1131.3684057613013,500
2026-05-21,GS-1,B-049,83.89384364755412,500
2026-05-21,GS-1,B-057,0.0,0
2026-05-21,GS-1,B-078,159.7977974239126,435
2026-05-21,GS-1,B-079,202.14421374124947,436
2026-05-21,GS-1,B-106,1065.8513088174973,465
2026-05-21,GS-1,B-108,0.0,0
2026-05-21,GS-1,B-045,0.0,0
2026-05-21,GS-1,B-067,671.150749180433,495
2026-05-21,GS-1,B-052,0.0,0
2026-05-21,GS-1,B-066,635.1962447600527,510
2026-05-21,GS-1,B-069,0.0,0
2026-05-21,GS-1,B-205,0.0,0
2026-05-21,GS-1,B-077,167.78768729510824,215
2026-05-21,GS-2,B-092,401.09247153402066,570
2026-05-21,GS-2,B-115,0.0,0
2026-05-21,GS-2,B-116,2269.1287234195593,549
2026-05-21,GS-2,B-091,2691.793897605808,534
2026-05-21,GS-2,B-090,0.0, 
2026-05-21,GS-2,B-075,0.0,0
2026-05-21,GS-2,B-038,0.0,0
2026-05-21,GS-2,B-46,0.0,0
2026-05-21,GS-2,B-073,0.0,0
2026-05-21,GS-2,B-076,0.0,0
2026-05-21,GS-2,B-137,402.6904495082598,505
2026-05-21,GS-3,B-053,4050.874164696185,510
2026-05-21,GS-3,B-059,0.0,0
2026-05-21,GS-3,B-062,4082.034735193848,485
2026-05-21,GS-3,B-063,0.0,0
2026-05-21,GS-3,B-065,2166.858133068255,239
2026-05-21,GS-3,B-101,0.0,0
2026-05-21,GS-3,B-107,0.0,0
2026-05-21,GS-3,B-110,0.0,0
2026-05-21,GS-3,B-129,0.0,0
2026-05-21,GS-3,B-134,57.52720707260855,295
2026-05-21,GS-4,BN-033,155.8028524883148,483
2026-05-21,GS-4,BN-037,0.0,0
2026-05-21,GS-4,BN-040,119.84834806793447,290
2026-05-21,GS-4,BN-041,155.8028524883148,451
2026-05-21,GS-4,BN-042,838.9384364755413,560
2026-05-21,GS-4,BN-043,203.7421917154886,535
2026-05-21,GS-4,BN-046,0.0,0
2026-05-21,GS-4,BN-049,519.342841627716,540
2026-05-21,GS-4,B-226,0.0,0
2026-05-21,PLTG,B-120,3855.1218628518923,580
2026-05-21,PLTG,B-047,7199.689762934383,470
2026-05-21,PLTG,B-133,1605.967864110322,585
2026-05-21,MGS,B-32,0.0,0
2026-05-22,GS-1,B-050,2128.3051923778953,460
2026-05-22,GS-1,B-061,547.7848337687241,495
2026-05-22,GS-1,B-031,0.0,0
2026-05-22,GS-1,B-074,960.2345909592927,445
2026-05-22,GS-1,B-020,0.0,0
2026-05-22,GS-1,B-023,1140.6813597301666,500
2026-05-22,GS-1,B-049,84.5844228613471,500
2026-05-22,GS-1,B-057,0.0,0
2026-05-22,GS-1,B-078,161.1131864025659,435
2026-05-22,GS-1,B-079,203.80818079924586,436
2026-05-22,GS-1,B-106,1074.6249533051146,465
2026-05-22,GS-1,B-108,0.0,0
2026-05-22,GS-1,B-045,0.0,0
2026-05-22,GS-1,B-067,676.6753828907767,495
2026-05-22,GS-1,B-052,0.0,0
2026-05-22,GS-1,B-066,640.4249159501994,510
2026-05-22,GS-1,B-069,0.0,0
2026-05-22,GS-1,B-205,0.0,0
2026-05-22,GS-1,B-077,169.1688457226942,215
2026-05-22,GS-2,B-092,404.39409787044036,570
2026-05-22,GS-2,B-115,0.0,0
2026-05-22,GS-2,B-116,2287.807246916436,549
2026-05-22,GS-2,B-091,2713.9516249512226,534
2026-05-22,GS-2,B-090,0.0, 
2026-05-22,GS-2,B-075,0.0,0
2026-05-22,GS-2,B-038,0.0,0
2026-05-22,GS-2,B-46,0.0,0
2026-05-22,GS-2,B-073,0.0,0
2026-05-22,GS-2,B-076,0.0,0
2026-05-22,GS-2,B-137,406.005229734466,505
2026-05-22,GS-3,B-053,4084.2192753050454,510
2026-05-22,GS-3,B-059,0.0,0
2026-05-22,GS-3,B-062,4115.636346653546,485
2026-05-22,GS-3,B-063,0.0,0
2026-05-22,GS-3,B-065,2184.6948076187937,239
2026-05-22,GS-3,B-101,0.0,0
2026-05-22,GS-3,B-107,0.0,0
2026-05-22,GS-3,B-110,0.0,0
2026-05-22,GS-3,B-129,0.0,0
2026-05-22,GS-3,B-134,58.00074710492372,295
2026-05-22,GS-4,BN-033,157.08535674250174,483
2026-05-22,GS-4,BN-037,0.0,0
2026-05-22,GS-4,BN-040,120.83488980192442,290
2026-05-22,GS-4,BN-041,157.08535674250174,451
2026-05-22,GS-4,BN-042,845.8442286134709,560
2026-05-22,GS-4,BN-043,205.4193126632715,535
2026-05-22,GS-4,BN-046,0.0,0
2026-05-22,GS-4,BN-049,523.6178558083392,540
2026-05-22,GS-4,B-226,0.0,0
2026-05-22,PLTG,B-120,3886.855621961902,580
2026-05-22,PLTG,B-047,7258.954613367606,470
2026-05-22,PLTG,B-133,1619.1875233457872,585
2026-05-22,MGS,B-32,0.0,0
2026-05-23,GS-1,B-050,2094.4230291642193,460
2026-05-23,GS-1,B-061,539.0642164389361,495
2026-05-23,GS-1,B-031,0.0,0
2026-05-23,GS-1,B-074,944.9478617576646,445
2026-05-23,GS-1,B-020,0.0,0
2026-05-23,GS-1,B-023,1122.5219565846082,500
2026-05-23,GS-1,B-049,83.23785695012984,500
2026-05-23,GS-1,B-057,0.0,0
2026-05-23,GS-1,B-078,158.54829895262827,435
2026-05-23,GS-1,B-079,200.56359817507476,436
2026-05-23,GS-1,B-106,1057.5171540140307,465
2026-05-23,GS-1,B-108,0.0,0
2026-05-23,GS-1,B-045,0.0,0
2026-05-23,GS-1,B-067,665.9028556010387,495
2026-05-23,GS-1,B-052,0.0,0
2026-05-23,GS-1,B-066,630.2294883366974,510
2026-05-23,GS-1,B-069,0.0,0
2026-05-23,GS-1,B-205,0.0,0
2026-05-23,GS-1,B-077,166.47571390025968,215
2026-05-23,GS-2,B-092,397.956230371097,570
2026-05-23,GS-2,B-115,0.0,0
2026-05-23,GS-2,B-116,2251.3858451273213,549
2026-05-23,GS-2,B-091,2670.746095857023,534
2026-05-23,GS-2,B-090,0.0, 
2026-05-23,GS-2,B-075,0.0,0
2026-05-23,GS-2,B-038,0.0,0
2026-05-23,GS-2,B-46,0.0,0
2026-05-23,GS-2,B-073,0.0,0
2026-05-23,GS-2,B-076,0.0,0
2026-05-23,GS-2,B-137,399.54171336062325,505
2026-05-23,GS-3,B-053,4019.199378449127,510
2026-05-23,GS-3,B-059,0.0,0
2026-05-23,GS-3,B-062,4050.1162967448895,485
2026-05-23,GS-3,B-063,0.0,0
2026-05-23,GS-3,B-065,2149.9149337976396,239
2026-05-23,GS-3,B-101,0.0,0
2026-05-23,GS-3,B-107,0.0,0
2026-05-23,GS-3,B-110,0.0,0
2026-05-23,GS-3,B-129,0.0,0
2026-05-23,GS-3,B-134,57.077387622946176,295
2026-05-23,GS-4,BN-033,154.58459147881257,483
2026-05-23,GS-4,BN-037,0.0,0
2026-05-23,GS-4,BN-040,118.9112242144712,290
2026-05-23,GS-4,BN-041,154.58459147881257,451
2026-05-23,GS-4,BN-042,832.3785695012984,560
2026-05-23,GS-4,BN-043,202.14908116460106,535
2026-05-23,GS-4,BN-046,0.0,0
2026-05-23,GS-4,BN-049,515.2819715960419,540
2026-05-23,GS-4,B-226,0.0,0
2026-05-23,PLTG,B-120,3824.977712232157,580
2026-05-23,PLTG,B-047,7143.393609310667,470
2026-05-23,PLTG,B-133,1593.4104044739142,585
2026-05-23,MGS,B-32,0.0,0
2026-05-24,GS-1,B-050,2100.678127464409,460
2026-05-24,GS-1,B-061,540.674158469265,495
2026-05-24,GS-1,B-031,0.0,0
2026-05-24,GS-1,B-074,947.7699954343585,445
2026-05-24,GS-1,B-020,0.0,0
2026-05-24,GS-1,B-023,1125.874424106587,500
2026-05-24,GS-1,B-049,83.48645094010709,500
2026-05-24,GS-1,B-057,0.0,0
2026-05-24,GS-1,B-078,159.0218113144897,435
2026-05-24,GS-1,B-079,201.16259131282945,436
2026-05-24,GS-1,B-106,1060.6754814676463,465
2026-05-24,GS-1,B-108,0.0,0
2026-05-24,GS-1,B-045,0.0,0
2026-05-24,GS-1,B-067,667.8916075208567,495
2026-05-24,GS-1,B-052,0.0,0
2026-05-24,GS-1,B-066,632.1116999750965,510
2026-05-24,GS-1,B-069,0.0,0
2026-05-24,GS-1,B-205,0.0,0
2026-05-24,GS-1,B-077,166.97290188021418,215
2026-05-24,GS-2,B-092,399.1447463993691,570
2026-05-24,GS-2,B-115,0.0,0
2026-05-24,GS-2,B-116,2258.1097206657537,549
2026-05-24,GS-2,B-091,2678.7224115925787,534
2026-05-24,GS-2,B-090,0.0, 
2026-05-24,GS-2,B-075,0.0,0
2026-05-24,GS-2,B-038,0.0,0
2026-05-24,GS-2,B-46,0.0,0
2026-05-24,GS-2,B-073,0.0,0
2026-05-24,GS-2,B-076,0.0,0
2026-05-24,GS-2,B-137,400.734964512514,505
2026-05-24,GS-3,B-053,4031.202916822314,510
2026-05-24,GS-3,B-059,0.0,0
2026-05-24,GS-3,B-062,4062.2121700286393,485
2026-05-24,GS-3,B-063,0.0,0
2026-05-24,GS-3,B-065,2156.33576142448,239
2026-05-24,GS-3,B-101,0.0,0
2026-05-24,GS-3,B-107,0.0,0
2026-05-24,GS-3,B-110,0.0,0
2026-05-24,GS-3,B-129,0.0,0
2026-05-24,GS-3,B-134,57.247852073216286,295
2026-05-24,GS-4,BN-033,155.04626603162745,483
2026-05-24,GS-4,BN-037,0.0,0
2026-05-24,GS-4,BN-040,119.26635848586727,290
2026-05-24,GS-4,BN-041,155.04626603162745,451
2026-05-24,GS-4,BN-042,834.8645094010709,560
2026-05-24,GS-4,BN-043,202.75280942597436,535
2026-05-24,GS-4,BN-046,0.0,0
2026-05-24,GS-4,BN-049,516.8208867720915,540
2026-05-24,GS-4,B-226,0.0,0
2026-05-24,PLTG,B-120,3836.4011979620636,580
2026-05-24,PLTG,B-047,7164.727708774333,470
2026-05-24,PLTG,B-133,1598.1692037106213,585
2026-05-24,MGS,B-32,0.0,0
2026-05-25,GS-1,B-050,2094.681183331258,460
2026-05-25,GS-1,B-061,539.1306603577802,495
2026-05-25,GS-1,B-031,0.0,0
2026-05-25,GS-1,B-074,945.0643340389324,445
2026-05-25,GS-1,B-020,0.0,0
2026-05-25,GS-1,B-023,1122.6603162744366,500
2026-05-25,GS-1,B-049,83.24811667289254,500
2026-05-25,GS-1,B-057,0.0,0
2026-05-25,GS-1,B-078,158.56784128170008,435
2026-05-25,GS-1,B-079,200.5883192213506,436
2026-05-25,GS-1,B-106,1057.6475013489394,465
2026-05-25,GS-1,B-108,0.0,0
2026-05-25,GS-1,B-045,0.0,0
2026-05-25,GS-1,B-067,665.9849333831403,495
2026-05-25,GS-1,B-052,0.0,0
2026-05-25,GS-1,B-066,630.3071690947578,510
2026-05-25,GS-1,B-069,0.0,0
2026-05-25,GS-1,B-205,0.0,0
2026-05-25,GS-1,B-077,166.49623334578507,215
2026-05-25,GS-2,B-092,398.00528161706717,570
2026-05-25,GS-2,B-115,0.0,0
2026-05-25,GS-2,B-116,2251.663346200141,549
2026-05-25,GS-2,B-091,2671.0752863902376,534
2026-05-25,GS-2,B-090,0.0, 
2026-05-25,GS-2,B-075,0.0,0
2026-05-25,GS-2,B-038,0.0,0
2026-05-25,GS-2,B-46,0.0,0
2026-05-25,GS-2,B-073,0.0,0
2026-05-25,GS-2,B-076,0.0,0
2026-05-25,GS-2,B-137,399.5909600298842,505
2026-05-25,GS-3,B-053,4019.694776491097,510
2026-05-25,GS-3,B-059,0.0,0
2026-05-25,GS-3,B-062,4050.615505541028,485
2026-05-25,GS-3,B-063,0.0,0
2026-05-25,GS-3,B-065,2150.179927779853,239
2026-05-25,GS-3,B-101,0.0,0
2026-05-25,GS-3,B-107,0.0,0
2026-05-25,GS-3,B-110,0.0,0
2026-05-25,GS-3,B-129,0.0,0
2026-05-25,GS-3,B-134,57.08442286141202,295
2026-05-25,GS-4,BN-033,154.60364524965757,483
2026-05-25,GS-4,BN-037,0.0,0
2026-05-25,GS-4,BN-040,118.92588096127506,290
2026-05-25,GS-4,BN-041,154.60364524965757,451
2026-05-25,GS-4,BN-042,832.4811667289254,560
2026-05-25,GS-4,BN-043,202.1739976341676,535
2026-05-25,GS-4,BN-046,0.0,0
2026-05-25,GS-4,BN-049,515.3454841655252,540
2026-05-25,GS-4,B-226,0.0,0
2026-05-25,PLTG,B-120,3825.4491709210142,580
2026-05-25,PLTG,B-047,7144.274088946997,470
2026-05-25,PLTG,B-133,1593.6068048810857,585
2026-05-25,MGS,B-32,0.0,0
2026-05-26,GS-1,B-050,2078.182162177664,460
2026-05-26,GS-1,B-061,534.8841295536757,495
2026-05-26,GS-1,B-031,0.0,0
2026-05-26,GS-1,B-074,937.6204153352669,445
2026-05-26,GS-1,B-020,0.0,0
2026-05-26,GS-1,B-023,1113.817540364713,500
2026-05-26,GS-1,B-049,82.59240235755287,500
2026-05-26,GS-1,B-057,0.0,0
2026-05-26,GS-1,B-078,157.31886163343404,435
2026-05-26,GS-1,B-079,199.00835996629408,436
2026-05-26,GS-1,B-106,1049.316807095005,465
2026-05-26,GS-1,B-108,0.0,0
2026-05-26,GS-1,B-045,0.0,0
2026-05-26,GS-1,B-067,660.739218860423,495
2026-05-26,GS-1,B-052,0.0,0
2026-05-26,GS-1,B-066,625.3424749929003,510
2026-05-26,GS-1,B-069,0.0,0
2026-05-26,GS-1,B-205,0.0,0
2026-05-26,GS-1,B-077,165.18480471510574,215
2026-05-26,GS-2,B-092,394.87034269991943,570
2026-05-26,GS-2,B-115,0.0,0
2026-05-26,GS-2,B-116,2233.9278351947637,549
2026-05-26,GS-2,B-091,2650.0362242151964,534
2026-05-26,GS-2,B-090,0.0, 
2026-05-26,GS-2,B-075,0.0,0
2026-05-26,GS-2,B-038,0.0,0
2026-05-26,GS-2,B-46,0.0,0
2026-05-26,GS-2,B-073,0.0,0
2026-05-26,GS-2,B-076,0.0,0
2026-05-26,GS-2,B-137,396.4435313162538,505
2026-05-26,GS-3,B-053,3988.033142407553,510
2026-05-26,GS-3,B-059,0.0,0
2026-05-26,GS-3,B-062,4018.710320426073,485
2026-05-26,GS-3,B-063,0.0,0
2026-05-26,GS-3,B-065,2133.243763749366,239
2026-05-26,GS-3,B-101,0.0,0
2026-05-26,GS-3,B-107,0.0,0
2026-05-26,GS-3,B-110,0.0,0
2026-05-26,GS-3,B-129,0.0,0
2026-05-26,GS-3,B-134,56.634790188036256,295
2026-05-26,GS-4,BN-033,153.3858900925982,483
2026-05-26,GS-4,BN-037,0.0,0
2026-05-26,GS-4,BN-040,117.98914622507553,290
2026-05-26,GS-4,BN-041,153.3858900925982,451
2026-05-26,GS-4,BN-042,825.9240235755287,560
2026-05-26,GS-4,BN-043,200.58154858262841,535
2026-05-26,GS-4,BN-046,0.0,0
2026-05-26,GS-4,BN-049,511.28630030866066,540
2026-05-26,GS-4,B-226,0.0,0
2026-05-26,PLTG,B-120,3795.3175369065966,580
2026-05-26,PLTG,B-047,7088.001310894371,470
2026-05-26,PLTG,B-133,1581.0545594160121,585
2026-05-26,MGS,B-32,0.0,0
2026-05-27,GS-1,B-050,2006.0908977695028,460
2026-05-27,GS-1,B-061,516.3292242555874,495
2026-05-27,GS-1,B-031,0.0,0
2026-05-27,GS-1,B-074,905.0947578127356,445
2026-05-27,GS-1,B-020,0.0,0
2026-05-27,GS-1,B-023,1075.1796787439878,500
2026-05-27,GS-1,B-049,79.72730668652453,500
2026-05-27,GS-1,B-057,0.0,0
2026-05-27,GS-1,B-078,151.861536545761,435
2026-05-27,GS-1,B-079,192.10484373038767,436
2026-05-27,GS-1,B-106,1012.9164487602259,465
2026-05-27,GS-1,B-108,0.0,0
2026-05-27,GS-1,B-045,0.0,0
2026-05-27,GS-1,B-067,637.8184534921962,495
2026-05-27,GS-1,B-052,0.0,0
2026-05-27,GS-1,B-066,603.6496077694,510
2026-05-27,GS-1,B-069,0.0,0
2026-05-27,GS-1,B-205,0.0,0
2026-05-27,GS-1,B-077,159.45461337304906,215
2026-05-27,GS-2,B-092,381.17245672986013,570
2026-05-27,GS-2,B-115,0.0,0
2026-05-27,GS-2,B-116,2156.433818949806,549
2026-05-27,GS-2,B-091,2558.107583113344,534
2026-05-27,GS-2,B-090,0.0, 
2026-05-27,GS-2,B-075,0.0,0
2026-05-27,GS-2,B-038,0.0,0
2026-05-27,GS-2,B-46,0.0,0
2026-05-27,GS-2,B-073,0.0,0
2026-05-27,GS-2,B-076,0.0,0
2026-05-27,GS-2,B-137,382.69107209531774,505
2026-05-27,GS-3,B-053,3849.689951435041,510
2026-05-27,GS-3,B-059,0.0,0
2026-05-27,GS-3,B-062,3879.3029510614647,485
2026-05-27,GS-3,B-063,0.0,0
2026-05-27,GS-3,B-065,2059.242435560519,239
2026-05-27,GS-3,B-101,0.0,0
2026-05-27,GS-3,B-107,0.0,0
2026-05-27,GS-3,B-110,0.0,0
2026-05-27,GS-3,B-129,0.0,0
2026-05-27,GS-3,B-134,54.67015315647396,295
2026-05-27,GS-4,BN-033,148.06499813211698,483
2026-05-27,GS-4,BN-037,0.0,0
2026-05-27,GS-4,BN-040,113.89615240932075,290
2026-05-27,GS-4,BN-041,148.06499813211698,451
2026-05-27,GS-4,BN-042,797.2730668652453,560
2026-05-27,GS-4,BN-043,193.62345909584528,535
2026-05-27,GS-4,BN-046,0.0,0
2026-05-27,GS-4,BN-049,493.54999377372326,540
2026-05-27,GS-4,B-226,0.0,0
2026-05-27,PLTG,B-120,3663.6595691664843,580
2026-05-27,PLTG,B-047,6842.121529069262,470
2026-05-27,PLTG,B-133,1526.208442284898,585
2026-05-27,MGS,B-32,0.0,0
2026-05-28,GS-1,B-050,2039.1940293861287,460
2026-05-28,GS-1,B-061,524.8493338314033,495
2026-05-28,GS-1,B-031,0.0,0
2026-05-28,GS-1,B-074,920.0300087162246,445
2026-05-28,GS-1,B-020,0.0,0
2026-05-28,GS-1,B-023,1092.921553978334,500
2026-05-28,GS-1,B-049,81.04291184161374,500
2026-05-28,GS-1,B-057,0.0,0
2026-05-28,GS-1,B-078,154.36745112688334,435
2026-05-28,GS-1,B-079,195.2748256755074,436
2026-05-28,GS-1,B-106,1029.6308990163118,465
2026-05-28,GS-1,B-108,0.0,0
2026-05-28,GS-1,B-045,0.0,0
2026-05-28,GS-1,B-067,648.34329473291,495
2026-05-28,GS-1,B-052,0.0,0
2026-05-28,GS-1,B-066,613.6106182293612,510
2026-05-28,GS-1,B-069,0.0,0
2026-05-28,GS-1,B-205,0.0,0
2026-05-28,GS-1,B-077,162.0858236832275,215
2026-05-28,GS-2,B-092,387.46230232847716,570
2026-05-28,GS-2,B-115,0.0,0
2026-05-28,GS-2,B-116,2192.0178060017433,549
2026-05-28,GS-2,B-091,2600.3197142323497,534
2026-05-28,GS-2,B-090,0.0,0
2026-05-28,GS-2,B-075,0.0,0
2026-05-28,GS-2,B-038,0.0,0
2026-05-28,GS-2,B-46,0.0,0
2026-05-28,GS-2,B-073,0.0,0
2026-05-28,GS-2,B-076,0.0,0
2026-05-28,GS-2,B-137,389.005976839746,505
2026-05-28,GS-3,B-053,3913.2148860664925,510
2026-05-28,GS-3,B-059,0.0,0
2026-05-28,GS-3,B-062,3943.3165390362346,485
2026-05-28,GS-3,B-063,0.0,0
2026-05-28,GS-3,B-065,2093.222637280538,239
2026-05-28,GS-3,B-101,0.0,0
2026-05-28,GS-3,B-107,0.0,0
2026-05-28,GS-3,B-110,0.0,0
2026-05-28,GS-3,B-129,0.0,0
2026-05-28,GS-3,B-134,55.572282405677996,295
2026-05-28,GS-4,BN-033,150.50826484871124,483
2026-05-28,GS-4,BN-037,0.0,0
2026-05-28,GS-4,BN-040,115.77558834516249,290
2026-05-28,GS-4,BN-041,150.50826484871124,451
2026-05-28,GS-4,BN-042,810.4291184161375,560
2026-05-28,GS-4,BN-043,196.81850018677625,535
2026-05-28,GS-4,BN-046,0.0,0
2026-05-28,GS-4,BN-049,501.6942161623708,540
2026-05-28,GS-4,B-226,0.0,0
2026-05-28,PLTG,B-120,3724.11475843606,580
2026-05-28,PLTG,B-047,6955.025510521728,470
2026-05-28,PLTG,B-133,1551.3928838251775,585
2026-05-28,MGS,B-32,0.0,0
2026-05-29,GS-1,B-050,2009.063097509944,460
2026-05-29,GS-1,B-061,517.0942113197434,495
2026-05-29,GS-1,B-031,0.0,0
2026-05-29,GS-1,B-074,906.435735136962,445
2026-05-29,GS-1,B-020,0.0,0
2026-05-29,GS-1,B-023,1076.772651806995,500
2026-05-29,GS-1,B-049,79.84542968907803,500
2026-05-29,GS-1,B-057,0.0,0
2026-05-29,GS-1,B-078,152.086532741101,435
2026-05-29,GS-1,B-079,192.38946391749278,436
2026-05-29,GS-1,B-106,1014.4171733831437,465
2026-05-29,GS-1,B-108,0.0,0
2026-05-29,GS-1,B-045,0.0,0
2026-05-29,GS-1,B-067,638.7634375126243,495
2026-05-29,GS-1,B-052,0.0,0
2026-05-29,GS-1,B-066,604.5439676458765,510
2026-05-29,GS-1,B-069,0.0,0
2026-05-29,GS-1,B-205,0.0,0
2026-05-29,GS-1,B-077,159.69085937815606,215
2026-05-29,GS-2,B-092,381.7371971801635,570
2026-05-29,GS-2,B-115,0.0,0
2026-05-29,GS-2,B-116,2159.628764923634,549
2026-05-29,GS-2,B-091,2561.897644023846,534
2026-05-29,GS-2,B-090,0.0, 
2026-05-29,GS-2,B-075,0.0,0
2026-05-29,GS-2,B-038,0.0,0
2026-05-29,GS-2,B-46,0.0,0
2026-05-29,GS-2,B-073,0.0,0
2026-05-29,GS-2,B-076,0.0,0
2026-05-29,GS-2,B-137,383.2580625075745,505
2026-05-29,GS-3,B-053,3855.3936049869103,510
2026-05-29,GS-3,B-059,0.0,0
2026-05-29,GS-3,B-062,3885.050478871425,485
2026-05-29,GS-3,B-063,0.0,0
2026-05-29,GS-3,B-065,2062.2933839693296,239
2026-05-29,GS-3,B-101,0.0,0
2026-05-29,GS-3,B-107,0.0,0
2026-05-29,GS-3,B-110,0.0,0
2026-05-29,GS-3,B-129,0.0,0
2026-05-29,GS-3,B-134,54.751151786796356,295
2026-05-29,GS-4,BN-033,148.28436942257346,483
2026-05-29,GS-4,BN-037,0.0,0
2026-05-29,GS-4,BN-040,114.06489955582575,290
2026-05-29,GS-4,BN-041,148.28436942257346,451
2026-05-29,GS-4,BN-042,798.4542968907803,560
2026-05-29,GS-4,BN-043,193.91032924490378,535
2026-05-29,GS-4,BN-046,0.0,0
2026-05-29,GS-4,BN-049,494.28123140857826,540
2026-05-29,GS-4,B-226,0.0,0
2026-05-29,PLTG,B-120,3669.0876023790615,580
2026-05-29,PLTG,B-047,6852.258732650305,470
2026-05-29,PLTG,B-133,1528.469654048065,585
2026-05-29,MGS,B-32,0.0,0
2026-05-30,GS-1,B-050,1979.498734072137,460
2026-05-30,GS-1,B-061,509.4849126302245,495
2026-05-30,GS-1,B-031,0.0,0
2026-05-30,GS-1,B-074,893.0970821400406,445
2026-05-30,GS-1,B-020,0.0,0
2026-05-30,GS-1,B-023,1060.9274063005853,500
2026-05-30,GS-1,B-049,78.67046445025525,500
2026-05-30,GS-1,B-057,0.0,0
2026-05-30,GS-1,B-078,149.8485037147719,435
2026-05-30,GS-1,B-079,189.55835719918647,436
2026-05-30,GS-1,B-106,999.4895197775287,465
2026-05-30,GS-1,B-108,0.0,0
2026-05-30,GS-1,B-045,0.0,0
2026-05-30,GS-1,B-067,629.363715602042,495
2026-05-30,GS-1,B-052,0.0,0
2026-05-30,GS-1,B-066,595.6478022662184,510
2026-05-30,GS-1,B-069,0.0,0
2026-05-30,GS-1,B-205,0.0,0
2026-05-30,GS-1,B-077,157.3409289005105,215
2026-05-30,GS-2,B-092,376.11974432407754,570
2026-05-30,GS-2,B-115,0.0,0
2026-05-30,GS-2,B-116,2127.8487527497614,549
2026-05-30,GS-2,B-091,2524.198045075333,534
2026-05-30,GS-2,B-090,0.0, 
2026-05-30,GS-2,B-075,0.0,0
2026-05-30,GS-2,B-038,0.0,0
2026-05-30,GS-2,B-46,0.0,0
2026-05-30,GS-2,B-073,0.0,0
2026-05-30,GS-2,B-076,0.0,0
2026-05-30,GS-2,B-137,377.61822936122525,505
2026-05-30,GS-3,B-053,3798.6595691694683,510
2026-05-30,GS-3,B-059,0.0,0
2026-05-30,GS-3,B-062,3827.8800273938486,485
2026-05-30,GS-3,B-063,0.0,0
2026-05-30,GS-3,B-065,2031.9457103723073,239
2026-05-30,GS-3,B-101,0.0,0
2026-05-30,GS-3,B-107,0.0,0
2026-05-30,GS-3,B-110,0.0,0
2026-05-30,GS-3,B-129,0.0,0
2026-05-30,GS-3,B-134,53.945461337317894,295
2026-05-30,GS-4,BN-033,146.10229112190262,483
2026-05-30,GS-4,BN-037,0.0,0
2026-05-30,GS-4,BN-040,112.38637778607894,290
2026-05-30,GS-4,BN-041,146.10229112190262,451
2026-05-30,GS-4,BN-042,786.7046445025526,560
2026-05-30,GS-4,BN-043,191.0568422363342,535
2026-05-30,GS-4,BN-046,0.0,0
2026-05-30,GS-4,BN-049,487.0076370730087,540
2026-05-30,GS-4,B-226,0.0,0
2026-05-30,PLTG,B-120,3615.0951521188726,580
2026-05-30,PLTG,B-047,6751.424334869049,470
2026-05-30,PLTG,B-133,1505.9774623334579,585
2026-05-30,MGS,B-32,0.0,0
2026-05-31,GS-1,B-050,1994.960569460009,460
2026-05-31,GS-1,B-061,513.4644917610924,495
2026-05-31,GS-1,B-031,0.0,0
2026-05-31,GS-1,B-074,900.073050263562,445
2026-05-31,GS-1,B-020,0.0,0
2026-05-31,GS-1,B-023,1069.2142946083925,500
2026-05-31,GS-1,B-049,79.28495828663927,500
2026-05-31,GS-1,B-057,0.0,0
2026-05-31,GS-1,B-078,151.0189681650272,435
2026-05-31,GS-1,B-079,191.03899472875938,436
2026-05-31,GS-1,B-106,1007.2965176607313,465
2026-05-31,GS-1,B-108,0.0,0
2026-05-31,GS-1,B-045,0.0,0
2026-05-31,GS-1,B-067,634.2796662931141,495
2026-05-31,GS-1,B-052,0.0,0
2026-05-31,GS-1,B-066,600.300398455983,510
2026-05-31,GS-1,B-069,0.0,0
2026-05-31,GS-1,B-205,0.0,0
2026-05-31,GS-1,B-077,158.56991657327853,215
2026-05-31,GS-2,B-092,379.0576100942182,570
2026-05-31,GS-2,B-115,0.0,0
2026-05-31,GS-2,B-116,2144.469347943386,549
2026-05-31,GS-2,B-091,2543.9145187398826,534
2026-05-31,GS-2,B-090,0.0, 
2026-05-31,GS-2,B-075,0.0,0
2026-05-31,GS-2,B-038,0.0,0
2026-05-31,GS-2,B-46,0.0,0
2026-05-31,GS-2,B-073,0.0,0
2026-05-31,GS-2,B-076,0.0,0
2026-05-31,GS-2,B-137,380.5677997758685,505
2026-05-31,GS-3,B-053,3828.330842983439,510
2026-05-31,GS-3,B-059,0.0,0
2026-05-31,GS-3,B-062,3857.7795417756192,485
2026-05-31,GS-3,B-063,0.0,0
2026-05-31,GS-3,B-065,2047.8172083177685,239
2026-05-31,GS-3,B-101,0.0,0
2026-05-31,GS-3,B-107,0.0,0
2026-05-31,GS-3,B-110,0.0,0
2026-05-31,GS-3,B-129,0.0,0
2026-05-31,GS-3,B-134,54.36682853940978,295
2026-05-31,GS-4,BN-033,147.2434939609015,483
2026-05-31,GS-4,BN-037,0.0,0
2026-05-31,GS-4,BN-040,113.26422612377038,290
2026-05-31,GS-4,BN-041,147.2434939609015,451
2026-05-31,GS-4,BN-042,792.8495828663927,560
2026-05-31,GS-4,BN-043,192.54918441040965,535
2026-05-31,GS-4,BN-046,0.0,0
2026-05-31,GS-4,BN-049,490.81164653633834,540
2026-05-31,GS-4,B-226,0.0,0
2026-05-31,PLTG,B-120,3643.3326069812806,580
2026-05-31,PLTG,B-047,6804.1596106752995,470
2026-05-31,PLTG,B-133,1517.740630058523,585
2026-05-31,MGS,B-32,0.0,0
2026-06-01,GS-1,B-050,2057.7674220728013,460
2026-06-01,GS-1,B-061,529.6297679824015,495
2026-06-01,GS-1,B-031,0.0,0
2026-06-01,GS-1,B-074,928.4098285809156,445
2026-06-01,GS-1,B-020,0.0,0
2026-06-01,GS-1,B-023,1102.8761050927656,500
2026-06-01,GS-1,B-049,81.78106711492964,500
2026-06-01,GS-1,B-057,0.0,0
2026-06-01,GS-1,B-078,155.77346117129457,435
2026-06-01,GS-1,B-079,197.0534283816876,436
2026-06-01,GS-1,B-106,1039.0089860125347,465
2026-06-01,GS-1,B-108,0.0,0
2026-06-01,GS-1,B-045,0.0,0
2026-06-01,GS-1,B-067,654.2485369194371,495
2026-06-01,GS-1,B-052,0.0,0
2026-06-01,GS-1,B-066,619.1995081558958,510
2026-06-01,GS-1,B-069,0.0,0
2026-06-01,GS-1,B-205,0.0,0
2026-06-01,GS-1,B-077,163.56213422985928,215
2026-06-01,GS-2,B-092,390.99138753994936,570
2026-06-01,GS-2,B-115,0.0,0
2026-06-01,GS-2,B-116,2211.983148632383,549
2026-06-01,GS-2,B-091,2624.003953430457,534
2026-06-01,GS-2,B-090,0.0, 
2026-06-01,GS-2,B-075,0.0,0
2026-06-01,GS-2,B-038,0.0,0
2026-06-01,GS-2,B-46,0.0,0
2026-06-01,GS-2,B-073,0.0,0
2026-06-01,GS-2,B-076,0.0,0
2026-06-01,GS-2,B-137,392.5491221516623,505
2026-06-01,GS-3,B-053,3948.857240692317,510
2026-06-01,GS-3,B-059,0.0,0
2026-06-01,GS-3,B-062,3979.2330656207196,485
2026-06-01,GS-3,B-063,0.0,0
2026-06-01,GS-3,B-065,2112.2881334827543,239
2026-06-01,GS-3,B-101,0.0,0
2026-06-01,GS-3,B-107,0.0,0
2026-06-01,GS-3,B-110,0.0,0
2026-06-01,GS-3,B-129,0.0,0
2026-06-01,GS-3,B-134,56.07844602166604,295
2026-06-01,GS-4,BN-033,151.8791246420122,483
2026-06-01,GS-4,BN-037,0.0,0
2026-06-01,GS-4,BN-040,116.83009587847091,290
2026-06-01,GS-4,BN-041,151.8791246420122,451
2026-06-01,GS-4,BN-042,817.8106711492965,560
2026-06-01,GS-4,BN-043,198.61116299340057,535
2026-06-01,GS-4,BN-046,0.0,0
2026-06-01,GS-4,BN-049,506.2637488067073,540
2026-06-01,GS-4,B-226,0.0,0
2026-06-01,PLTG,B-120,3758.034750757481,580
2026-06-01,PLTG,B-047,7018.3732930726765,470
2026-06-01,PLTG,B-133,1565.5232847715104,585
2026-06-01,MGS,B-32,0.0,0
2026-06-02,GS-1,B-050,2035.1732211303247,460
2026-06-02,GS-1,B-061,523.8144550978883,495
2026-06-02,GS-1,B-031,0.0,0
2026-06-02,GS-1,B-074,918.2159271715924,445
2026-06-02,GS-1,B-020,0.0,0
2026-06-02,GS-1,B-023,1090.7665712038379,500
2026-06-02,GS-1,B-049,80.8831143901151,500
2026-06-02,GS-1,B-057,0.0,0
2026-06-02,GS-1,B-078,154.06307502879065,435
2026-06-02,GS-1,B-079,194.8897899114202,436
2026-06-02,GS-1,B-106,1027.6007104420337,465
2026-06-02,GS-1,B-108,0.0,0
2026-06-02,GS-1,B-045,0.0,0
2026-06-02,GS-1,B-067,647.0649151209208,495
2026-06-02,GS-1,B-052,0.0,0
2026-06-02,GS-1,B-066,612.4007232394429,510
2026-06-02,GS-1,B-069,0.0,0
2026-06-02,GS-1,B-205,0.0,0
2026-06-02,GS-1,B-077,161.7662287802302,215
2026-06-02,GS-2,B-092,386.6983183222646,570
2026-06-02,GS-2,B-115,0.0,0
2026-06-02,GS-2,B-116,2187.6956654088276,549
2026-06-02,GS-2,B-091,2595.1924988599785,534
2026-06-02,GS-2,B-090,0.0, 
2026-06-02,GS-2,B-075,0.0,0
2026-06-02,GS-2,B-038,0.0,0
2026-06-02,GS-2,B-46,0.0,0
2026-06-02,GS-2,B-073,0.0,0
2026-06-02,GS-2,B-076,0.0,0
2026-06-02,GS-2,B-137,388.2389490725525,505
2026-06-02,GS-3,B-053,3905.4989519798432,510
2026-06-02,GS-3,B-059,0.0,0
2026-06-02,GS-3,B-062,3935.5412516104575,485
2026-06-02,GS-3,B-063,0.0,0
2026-06-02,GS-3,B-065,2089.0952973904014,239
2026-06-02,GS-3,B-101,0.0,0
2026-06-02,GS-3,B-107,0.0,0
2026-06-02,GS-3,B-110,0.0,0
2026-06-02,GS-3,B-129,0.0,0
2026-06-02,GS-3,B-134,55.46270701036464,295
2026-06-02,GS-4,BN-033,150.2114981530709,483
2026-06-02,GS-4,BN-037,0.0,0
2026-06-02,GS-4,BN-040,115.547306271593,290
2026-06-02,GS-4,BN-041,150.2114981530709,451
2026-06-02,GS-4,BN-042,808.831143901151,560
2026-06-02,GS-4,BN-043,196.4304206617081,535
2026-06-02,GS-4,BN-046,0.0,0
2026-06-02,GS-4,BN-049,500.70499384356964,540
2026-06-02,GS-4,B-226,0.0,0
2026-06-02,PLTG,B-120,3716.7716850695747,580
2026-06-02,PLTG,B-047,6941.311845422163,470
2026-06-02,PLTG,B-133,1548.3339040393462,585
2026-06-02,MGS,B-32,0.0,0
2026-06-03,GS-1,B-050,2160.5424794897463,460
2026-06-03,GS-1,B-061,556.0820916173458,495
2026-06-03,GS-1,B-031,0.0,0
2026-06-03,GS-1,B-074,974.7791958939355,445
2026-06-03,GS-1,B-020,0.0,0
2026-06-03,GS-1,B-023,1157.9591790149436,500
2026-06-03,GS-1,B-049,85.86561708797251,500
2026-06-03,GS-1,B-057,0.0,0
2026-06-03,GS-1,B-078,163.55355635804287,435
2026-06-03,GS-1,B-079,206.89524879292424,436
2026-06-03,GS-1,B-106,1090.9022209081459,465
2026-06-03,GS-1,B-108,0.0,0
2026-06-03,GS-1,B-045,0.0,0
2026-06-03,GS-1,B-067,686.9249367037801,495
2026-06-03,GS-1,B-052,0.0,0
2026-06-03,GS-1,B-066,650.1253865232204,510
2026-06-03,GS-1,B-069,0.0,0
2026-06-03,GS-1,B-205,0.0,0
2026-06-03,GS-1,B-077,171.73123417594502,215
2026-06-03,GS-2,B-092,410.51942645868763,570
2026-06-03,GS-2,B-115,0.0,0
2026-06-03,GS-2,B-116,2322.4605002842086,549
2026-06-03,GS-2,B-091,2755.0596568512324,534
2026-06-03,GS-2,B-090,0.0, 
2026-06-03,GS-2,B-075,0.0,0
2026-06-03,GS-2,B-038,0.0,0
2026-06-03,GS-2,B-46,0.0,0
2026-06-03,GS-2,B-073,0.0,0
2026-06-03,GS-2,B-076,0.0,0
2026-06-03,GS-2,B-137,412.154962022268,505
2026-06-03,GS-3,B-053,4146.082653676387,510
2026-06-03,GS-3,B-059,0.0,0
2026-06-03,GS-3,B-062,4177.975597166205,485
2026-06-03,GS-3,B-063,0.0,0
2026-06-03,GS-3,B-065,2217.7862242150613,239
2026-06-03,GS-3,B-101,0.0,0
2026-06-03,GS-3,B-107,0.0,0
2026-06-03,GS-3,B-110,0.0,0
2026-06-03,GS-3,B-129,0.0,0
2026-06-03,GS-3,B-134,58.87928028889544,295
2026-06-03,GS-4,BN-033,159.4647174490918,483
2026-06-03,GS-4,BN-037,0.0,0
2026-06-03,GS-4,BN-040,122.66516726853216,290
2026-06-03,GS-4,BN-041,159.4647174490918,451
2026-06-03,GS-4,BN-042,858.6561708797251,560
2026-06-03,GS-4,BN-043,208.53078435650465,535
2026-06-03,GS-4,BN-046,0.0,0
2026-06-03,GS-4,BN-049,531.5490581636393,540
2026-06-03,GS-4,B-226,0.0,0
2026-06-03,PLTG,B-120,3945.7295471377843,580
2026-06-03,PLTG,B-047,7368.905481711622,470
2026-06-03,PLTG,B-133,1643.7132413983309,585
2026-06-03,MGS,B-32,0.0,0
2026-06-04,GS-1,B-050,2165.7238392207882,460
2026-06-04,GS-1,B-061,557.4156739856685,495
2026-06-04,GS-1,B-031,0.0,0
2026-06-04,GS-1,B-074,977.1168873395835,445
2026-06-04,GS-1,B-020,0.0,0
2026-06-04,GS-1,B-023,1160.7361681819214,500
2026-06-04,GS-1,B-049,86.07153789484586,500
2026-06-04,GS-1,B-057,0.0,0
2026-06-04,GS-1,B-078,163.94578646637308,435
2026-06-04,GS-1,B-079,207.39141987996194,436
2026-06-04,GS-1,B-106,1093.5183957307083,465
2026-06-04,GS-1,B-108,0.0,0
2026-06-04,GS-1,B-045,0.0,0
2026-06-04,GS-1,B-067,688.5723031587669,495
2026-06-04,GS-1,B-052,0.0,0
2026-06-04,GS-1,B-066,651.684501203833,510
2026-06-04,GS-1,B-069,0.0,0
2026-06-04,GS-1,B-205,0.0,0
2026-06-04,GS-1,B-077,172.14307578969172,215
2026-06-04,GS-2,B-092,411.5039240305964,570
2026-06-04,GS-2,B-115,0.0,0
2026-06-04,GS-2,B-116,2328.030167822498,549
2026-06-04,GS-2,B-091,2761.6667730260547,534
2026-06-04,GS-2,B-090,0.0, 
2026-06-04,GS-2,B-075,0.0,0
2026-06-04,GS-2,B-038,0.0,0
2026-06-04,GS-2,B-46,0.0,0
2026-06-04,GS-2,B-073,0.0,0
2026-06-04,GS-2,B-076,0.0,0
2026-06-04,GS-2,B-137,413.1433818952602,505
2026-06-04,GS-3,B-053,4156.025686922558,510
2026-06-04,GS-3,B-059,0.0,0
2026-06-04,GS-3,B-062,4187.9951152835,485
2026-06-04,GS-3,B-063,0.0,0
2026-06-04,GS-3,B-065,2223.104864484019,239
2026-06-04,GS-3,B-101,0.0,0
2026-06-04,GS-3,B-107,0.0,0
2026-06-04,GS-3,B-110,0.0,0
2026-06-04,GS-3,B-129,0.0,0
2026-06-04,GS-3,B-134,59.02048312789431,295
2026-06-04,GS-4,BN-033,159.84714180471374,483
2026-06-04,GS-4,BN-037,0.0,0
2026-06-04,GS-4,BN-040,122.95933984977981,290
2026-06-04,GS-4,BN-041,159.84714180471374,451
2026-06-04,GS-4,BN-042,860.7153789484587,560
2026-06-04,GS-4,BN-043,209.03087774462568,535
2026-06-04,GS-4,BN-046,0.0,0
2026-06-04,GS-4,BN-049,532.8238060157125,540
2026-06-04,GS-4,B-226,0.0,0
2026-06-04,PLTG,B-120,3955.1920985012507,580
2026-06-04,PLTG,B-047,7386.577409242439,470
2026-06-04,PLTG,B-133,1647.6551539870495,585
2026-06-04,MGS,B-32,0.0,0
2026-06-05,GS-1,B-050,2170.6333374839164,460
2026-06-05,GS-1,B-061,558.6792844394638,495
2026-06-05,GS-1,B-031,0.0,0
2026-06-05,GS-1,B-074,979.33192213506,445
2026-06-05,GS-1,B-020,0.0,0
2026-06-05,GS-1,B-023,1163.3674511268835,500
2026-06-05,GS-1,B-049,86.2666542149172,500
2026-06-05,GS-1,B-057,0.0,0
2026-06-05,GS-1,B-078,164.31743659984227,435
2026-06-05,GS-1,B-079,207.86155729880048,436
2026-06-05,GS-1,B-106,1095.997302120948,465
2026-06-05,GS-1,B-108,0.0,0
2026-06-05,GS-1,B-045,0.0,0
2026-06-05,GS-1,B-067,690.1332337193376,495
2026-06-05,GS-1,B-052,0.0,0
2026-06-05,GS-1,B-066,653.1618104843731,510
2026-06-05,GS-1,B-069,0.0,0
2026-06-05,GS-1,B-205,0.0,0
2026-06-05,GS-1,B-077,172.5333084298344,215
2026-06-05,GS-2,B-092,412.4367658656041,570
2026-06-05,GS-2,B-115,0.0,0
2026-06-05,GS-2,B-116,2333.3075997177602,549
2026-06-05,GS-2,B-091,2767.9272195243434,534
2026-06-05,GS-2,B-090,0.0, 
2026-06-05,GS-2,B-075,0.0,0
2026-06-05,GS-2,B-038,0.0,0
2026-06-05,GS-2,B-46,0.0,0
2026-06-05,GS-2,B-073,0.0,0
2026-06-05,GS-2,B-076,0.0,0
2026-06-05,GS-2,B-137,414.07994023160256,505
2026-06-05,GS-3,B-053,4165.447017806002,510
2026-06-05,GS-3,B-059,0.0,0
2026-06-05,GS-3,B-062,4197.488917942971,485
2026-06-05,GS-3,B-063,0.0,0
2026-06-05,GS-3,B-065,2228.1444402938614,239
2026-06-05,GS-3,B-101,0.0,0
2026-06-05,GS-3,B-107,0.0,0
2026-06-05,GS-3,B-110,0.0,0
2026-06-05,GS-3,B-129,0.0,0
2026-06-05,GS-3,B-134,59.15427717594322,295
2026-06-05,GS-4,BN-033,160.20950068484623,483
2026-06-05,GS-4,BN-037,0.0,0
2026-06-05,GS-4,BN-040,123.23807744988171,290
2026-06-05,GS-4,BN-041,160.20950068484623,451
2026-06-05,GS-4,BN-042,862.666542149172,560
2026-06-05,GS-4,BN-043,209.5047316647989,535
2026-06-05,GS-4,BN-046,0.0,0
2026-06-05,GS-4,BN-049,534.0316689494874,540
2026-06-05,GS-4,B-226,0.0,0
2026-06-05,PLTG,B-120,3964.158157971195,580
2026-06-05,PLTG,B-047,7403.322106005894,470
2026-06-05,PLTG,B-133,1651.390237828415,585
2026-06-05,MGS,B-32,0.0,0
2026-06-06,GS-1,B-050,2160.572178641099,460
2026-06-06,GS-1,B-061,556.089735607853,495
2026-06-06,GS-1,B-031,0.0,0
2026-06-06,GS-1,B-074,974.7925953596481,445
2026-06-06,GS-1,B-020,0.0,0
2026-06-06,GS-1,B-023,1157.9750965010585,500
2026-06-06,GS-1,B-049,85.86679741003611,500
2026-06-06,GS-1,B-057,0.0,0
2026-06-06,GS-1,B-078,163.55580459054497,435
2026-06-06,GS-1,B-079,206.8980928070394,436
2026-06-06,GS-1,B-106,1090.917216618935,465
2026-06-06,GS-1,B-108,0.0,0
2026-06-06,GS-1,B-045,0.0,0
2026-06-06,GS-1,B-067,686.9343792802889,495
2026-06-06,GS-1,B-052,0.0,0
2026-06-06,GS-1,B-066,650.1343232474163,510
2026-06-06,GS-1,B-069,0.0,0
2026-06-06,GS-1,B-205,0.0,0
2026-06-06,GS-1,B-077,171.73359482007223,215
2026-06-06,GS-2,B-092,410.52506952226787,570
2026-06-06,GS-2,B-115,0.0,0
2026-06-06,GS-2,B-116,2322.4924251857387,549
2026-06-06,GS-2,B-091,2755.0975283277303,534
2026-06-06,GS-2,B-090,0.0, 
2026-06-06,GS-2,B-075,0.0,0
2026-06-06,GS-2,B-038,0.0,0
2026-06-06,GS-2,B-46,0.0,0
2026-06-06,GS-2,B-073,0.0,0
2026-06-06,GS-2,B-076,0.0,0
2026-06-06,GS-2,B-137,412.1606275681733,505
2026-06-06,GS-3,B-053,4146.139646370315,510
2026-06-06,GS-3,B-059,0.0,0
2026-06-06,GS-3,B-062,4178.033028265471,485
2026-06-06,GS-3,B-063,0.0,0
2026-06-06,GS-3,B-065,2217.8167102477896,239
2026-06-06,GS-3,B-101,0.0,0
2026-06-06,GS-3,B-107,0.0,0
2026-06-06,GS-3,B-110,0.0,0
2026-06-06,GS-3,B-129,0.0,0
2026-06-06,GS-3,B-134,58.88008965259619,295
2026-06-06,GS-4,BN-033,159.46690947578134,483
2026-06-06,GS-4,BN-037,0.0,0
2026-06-06,GS-4,BN-040,122.66685344290873,290
2026-06-06,GS-4,BN-041,159.46690947578134,451
2026-06-06,GS-4,BN-042,858.6679741003611,560
2026-06-06,GS-4,BN-043,208.53365085294485,535
2026-06-06,GS-4,BN-046,0.0,0
2026-06-06,GS-4,BN-049,531.5563649192711,540
2026-06-06,GS-4,B-226,0.0,0
2026-06-06,PLTG,B-120,3945.7837857468976,580
2026-06-06,PLTG,B-047,7369.006775827003,470
2026-06-06,PLTG,B-133,1643.735836134977,585
2026-06-06,MGS,B-32,0.0,0
2026-06-07,GS-1,B-050,2159.5212855728673,460
2026-06-07,GS-1,B-061,555.8192559385124,495
2026-06-07,GS-1,B-031,0.0,0
2026-06-07,GS-1,B-074,974.3184604098628,445
2026-06-07,GS-1,B-020,0.0,0
2026-06-07,GS-1,B-023,1157.4118623660786,500
2026-06-07,GS-1,B-049,85.82503216697617,500
2026-06-07,GS-1,B-057,0.0,0
2026-06-07,GS-1,B-078,163.47625174662127,435
2026-06-07,GS-1,B-079,206.79745845947593,436
2026-06-07,GS-1,B-106,1090.386599149964,465
2026-06-07,GS-1,B-108,0.0,0
2026-06-07,GS-1,B-045,0.0,0
2026-06-07,GS-1,B-067,686.6002573358094,495
2026-06-07,GS-1,B-052,0.0,0
2026-06-07,GS-1,B-066,649.8181006928196,510
2026-06-07,GS-1,B-069,0.0,0
2026-06-07,GS-1,B-205,0.0,0
2026-06-07,GS-1,B-077,171.65006433395234,215
2026-06-07,GS-2,B-092,410.32539188401944,570
2026-06-07,GS-2,B-115,0.0,0
2026-06-07,GS-2,B-116,2321.362774802022,549
2026-06-07,GS-2,B-091,2753.7574606718354,534
2026-06-07,GS-2,B-090,0.0, 
2026-06-07,GS-2,B-075,0.0,0
2026-06-07,GS-2,B-038,0.0,0
2026-06-07,GS-2,B-46,0.0,0
2026-06-07,GS-2,B-073,0.0,0
2026-06-07,GS-2,B-076,0.0,0
2026-06-07,GS-2,B-137,411.9601544014856,505
2026-06-07,GS-3,B-053,4144.12298177685,510
2026-06-07,GS-3,B-059,0.0,0
2026-06-07,GS-3,B-062,4176.000850867441,485
2026-06-07,GS-3,B-063,0.0,0
2026-06-07,GS-3,B-065,2216.7379736841845,239
2026-06-07,GS-3,B-101,0.0,0
2026-06-07,GS-3,B-107,0.0,0
2026-06-07,GS-3,B-110,0.0,0
2026-06-07,GS-3,B-129,0.0,0
2026-06-07,GS-3,B-134,58.85145062878366,295
2026-06-07,GS-4,BN-033,159.38934545295575,483
2026-06-07,GS-4,BN-037,0.0,0
2026-06-07,GS-4,BN-040,122.60718880996596,290
2026-06-07,GS-4,BN-041,159.38934545295575,451
2026-06-07,GS-4,BN-042,858.2503216697618,560
2026-06-07,GS-4,BN-043,208.43222097694215,535
2026-06-07,GS-4,BN-046,0.0,0
2026-06-07,GS-4,BN-049,531.2978181765192,540
2026-06-07,GS-4,B-226,0.0,0
2026-06-07,PLTG,B-120,3943.8645733872386,580
2026-06-07,PLTG,B-047,7365.4225224440215,470
2026-06-07,PLTG,B-133,1642.9363300535438,585
2026-06-07,MGS,B-32,0.0,0
2026-06-08,GS-1,B-050,2155.363404309939,460
2026-06-08,GS-1,B-061,554.7490972485839,495
2026-06-08,GS-1,B-031,0.0,0
2026-06-08,GS-1,B-074,972.4425351769295,445
2026-06-08,GS-1,B-020,0.0,0
2026-06-08,GS-1,B-023,1155.1834142705807,500
2026-06-08,GS-1,B-049,85.65978707514898,500
2026-06-08,GS-1,B-057,0.0,0
2026-06-08,GS-1,B-078,163.16149919075997,435
2026-06-08,GS-1,B-079,206.39929647631138,436
2026-06-08,GS-1,B-106,1088.2871996023691,465
2026-06-08,GS-1,B-108,0.0,0
2026-06-08,GS-1,B-045,0.0,0
2026-06-08,GS-1,B-067,685.2782966011919,495
2026-06-08,GS-1,B-052,0.0,0
2026-06-08,GS-1,B-066,648.5669592832709,510
2026-06-08,GS-1,B-069,0.0,0
2026-06-08,GS-1,B-205,0.0,0
2026-06-08,GS-1,B-077,171.31957415029797,215
2026-06-08,GS-2,B-092,409.53536296880753,570
2026-06-08,GS-2,B-115,0.0,0
2026-06-08,GS-2,B-116,2316.8932885087916,549
2026-06-08,GS-2,B-091,2748.455453868352,534
2026-06-08,GS-2,B-090,0.0, 
2026-06-08,GS-2,B-075,0.0,0
2026-06-08,GS-2,B-038,0.0,0
2026-06-08,GS-2,B-46,0.0,0
2026-06-08,GS-2,B-073,0.0,0
2026-06-08,GS-2,B-076,0.0,0
2026-06-08,GS-2,B-137,411.16697796071514,505
2026-06-08,GS-3,B-053,4136.144004485765,510
2026-06-08,GS-3,B-059,0.0,0
2026-06-08,GS-3,B-062,4167.960496827964,485
2026-06-08,GS-3,B-063,0.0,0
2026-06-08,GS-3,B-065,2212.4699290267054,239
2026-06-08,GS-3,B-101,0.0,0
2026-06-08,GS-3,B-107,0.0,0
2026-06-08,GS-3,B-110,0.0,0
2026-06-08,GS-3,B-129,0.0,0
2026-06-08,GS-3,B-134,58.73813970867359,295
2026-06-08,GS-4,BN-033,159.08246171099097,483
2026-06-08,GS-4,BN-037,0.0,0
2026-06-08,GS-4,BN-040,122.37112439306998,290
2026-06-08,GS-4,BN-041,159.08246171099097,451
2026-06-08,GS-4,BN-042,856.5978707514898,560
2026-06-08,GS-4,BN-043,208.03091146821896,535
2026-06-08,GS-4,BN-046,0.0,0
2026-06-08,GS-4,BN-049,530.2748723699699,540
2026-06-08,GS-4,B-226,0.0,0
2026-06-08,PLTG,B-120,3936.271167977084,580
2026-06-08,PLTG,B-047,7351.24134603969,470
2026-06-08,PLTG,B-133,1639.7730668671377,585
2026-06-08,MGS,B-32,0.0,0
2026-06-09,GS-1,B-050,2138.1196198065827,460
2026-06-09,GS-1,B-061,550.3108786784543,495
2026-06-09,GS-1,B-031,0.0,0
2026-06-09,GS-1,B-074,964.6625990951728,445
2026-06-09,GS-1,B-020,0.0,0
2026-06-09,GS-1,B-023,1145.9414767774872,500
2026-06-09,GS-1,B-049,84.97447391358486,500
2026-06-09,GS-1,B-057,0.0,0
2026-06-09,GS-1,B-078,161.85614078778067,435
2026-06-09,GS-1,B-079,204.74801809654255,436
2026-06-09,GS-1,B-106,1079.5804590544972,465
2026-06-09,GS-1,B-108,0.0,0
2026-06-09,GS-1,B-045,0.0,0
2026-06-09,GS-1,B-067,679.7957913086789,495
2026-06-09,GS-1,B-052,0.0,0
2026-06-09,GS-1,B-066,643.3781596314282,510
2026-06-09,GS-1,B-069,0.0,0
2026-06-09,GS-1,B-205,0.0,0
2026-06-09,GS-1,B-077,169.94894782716972,215
2026-06-09,GS-2,B-092,406.2589133773295,570
2026-06-09,GS-2,B-115,0.0,0
2026-06-09,GS-2,B-116,2298.3571991864856,549
2026-06-09,GS-2,B-091,2726.4666915701655,534
2026-06-09,GS-2,B-090,0.0, 
2026-06-09,GS-2,B-075,0.0,0
2026-06-09,GS-2,B-038,0.0,0
2026-06-09,GS-2,B-46,0.0,0
2026-06-09,GS-2,B-073,0.0,0
2026-06-09,GS-2,B-076,0.0,0
2026-06-09,GS-2,B-137,407.8774747852073,505
2026-06-09,GS-3,B-053,4103.05316897024,510
2026-06-09,GS-3,B-059,0.0,0
2026-06-09,GS-3,B-062,4134.615116423857,485
2026-06-09,GS-3,B-063,0.0,0
2026-06-09,GS-3,B-065,2194.769269082306,239
2026-06-09,GS-3,B-101,0.0,0
2026-06-09,GS-3,B-107,0.0,0
2026-06-09,GS-3,B-110,0.0,0
2026-06-09,GS-3,B-129,0.0,0
2026-06-09,GS-3,B-134,58.26821068360104,295
2026-06-09,GS-4,BN-033,157.80973726808617,483
2026-06-09,GS-4,BN-037,0.0,0
2026-06-09,GS-4,BN-040,121.39210559083551,290
2026-06-09,GS-4,BN-041,157.80973726808617,451
2026-06-09,GS-4,BN-042,849.7447391358486,560
2026-06-09,GS-4,BN-043,206.36657950442037,535
2026-06-09,GS-4,BN-046,0.0,0
2026-06-09,GS-4,BN-049,526.0324575602872,540
2026-06-09,GS-4,B-226,0.0,0
2026-06-09,PLTG,B-120,3904.7793965052088,580
2026-06-09,PLTG,B-047,7292.428423193458,470
2026-06-09,PLTG,B-133,1626.6542149171958,585
2026-06-09,MGS,B-32,0.0,0
2026-06-10,GS-1,B-050,2140.4772755572158,460
2026-06-10,GS-1,B-061,550.917693935998,495
2026-06-10,GS-1,B-031,0.0,0
2026-06-10,GS-1,B-074,965.7263105466318,445
2026-06-10,GS-1,B-020,0.0,0
2026-06-10,GS-1,B-023,1147.205080313784,500
2026-06-10,GS-1,B-049,85.06817332835264,500
2026-06-10,GS-1,B-057,0.0,0
2026-06-10,GS-1,B-078,162.03461586352884,435
2026-06-10,GS-1,B-079,204.97378906736398,436
2026-06-10,GS-1,B-106,1080.7708878097374,465
2026-06-10,GS-1,B-108,0.0,0
2026-06-10,GS-1,B-045,0.0,0
2026-06-10,GS-1,B-067,680.5453866268211,495
2026-06-10,GS-1,B-052,0.0,0
2026-06-10,GS-1,B-066,644.0875980575271,510
2026-06-10,GS-1,B-069,0.0,0
2026-06-10,GS-1,B-205,0.0,0
2026-06-10,GS-1,B-077,170.13634665670529,215
2026-06-10,GS-2,B-092,406.70688581745736,570
2026-06-10,GS-2,B-115,0.0,0
2026-06-10,GS-2,B-116,2300.8915452621095,549
2026-06-10,GS-2,B-091,2729.4731042211433,534
2026-06-10,GS-2,B-090,0.0, 
2026-06-10,GS-2,B-075,0.0,0
2026-06-10,GS-2,B-038,0.0,0
2026-06-10,GS-2,B-46,0.0,0
2026-06-10,GS-2,B-073,0.0,0
2026-06-10,GS-2,B-076,0.0,0
2026-06-10,GS-2,B-137,408.32723197609266,505
2026-06-10,GS-3,B-053,4107.577512140456,510
2026-06-10,GS-3,B-059,0.0,0
2026-06-10,GS-3,B-062,4139.174262233844,485
2026-06-10,GS-3,B-063,0.0,0
2026-06-10,GS-3,B-065,2197.1893911094508,239
2026-06-10,GS-3,B-101,0.0,0
2026-06-10,GS-3,B-107,0.0,0
2026-06-10,GS-3,B-110,0.0,0
2026-06-10,GS-3,B-129,0.0,0
2026-06-10,GS-3,B-134,58.332461710870376,295
2026-06-10,GS-4,BN-033,157.98375046694062,483
2026-06-10,GS-4,BN-037,0.0,0
2026-06-10,GS-4,BN-040,121.52596189764662,290
2026-06-10,GS-4,BN-041,157.98375046694062,451
2026-06-10,GS-4,BN-042,850.6817332835263,560
2026-06-10,GS-4,BN-043,206.59413522599925,535
2026-06-10,GS-4,BN-046,0.0,0
2026-06-10,GS-4,BN-049,526.6125015564687,540
2026-06-10,GS-4,B-226,0.0,0
2026-06-10,PLTG,B-120,3909.085107707633,580
2026-06-10,PLTG,B-047,7300.469617731292,470
2026-06-10,PLTG,B-133,1628.4478894284648,585
2026-06-10,MGS,B-32,0.0,0
2026-06-11,GS-1,B-050,2141.621835181977,460
2026-06-11,GS-1,B-061,551.2122815759819,495
2026-06-11,GS-1,B-031,0.0,0
2026-06-11,GS-1,B-074,966.242705350839,445
2026-06-11,GS-1,B-020,0.0,0
2026-06-11,GS-1,B-023,1147.818515752339,500
2026-06-11,GS-1,B-049,85.1136611257031,500
2026-06-11,GS-1,B-057,0.0,0
2026-06-11,GS-1,B-078,162.12125928705353,435
2026-06-11,GS-1,B-079,205.0833929981227,436
2026-06-11,GS-1,B-106,1081.348799444647,465
2026-06-11,GS-1,B-108,0.0,0
2026-06-11,GS-1,B-045,0.0,0
2026-06-11,GS-1,B-067,680.9092890056248,495
2026-06-11,GS-1,B-052,0.0,0
2026-06-11,GS-1,B-066,644.4320056660378,510
2026-06-11,GS-1,B-069,0.0,0
2026-06-11,GS-1,B-205,0.0,0
2026-06-11,GS-1,B-077,170.2273222514062,215
2026-06-11,GS-2,B-092,406.9243608105043,570
2026-06-11,GS-2,B-115,0.0,0
2026-06-11,GS-2,B-116,2302.12188187616,549
2026-06-11,GS-2,B-091,2730.9326126904166,534
2026-06-11,GS-2,B-090,0.0,0
2026-06-11,GS-2,B-075,0.0,0
2026-06-11,GS-2,B-038,0.0,0
2026-06-11,GS-2,B-46,0.0,0
2026-06-11,GS-2,B-073,0.0,0
2026-06-11,GS-2,B-076,0.0,0
2026-06-11,GS-2,B-137,408.5455734033749,505
2026-06-11,GS-3,B-053,4109.773922926806,510
2026-06-11,GS-3,B-059,0.0,0
2026-06-11,GS-3,B-062,4141.387568487782,485
2026-06-11,GS-3,B-063,0.0,0
2026-06-11,GS-3,B-065,2198.3642759324457,239
2026-06-11,GS-3,B-101,0.0,0
2026-06-11,GS-3,B-107,0.0,0
2026-06-11,GS-3,B-110,0.0,0
2026-06-11,GS-3,B-129,0.0,0
2026-06-11,GS-3,B-134,58.363653343339266,295
2026-06-11,GS-4,BN-033,158.06822780487718,483
2026-06-11,GS-4,BN-037,0.0,0
2026-06-11,GS-4,BN-040,121.59094446529014,290
2026-06-11,GS-4,BN-041,158.06822780487718,451
2026-06-11,GS-4,BN-042,851.136611257031,560
2026-06-11,GS-4,BN-043,206.70460559099322,535
2026-06-11,GS-4,BN-046,0.0,0
2026-06-11,GS-4,BN-049,526.894092682924,540
2026-06-11,GS-4,B-226,0.0,0
2026-06-11,PLTG,B-120,3911.175380300166,580
2026-06-11,PLTG,B-047,7304.373337178196,470
2026-06-11,PLTG,B-133,1629.318655834888,585
2026-06-11,MGS,B-32,0.0,0
2026-06-12,GS-1,B-050,2161.4014703440835,460
2026-06-12,GS-1,B-061,556.3031793466982,495
2026-06-12,GS-1,B-031,0.0,0
2026-06-12,GS-1,B-074,975.1667496783298,445
2026-06-12,GS-1,B-020,0.0,0
2026-06-12,GS-1,B-023,1158.4195616984186,500
2026-06-12,GS-1,B-049,85.89975563441664,500
2026-06-12,GS-1,B-057,0.0,0
2026-06-12,GS-1,B-078,163.61858216079358,435
2026-06-12,GS-1,B-079,206.9775064334039,436
2026-06-12,GS-1,B-106,1091.3359430124933,465
2026-06-12,GS-1,B-108,0.0,0
2026-06-12,GS-1,B-045,0.0,0
2026-06-12,GS-1,B-067,687.1980450753331,495
2026-06-12,GS-1,B-052,0.0,0
2026-06-12,GS-1,B-066,650.3838640891545,510
2026-06-12,GS-1,B-069,0.0,0
2026-06-12,GS-1,B-205,0.0,0
2026-06-12,GS-1,B-077,171.79951126883327,215
2026-06-12,GS-2,B-092,410.68264122359193,570
2026-06-12,GS-2,B-115,0.0,0
2026-06-12,GS-2,B-116,2323.383866683269,549
2026-06-12,GS-2,B-091,2756.155016498568,534
2026-06-12,GS-2,B-090,0.0, 
2026-06-12,GS-2,B-075,0.0,0
2026-06-12,GS-2,B-038,0.0,0
2026-06-12,GS-2,B-46,0.0,0
2026-06-12,GS-2,B-073,0.0,0
2026-06-12,GS-2,B-076,0.0,0
2026-06-12,GS-2,B-137,412.31882704519984,505
2026-06-12,GS-3,B-053,4147.731057776117,510
2026-06-12,GS-3,B-059,0.0,0
2026-06-12,GS-3,B-062,4179.636681297472,485
2026-06-12,GS-3,B-063,0.0,0
2026-06-12,GS-3,B-065,2218.667974100361,239
2026-06-12,GS-3,B-101,0.0,0
2026-06-12,GS-3,B-107,0.0,0
2026-06-12,GS-3,B-110,0.0,0
2026-06-12,GS-3,B-129,0.0,0
2026-06-12,GS-3,B-134,58.902689577885695,295
2026-06-12,GS-4,BN-033,159.52811760677375,483
2026-06-12,GS-4,BN-037,0.0,0
2026-06-12,GS-4,BN-040,122.71393662059519,290
2026-06-12,GS-4,BN-041,159.52811760677375,451
2026-06-12,GS-4,BN-042,858.9975563441664,560
2026-06-12,GS-4,BN-043,208.61369225501184,535
2026-06-12,GS-4,BN-046,0.0,0
2026-06-12,GS-4,BN-049,531.7603920225791,540
2026-06-12,GS-4,B-226,0.0,0
2026-06-12,PLTG,B-120,3947.2982946291454,580
2026-06-12,PLTG,B-047,7371.835219254555,470
2026-06-12,PLTG,B-133,1644.3667507159755,585
2026-06-12,MGS,B-32,0.0,0
2026-06-13,GS-1,B-050,2185.4532142818625,460
2026-06-13,GS-1,B-061,562.493635772773,495
2026-06-13,GS-1,B-031,0.0,0
2026-06-13,GS-1,B-074,986.0182556487433,445
2026-06-13,GS-1,B-020,0.0,0
2026-06-13,GS-1,B-023,1171.3102768444803,500
2026-06-13,GS-1,B-049,86.85563493550173,500
2026-06-13,GS-1,B-057,0.0,0
2026-06-13,GS-1,B-078,165.4393046390509,435
2026-06-13,GS-1,B-079,209.2807203683994,436
2026-06-13,GS-1,B-106,1103.4801619424695,465
2026-06-13,GS-1,B-108,0.0,0
2026-06-13,GS-1,B-045,0.0,0
2026-06-13,GS-1,B-067,694.8450794840138,495
2026-06-13,GS-1,B-052,0.0,0
2026-06-13,GS-1,B-066,657.6212359402273,510
2026-06-13,GS-1,B-069,0.0,0
2026-06-13,GS-1,B-205,0.0,0
2026-06-13,GS-1,B-077,173.71126987100345,215
2026-06-13,GS-2,B-092,415.25265464401775,570
2026-06-13,GS-2,B-115,0.0,0
2026-06-13,GS-2,B-116,2349.2381258745227,549
2026-06-13,GS-2,B-091,2786.8250866448125,534
2026-06-13,GS-2,B-090,0.0, 
2026-06-13,GS-2,B-075,0.0,0
2026-06-13,GS-2,B-038,0.0,0
2026-06-13,GS-2,B-46,0.0,0
2026-06-13,GS-2,B-073,0.0,0
2026-06-13,GS-2,B-076,0.0,0
2026-06-13,GS-2,B-137,416.90704769040826,505
2026-06-13,GS-3,B-053,4193.88637259994,510
2026-06-13,GS-3,B-059,0.0,0
2026-06-13,GS-3,B-062,4226.147037004555,485
2026-06-13,GS-3,B-063,0.0,0
2026-06-13,GS-3,B-065,2243.35697090553,239
2026-06-13,GS-3,B-101,0.0,0
2026-06-13,GS-3,B-107,0.0,0
2026-06-13,GS-3,B-110,0.0,0
2026-06-13,GS-3,B-129,0.0,0
2026-06-13,GS-3,B-134,59.55814967005833,295
2026-06-13,GS-4,BN-033,161.30332202307463,483
2026-06-13,GS-4,BN-037,0.0,0
2026-06-13,GS-4,BN-040,124.07947847928817,290
2026-06-13,GS-4,BN-041,161.30332202307463,451
2026-06-13,GS-4,BN-042,868.5563493550172,560
2026-06-13,GS-4,BN-043,210.9351134147899,535
2026-06-13,GS-4,BN-046,0.0,0
2026-06-13,GS-4,BN-049,537.6777400769154,540
2026-06-13,GS-4,B-226,0.0,0
2026-06-13,PLTG,B-120,3991.2232244171028,580
2026-06-13,PLTG,B-047,7453.8678705124385,470
2026-06-13,PLTG,B-133,1662.6650116224616,585
2026-06-13,MGS,B-32,0.0,0
2026-06-14,GS-1,B-050,2174.1972357116174,460
2026-06-14,GS-1,B-061,559.596563317146,495
2026-06-14,GS-1,B-031,0.0,0
2026-06-14,GS-1,B-074,980.9398580500559,445
2026-06-14,GS-1,B-020,0.0,0
2026-06-14,GS-1,B-023,1165.277549495704,500
2026-06-14,GS-1,B-049,86.40829286514754,500
2026-06-14,GS-1,B-057,0.0,0
2026-06-14,GS-1,B-078,164.58722450504294,435
2026-06-14,GS-1,B-079,208.20283899887934,436
2026-06-14,GS-1,B-106,1097.7967874486365,465
2026-06-14,GS-1,B-108,0.0,0
2026-06-14,GS-1,B-045,0.0,0
2026-06-14,GS-1,B-067,691.2663429211804,495
2026-06-14,GS-1,B-052,0.0,0
2026-06-14,GS-1,B-066,654.2342174075458,510
2026-06-14,GS-1,B-069,0.0,0
2026-06-14,GS-1,B-205,0.0,0
2026-06-14,GS-1,B-077,172.8165857302951,215
2026-06-14,GS-2,B-092,413.1139335076578,570
2026-06-14,GS-2,B-115,0.0,0
2026-06-14,GS-2,B-116,2337.13858797161,549
2026-06-14,GS-2,B-091,2772.4717967874485,534
2026-06-14,GS-2,B-090,0.0, 
2026-06-14,GS-2,B-075,0.0,0
2026-06-14,GS-2,B-038,0.0,0
2026-06-14,GS-2,B-46,0.0,0
2026-06-14,GS-2,B-073,0.0,0
2026-06-14,GS-2,B-076,0.0,0
2026-06-14,GS-2,B-137,414.75980575270825,505
2026-06-14,GS-3,B-053,4172.286141202839,510
2026-06-14,GS-3,B-059,0.0,0
2026-06-14,GS-3,B-062,4204.380649981322,485
2026-06-14,GS-3,B-063,0.0,0
2026-06-14,GS-3,B-065,2231.8027642883826,239
2026-06-14,GS-3,B-101,0.0,0
2026-06-14,GS-3,B-107,0.0,0
2026-06-14,GS-3,B-110,0.0,0
2026-06-14,GS-3,B-129,0.0,0
2026-06-14,GS-3,B-134,59.251400821815466,295
2026-06-14,GS-4,BN-033,160.47254389241687,483
2026-06-14,GS-4,BN-037,0.0,0
2026-06-14,GS-4,BN-040,123.44041837878221,290
2026-06-14,GS-4,BN-041,160.47254389241687,451
2026-06-14,GS-4,BN-042,864.0829286514755,560
2026-06-14,GS-4,BN-043,209.84871124392976,535
2026-06-14,GS-4,BN-046,0.0,0
2026-06-14,GS-4,BN-049,534.9084796413896,540
2026-06-14,GS-4,B-226,0.0,0
2026-06-14,PLTG,B-120,3970.666791184161,580
2026-06-14,PLTG,B-047,7415.47740007471,470
2026-06-14,PLTG,B-133,1654.1016062756817,585
2026-06-14,MGS,B-32,0.0,0
2026-06-15,GS-1,B-050,2163.6700286390237,460
2026-06-15,GS-1,B-061,556.8870626322998,495
2026-06-15,GS-1,B-031,0.0,0
2026-06-15,GS-1,B-074,976.1902627319139,445
2026-06-15,GS-1,B-020,0.0,0
2026-06-15,GS-1,B-023,1159.635412775495,500
2026-06-15,GS-1,B-049,85.98991408292865,500
2026-06-15,GS-1,B-057,0.0,0
2026-06-15,GS-1,B-078,163.7903125389117,435
2026-06-15,GS-1,B-079,207.19474536172334,436
2026-06-15,GS-1,B-106,1092.4813846345412,465
2026-06-15,GS-1,B-108,0.0,0
2026-06-15,GS-1,B-045,0.0,0
2026-06-15,GS-1,B-067,687.9193126634292,495
2026-06-15,GS-1,B-052,0.0,0
2026-06-15,GS-1,B-066,651.0664923421741,510
2026-06-15,GS-1,B-069,0.0,0
2026-06-15,GS-1,B-205,0.0,0
2026-06-15,GS-1,B-077,171.9798281658573,215
2026-06-15,GS-2,B-092,411.1136844726684,570
2026-06-15,GS-2,B-115,0.0,0
2026-06-15,GS-2,B-116,2325.822438052546,549
2026-06-15,GS-2,B-091,2759.047814717968,534
2026-06-15,GS-2,B-090,0.0, 
2026-06-15,GS-2,B-075,0.0,0
2026-06-15,GS-2,B-038,0.0,0
2026-06-15,GS-2,B-46,0.0,0
2026-06-15,GS-2,B-073,0.0,0
2026-06-15,GS-2,B-076,0.0,0
2026-06-15,GS-2,B-137,412.75158759805754,505
2026-06-15,GS-3,B-053,4152.084422861412,510
2026-06-15,GS-3,B-059,0.0,0
2026-06-15,GS-3,B-062,4184.0235338064995,485
2026-06-15,GS-3,B-063,0.0,0
2026-06-15,GS-3,B-065,2220.996638027643,239
2026-06-15,GS-3,B-101,0.0,0
2026-06-15,GS-3,B-107,0.0,0
2026-06-15,GS-3,B-110,0.0,0
2026-06-15,GS-3,B-129,0.0,0
2026-06-15,GS-3,B-134,58.96451251400822,295
2026-06-15,GS-4,BN-033,159.69555472543894,483
2026-06-15,GS-4,BN-037,0.0,0
2026-06-15,GS-4,BN-040,122.84273440418379,290
2026-06-15,GS-4,BN-041,159.69555472543894,451
2026-06-15,GS-4,BN-042,859.8991408292866,560
2026-06-15,GS-4,BN-043,208.83264848711244,535
2026-06-15,GS-4,BN-046,0.0,0
2026-06-15,GS-4,BN-049,532.3185157514631,540
2026-06-15,GS-4,B-226,0.0,0
2026-06-15,PLTG,B-120,3951.4412900012453,580
2026-06-15,PLTG,B-047,7379.572531440667,470
2026-06-15,PLTG,B-133,1646.0926410160628,585
2026-06-15,MGS,B-32,0.0,0
2026-06-16,GS-1,B-050,2188.0964388012853,460
2026-06-16,GS-1,B-061,563.1739509405277,495
2026-06-16,GS-1,B-031,0.0,0
2026-06-16,GS-1,B-074,987.2108081192779,445
2026-06-16,GS-1,B-020,0.0,0
2026-06-16,GS-1,B-023,1172.726933134981,500
2026-06-16,GS-1,B-049,86.96068360111089,500
2026-06-16,GS-1,B-057,0.0,0
2026-06-16,GS-1,B-078,165.6393973354493,435
2026-06-16,GS-1,B-079,209.53383762934337,436
2026-06-16,GS-1,B-106,1104.8147802274468,465
2026-06-16,GS-1,B-108,0.0,0
2026-06-16,GS-1,B-045,0.0,0
2026-06-16,GS-1,B-067,695.6854688088871,495
2026-06-16,GS-1,B-052,0.0,0
2026-06-16,GS-1,B-066,658.416604408411,510
2026-06-16,GS-1,B-069,0.0,0
2026-06-16,GS-1,B-205,0.0,0
2026-06-16,GS-1,B-077,173.92136720222177,215
2026-06-16,GS-2,B-092,415.75488731197777,570
2026-06-16,GS-2,B-115,0.0,0
2026-06-16,GS-2,B-116,2352.07944216338,549
2026-06-16,GS-2,B-091,2790.1956481156435,534
2026-06-16,GS-2,B-090,0.0, 
2026-06-16,GS-2,B-075,0.0,0
2026-06-16,GS-2,B-038,0.0,0
2026-06-16,GS-2,B-46,0.0,0
2026-06-16,GS-2,B-073,0.0,0
2026-06-16,GS-2,B-076,0.0,0
2026-06-16,GS-2,B-137,417.4112812853322,505
2026-06-16,GS-3,B-053,4198.95872245364,510
2026-06-16,GS-3,B-059,0.0,0
2026-06-16,GS-3,B-062,4231.258404934052,485
2026-06-16,GS-3,B-063,0.0,0
2026-06-16,GS-3,B-065,2246.0702278686927,239
2026-06-16,GS-3,B-101,0.0,0
2026-06-16,GS-3,B-107,0.0,0
2026-06-16,GS-3,B-110,0.0,0
2026-06-16,GS-3,B-129,0.0,0
2026-06-16,GS-3,B-134,59.63018304076175,295
2026-06-16,GS-4,BN-033,161.49841240206308,483
2026-06-16,GS-4,BN-037,0.0,0
2026-06-16,GS-4,BN-040,124.22954800158698,290
2026-06-16,GS-4,BN-041,161.49841240206308,451
2026-06-16,GS-4,BN-042,869.6068360111088,560
2026-06-16,GS-4,BN-043,211.19023160269785,535
2026-06-16,GS-4,BN-046,0.0,0
2026-06-16,GS-4,BN-049,538.3280413402102,540
2026-06-16,GS-4,B-226,0.0,0
2026-06-16,PLTG,B-120,3996.0504607177145,580
2026-06-16,PLTG,B-047,7462.883046948668,470
2026-06-16,PLTG,B-133,1664.6759432212655,585
2026-06-16,MGS,B-32,0.0,0
2026-06-17,GS-1,B-050,2201.2554476403934,460
2026-06-17,GS-1,B-061,566.5608267961649,495
2026-06-17,GS-1,B-031,0.0,0
2026-06-17,GS-1,B-074,993.1478022662184,445
2026-06-17,GS-1,B-020,0.0,0
2026-06-17,GS-1,B-023,1179.7796040343667,500
2026-06-17,GS-1,B-049,87.48365707881958,500
2026-06-17,GS-1,B-057,0.0,0
2026-06-17,GS-1,B-078,166.63553729298965,435
2026-06-17,GS-1,B-079,210.7939546756319,436
2026-06-17,GS-1,B-106,1111.459033744241,465
2026-06-17,GS-1,B-108,0.0,0
2026-06-17,GS-1,B-045,0.0,0
2026-06-17,GS-1,B-067,699.8692566305566,495
2026-06-17,GS-1,B-052,0.0,0
2026-06-17,GS-1,B-066,662.3762607396338,510
2026-06-17,GS-1,B-069,0.0,0
2026-06-17,GS-1,B-205,0.0,0
2026-06-17,GS-1,B-077,174.96731415763915,215
2026-06-17,GS-2,B-092,418.255198605404,570
2026-06-17,GS-2,B-115,0.0,0
2026-06-17,GS-2,B-116,2366.224629560453,549
2026-06-17,GS-2,B-091,2806.9756257004105,534
2026-06-17,GS-2,B-090,0.0, 
2026-06-17,GS-2,B-075,0.0,0
2026-06-17,GS-2,B-038,0.0,0
2026-06-17,GS-2,B-46,0.0,0
2026-06-17,GS-2,B-073,0.0,0
2026-06-17,GS-2,B-076,0.0,0
2026-06-17,GS-2,B-137,419.9215539783339,505
2026-06-17,GS-3,B-053,4224.210870377287,510
2026-06-17,GS-3,B-059,0.0,0
2026-06-17,GS-3,B-062,4256.70480014942,485
2026-06-17,GS-3,B-063,0.0,0
2026-06-17,GS-3,B-065,2259.5778856929396,239
2026-06-17,GS-3,B-101,0.0,0
2026-06-17,GS-3,B-107,0.0,0
2026-06-17,GS-3,B-110,0.0,0
2026-06-17,GS-3,B-129,0.0,0
2026-06-17,GS-3,B-134,59.988793425476274,295
2026-06-17,GS-4,BN-033,162.4696488606649,483
2026-06-17,GS-4,BN-037,0.0,0
2026-06-17,GS-4,BN-040,124.97665296974225,290
2026-06-17,GS-4,BN-041,162.4696488606649,451
2026-06-17,GS-4,BN-042,874.8365707881957,560
2026-06-17,GS-4,BN-043,212.4603100485618,535
2026-06-17,GS-4,BN-046,0.0,0
2026-06-17,GS-4,BN-049,541.5654962022164,540
2026-06-17,GS-4,B-226,0.0,0
2026-06-17,PLTG,B-120,4020.082337193375,580
2026-06-17,PLTG,B-047,7507.764132735649,470
2026-06-17,PLTG,B-133,1674.687149794546,585
2026-06-17,MGS,B-32,0.0,0
2026-06-18,GS-1,B-050,2266.584443614328,460
2026-06-18,GS-1,B-061,583.3752542232183,495
2026-06-18,GS-1,B-031,0.0,0
2026-06-18,GS-1,B-074,1022.6225044618769,445
2026-06-18,GS-1,B-020,0.0,0
2026-06-18,GS-1,B-023,1214.79317644129,500
2026-06-18,GS-1,B-049,90.0800024903499,500
2026-06-18,GS-1,B-057,0.0,0
2026-06-18,GS-1,B-078,171.580957124476,435
2026-06-18,GS-1,B-079,217.04991076246213,436
2026-06-18,GS-1,B-106,1144.4449840202549,465
2026-06-18,GS-1,B-108,0.0,0
2026-06-18,GS-1,B-045,0.0,0
2026-06-18,GS-1,B-067,720.6400199227992,495
2026-06-18,GS-1,B-052,0.0,0
2026-06-18,GS-1,B-066,682.0343045697921,510
2026-06-18,GS-1,B-069,0.0,0
2026-06-18,GS-1,B-205,0.0,0
2026-06-18,GS-1,B-077,180.1600049806998,215
2026-06-18,GS-2,B-092,430.66820238243474,570
2026-06-18,GS-2,B-115,0.0,0
2026-06-18,GS-2,B-116,2436.449591167559,549
2026-06-18,GS-2,B-091,2890.281222761798,534
2026-06-18,GS-2,B-090,0.0, 
2026-06-18,GS-2,B-075,0.0,0
2026-06-18,GS-2,B-038,0.0,0
2026-06-18,GS-2,B-46,0.0,0
2026-06-18,GS-2,B-073,0.0,0
2026-06-18,GS-2,B-076,0.0,0
2026-06-18,GS-2,B-137,432.3840119536795,505
2026-06-18,GS-3,B-053,4349.577263105466,510
2026-06-18,GS-3,B-059,0.0,0
2026-06-18,GS-3,B-062,4383.035549744739,485
2026-06-18,GS-3,B-063,0.0,0
2026-06-18,GS-3,B-065,2326.6377786078942,239
2026-06-18,GS-3,B-101,0.0,0
2026-06-18,GS-3,B-107,0.0,0
2026-06-18,GS-3,B-110,0.0,0
2026-06-18,GS-3,B-129,0.0,0
2026-06-18,GS-3,B-134,61.769144564811356,295
2026-06-18,GS-4,BN-033,167.2914331963641,483
2026-06-18,GS-4,BN-037,0.0,0
2026-06-18,GS-4,BN-040,128.685717843357,290
2026-06-18,GS-4,BN-041,167.2914331963641,451
2026-06-18,GS-4,BN-042,900.800024903499,560
2026-06-18,GS-4,BN-043,218.7657203337069,535
2026-06-18,GS-4,BN-046,0.0,0
2026-06-18,GS-4,BN-049,557.638110654547,540
2026-06-18,GS-4,B-226,0.0,0
2026-06-18,PLTG,B-120,4139.390590627983,580
2026-06-18,PLTG,B-047,7730.580023243266,470
2026-06-18,PLTG,B-133,1724.3886191009838,585
2026-06-18,MGS,B-32,0.0,0
2026-06-19,GS-1,B-050,2269.4903913999915,460
2026-06-19,GS-1,B-061,584.1231893080977,495
2026-06-19,GS-1,B-031,0.0,0
2026-06-19,GS-1,B-074,1023.933590669489,445
2026-06-19,GS-1,B-020,0.0,0
2026-06-19,GS-1,B-023,1216.3506412650977,500
2026-06-19,GS-1,B-049,90.19549246669156,500
2026-06-19,GS-1,B-057,0.0,0
2026-06-19,GS-1,B-078,171.80093803179346,435
2026-06-19,GS-1,B-079,217.32818661021872,436
2026-06-19,GS-1,B-106,1145.9122566720623,465
2026-06-19,GS-1,B-108,0.0,0
2026-06-19,GS-1,B-045,0.0,0
2026-06-19,GS-1,B-067,721.5639397335325,495
2026-06-19,GS-1,B-052,0.0,0
2026-06-19,GS-1,B-066,682.908728676379,510
2026-06-19,GS-1,B-069,0.0,0
2026-06-19,GS-1,B-205,0.0,0
2026-06-19,GS-1,B-077,180.39098493338312,215
2026-06-19,GS-2,B-092,431.22035445980157,570
2026-06-19,GS-2,B-115,0.0,0
2026-06-19,GS-2,B-116,2439.573320051467,549
2026-06-19,GS-2,B-091,2893.986801145561,534
2026-06-19,GS-2,B-090,0.0, 
2026-06-19,GS-2,B-075,0.0,0
2026-06-19,GS-2,B-038,0.0,0
2026-06-19,GS-2,B-46,0.0,0
2026-06-19,GS-2,B-073,0.0,0
2026-06-19,GS-2,B-076,0.0,0
2026-06-19,GS-2,B-137,432.9383638401195,505
2026-06-19,GS-3,B-053,4355.1537791059645,510
2026-06-19,GS-3,B-059,0.0,0
2026-06-19,GS-3,B-062,4388.654962022164,485
2026-06-19,GS-3,B-063,0.0,0
2026-06-19,GS-3,B-065,2329.6207197111194,239
2026-06-19,GS-3,B-101,0.0,0
2026-06-19,GS-3,B-107,0.0,0
2026-06-19,GS-3,B-110,0.0,0
2026-06-19,GS-3,B-129,0.0,0
2026-06-19,GS-3,B-134,61.84833769144564,295
2026-06-19,GS-4,BN-033,167.50591458099862,483
2026-06-19,GS-4,BN-037,0.0,0
2026-06-19,GS-4,BN-040,128.85070352384508,290
2026-06-19,GS-4,BN-041,167.50591458099862,451
2026-06-19,GS-4,BN-042,901.9549246669156,560
2026-06-19,GS-4,BN-043,219.04619599053666,535
2026-06-19,GS-4,BN-046,0.0,0
2026-06-19,GS-4,BN-049,558.3530486033287,540
2026-06-19,GS-4,B-226,0.0,0
2026-06-19,PLTG,B-120,4144.697630017017,580
2026-06-19,PLTG,B-047,7740.491263022454,470
2026-06-19,PLTG,B-133,1726.5994272195242,585
2026-06-19,MGS,B-32,0.0,0
2026-06-20,GS-1,B-050,2269.7302691636837,460
2026-06-20,GS-1,B-061,584.1849292321366,495
2026-06-20,GS-1,B-031,0.0,0
2026-06-20,GS-1,B-074,1024.041817124569,445
2026-06-20,GS-1,B-020,0.0,0
2026-06-20,GS-1,B-023,1216.479205577508,500
2026-06-20,GS-1,B-049,90.2050258373152,500
2026-06-20,GS-1,B-057,0.0,0
2026-06-20,GS-1,B-078,171.81909683298136,435
2026-06-20,GS-1,B-079,217.35115749372142,436
2026-06-20,GS-1,B-106,1146.0333758759857,465
2026-06-20,GS-1,B-108,0.0,0
2026-06-20,GS-1,B-045,0.0,0
2026-06-20,GS-1,B-067,721.6402066985216,495
2026-06-20,GS-1,B-052,0.0,0
2026-06-20,GS-1,B-066,682.9809099111009,510
2026-06-20,GS-1,B-069,0.0,0
2026-06-20,GS-1,B-205,0.0,0
2026-06-20,GS-1,B-077,180.4100516746304,215
2026-06-20,GS-2,B-092,431.2659330507832,570
2026-06-20,GS-2,B-115,0.0,0
2026-06-20,GS-2,B-116,2439.831175028335,549
2026-06-20,GS-2,B-091,2894.2926861515707,534
2026-06-20,GS-2,B-090,0.0, 
2026-06-20,GS-2,B-075,0.0,0
2026-06-20,GS-2,B-038,0.0,0
2026-06-20,GS-2,B-46,0.0,0
2026-06-20,GS-2,B-073,0.0,0
2026-06-20,GS-2,B-076,0.0,0
2026-06-20,GS-2,B-137,432.98412401911304,505
2026-06-20,GS-3,B-053,4355.614104716077,510
2026-06-20,GS-3,B-059,0.0,0
2026-06-20,GS-3,B-062,4389.118828598509,485
2026-06-20,GS-3,B-063,0.0,0
2026-06-20,GS-3,B-065,2329.866953055227,239
2026-06-20,GS-3,B-101,0.0,0
2026-06-20,GS-3,B-107,0.0,0
2026-06-20,GS-3,B-110,0.0,0
2026-06-20,GS-3,B-129,0.0,0
2026-06-20,GS-3,B-134,61.85487485987329,295
2026-06-20,GS-4,BN-033,167.52361941215682,483
2026-06-20,GS-4,BN-037,0.0,0
2026-06-20,GS-4,BN-040,128.86432262473602,290
2026-06-20,GS-4,BN-041,167.52361941215682,451
2026-06-20,GS-4,BN-042,902.0502583731521,560
2026-06-20,GS-4,BN-043,219.06934846205124,535
2026-06-20,GS-4,BN-046,0.0,0
2026-06-20,GS-4,BN-049,558.4120647071894,540
2026-06-20,GS-4,B-226,0.0,0
2026-06-20,PLTG,B-120,4145.135711095675,580
2026-06-20,PLTG,B-047,7741.309407809975,470
2026-06-20,PLTG,B-133,1726.7819231714627,585
2026-06-20,MGS,B-32,0.0,0
2026-06-21,GS-1,B-050,2251.2916649361678,460
2026-06-21,GS-1,B-061,579.439187038832,495
2026-06-21,GS-1,B-031,0.0,0
2026-06-21,GS-1,B-074,1015.7228102210113,445
2026-06-21,GS-1,B-020,0.0,0
2026-06-21,GS-1,B-023,1206.5968953632148,500
2026-06-21,GS-1,B-049,89.47222741040787,500
2026-06-21,GS-1,B-057,0.0,0
2026-06-21,GS-1,B-078,170.42329030553879,435
2026-06-21,GS-1,B-079,215.58546223650657,436
2026-06-21,GS-1,B-106,1136.723346337944,465
2026-06-21,GS-1,B-108,0.0,0
2026-06-21,GS-1,B-045,0.0,0
2026-06-21,GS-1,B-067,715.7778192832629,495
2026-06-21,GS-1,B-052,0.0,0
2026-06-21,GS-1,B-066,677.4325789645168,510
2026-06-21,GS-1,B-069,0.0,0
2026-06-21,GS-1,B-205,0.0,0
2026-06-21,GS-1,B-077,178.94445482081574,215
2026-06-21,GS-2,B-092,427.7624586669024,570
2026-06-21,GS-2,B-115,0.0,0
2026-06-21,GS-2,B-116,2420.010722338651,549
2026-06-21,GS-2,B-091,2870.780325196801,534
2026-06-21,GS-2,B-090,0.0, 
2026-06-21,GS-2,B-075,0.0,0
2026-06-21,GS-2,B-038,0.0,0
2026-06-21,GS-2,B-46,0.0,0
2026-06-21,GS-2,B-073,0.0,0
2026-06-21,GS-2,B-076,0.0,0
2026-06-21,GS-2,B-137,429.4666915699578,505
2026-06-21,GS-3,B-053,4320.230409245409,510
2026-06-21,GS-3,B-059,0.0,0
2026-06-21,GS-3,B-062,4353.462950854989,485
2026-06-21,GS-3,B-063,0.0,0
2026-06-21,GS-3,B-065,2310.939816543106,239
2026-06-21,GS-3,B-101,0.0,0
2026-06-21,GS-3,B-107,0.0,0
2026-06-21,GS-3,B-110,0.0,0
2026-06-21,GS-3,B-129,0.0,0
2026-06-21,GS-3,B-134,61.35238450999397,295
2026-06-21,GS-4,BN-033,166.16270804790034,483
2026-06-21,GS-4,BN-037,0.0,0
2026-06-21,GS-4,BN-040,127.8174677291541,290
2026-06-21,GS-4,BN-041,166.16270804790034,451
2026-06-21,GS-4,BN-042,894.7222741040787,560
2026-06-21,GS-4,BN-043,217.28969513956196,535
2026-06-21,GS-4,BN-046,0.0,0
2026-06-21,GS-4,BN-049,553.8756934930011,540
2026-06-21,GS-4,B-226,0.0,0
2026-06-21,PLTG,B-120,4111.461878621123,580
2026-06-21,PLTG,B-047,7678.421344716051,470
2026-06-21,PLTG,B-133,1712.754067570665,585
2026-06-21,MGS,B-32,0.0,0
2026-06-22,GS-1,B-050,2204.3076066364883,460
2026-06-22,GS-1,B-061,567.3463938352809,495
2026-06-22,GS-1,B-031,0.0,0
2026-06-22,GS-1,B-074,994.5248550759629,445
2026-06-22,GS-1,B-020,0.0,0
2026-06-22,GS-1,B-023,1181.4154318687613,500
2026-06-22,GS-1,B-049,87.60495787162425,500
2026-06-22,GS-1,B-057,0.0,0
2026-06-22,GS-1,B-078,166.86658642214144,435
2026-06-22,GS-1,B-079,211.0862318240089,436
2026-06-22,GS-1,B-106,1113.0001314356832,465
2026-06-22,GS-1,B-108,0.0,0
2026-06-22,GS-1,B-045,0.0,0
2026-06-22,GS-1,B-067,700.839662972994,495
2026-06-22,GS-1,B-052,0.0,0
2026-06-22,GS-1,B-066,663.2946810280122,510
2026-06-22,GS-1,B-069,0.0,0
2026-06-22,GS-1,B-205,0.0,0
2026-06-22,GS-1,B-077,175.2099157432485,215
2026-06-22,GS-2,B-092,418.83513191957496,570
2026-06-22,GS-2,B-115,0.0,0
2026-06-22,GS-2,B-116,2369.5055271944084,549
2026-06-22,GS-2,B-091,2810.8676482809724,534
2026-06-22,GS-2,B-090,0.0, 
2026-06-22,GS-2,B-075,0.0,0
2026-06-22,GS-2,B-038,0.0,0
2026-06-22,GS-2,B-46,0.0,0
2026-06-22,GS-2,B-073,0.0,0
2026-06-22,GS-2,B-076,0.0,0
2026-06-22,GS-2,B-137,420.5037977837964,505
2026-06-22,GS-3,B-053,4230.067965801285,510
2026-06-22,GS-3,B-059,0.0,0
2026-06-22,GS-3,B-062,4262.606950153603,485
2026-06-22,GS-3,B-063,0.0,0
2026-06-22,GS-3,B-065,2262.7109118842377,239
2026-06-22,GS-3,B-101,0.0,0
2026-06-22,GS-3,B-107,0.0,0
2026-06-22,GS-3,B-110,0.0,0
2026-06-22,GS-3,B-129,0.0,0
2026-06-22,GS-3,B-134,60.07197111197091,295
2026-06-22,GS-4,BN-033,162.6949217615879,483
2026-06-22,GS-4,BN-037,0.0,0
2026-06-22,GS-4,BN-040,125.14993981660606,290
2026-06-22,GS-4,BN-041,162.6949217615879,451
2026-06-22,GS-4,BN-042,876.0495787162425,560
2026-06-22,GS-4,BN-043,212.75489768823033,535
2026-06-22,GS-4,BN-046,0.0,0
2026-06-22,GS-4,BN-049,542.3164058719597,540
2026-06-22,GS-4,B-226,0.0,0
2026-06-22,PLTG,B-120,4025.656397434162,580
2026-06-22,PLTG,B-047,7518.174051249582,470
2026-06-22,PLTG,B-133,1677.0091935425214,585
2026-06-22,MGS,B-32,0.0,0
2026-06-23,GS-1,B-050,2199.9121321545676,460
2026-06-23,GS-1,B-061,566.2150832191923,495
2026-06-23,GS-1,B-031,0.0,0
2026-06-23,GS-1,B-074,992.541734113643,445
2026-06-23,GS-1,B-020,0.0,0
2026-06-23,GS-1,B-023,1179.059643879965,500
2026-06-23,GS-1,B-049,87.43027020296351,500
2026-06-23,GS-1,B-057,0.0,0
2026-06-23,GS-1,B-078,166.53384800564478,435
2026-06-23,GS-1,B-079,210.66531772714066,436
2026-06-23,GS-1,B-106,1110.7807661976508,465
2026-06-23,GS-1,B-108,0.0,0
2026-06-23,GS-1,B-045,0.0,0
2026-06-23,GS-1,B-067,699.4421616237081,495
2026-06-23,GS-1,B-052,0.0,0
2026-06-23,GS-1,B-066,661.9720458224381,510
2026-06-23,GS-1,B-069,0.0,0
2026-06-23,GS-1,B-205,0.0,0
2026-06-23,GS-1,B-077,174.86054040592703,215
2026-06-23,GS-2,B-092,417.9999584941684,570
2026-06-23,GS-2,B-115,0.0,0
2026-06-23,GS-2,B-116,2364.780641680156,549
2026-06-23,GS-2,B-091,2805.2626696550865,534
2026-06-23,GS-2,B-090,0.0, 
2026-06-23,GS-2,B-075,0.0,0
2026-06-23,GS-2,B-038,0.0,0
2026-06-23,GS-2,B-46,0.0,0
2026-06-23,GS-2,B-073,0.0,0
2026-06-23,GS-2,B-076,0.0,0
2026-06-23,GS-2,B-137,419.6652969742249,505
2026-06-23,GS-3,B-053,4221.633046943096,510
2026-06-23,GS-3,B-059,0.0,0
2026-06-23,GS-3,B-062,4254.107147304197,485
2026-06-23,GS-3,B-063,0.0,0
2026-06-23,GS-3,B-065,2258.198978956543,239
2026-06-23,GS-3,B-101,0.0,0
2026-06-23,GS-3,B-107,0.0,0
2026-06-23,GS-3,B-110,0.0,0
2026-06-23,GS-3,B-129,0.0,0
2026-06-23,GS-3,B-134,59.952185282032126,295
2026-06-23,GS-4,BN-033,162.37050180550366,483
2026-06-23,GS-4,BN-037,0.0,0
2026-06-23,GS-4,BN-040,124.9003860042336,290
2026-06-23,GS-4,BN-041,162.37050180550366,451
2026-06-23,GS-4,BN-042,874.3027020296352,560
2026-06-23,GS-4,BN-043,212.3306562071971,535
2026-06-23,GS-4,BN-046,0.0,0
2026-06-23,GS-4,BN-049,541.2350060183455,540
2026-06-23,GS-4,B-226,0.0,0
2026-06-23,PLTG,B-120,4017.6290831361807,580
2026-06-23,PLTG,B-047,7503.182521894326,470
2026-06-23,PLTG,B-133,1673.6651724567303,585
2026-06-23,MGS,B-32,0.0,0
2026-06-24,GS-1,B-050,2170.4734189726096,460
2026-06-24,GS-1,B-061,558.6381244895438,495
2026-06-24,GS-1,B-031,0.0,0
2026-06-24,GS-1,B-074,979.2597711640238,445
2026-06-24,GS-1,B-020,0.0,0
2026-06-24,GS-1,B-023,1163.2817415841089,500
2026-06-24,GS-1,B-049,86.26029863441485,500
2026-06-24,GS-1,B-057,0.0,0
2026-06-24,GS-1,B-078,164.30533073221875,435
2026-06-24,GS-1,B-079,207.84624337625672,436
2026-06-24,GS-1,B-106,1095.9165559838991,465
2026-06-24,GS-1,B-108,0.0,0
2026-06-24,GS-1,B-045,0.0,0
2026-06-24,GS-1,B-067,690.0823890753188,495
2026-06-24,GS-1,B-052,0.0,0
2026-06-24,GS-1,B-066,653.1136896605695,510
2026-06-24,GS-1,B-069,0.0,0
2026-06-24,GS-1,B-205,0.0,0
2026-06-24,GS-1,B-077,172.5205972688297,215
2026-06-24,GS-2,B-092,412.40638013786906,570
2026-06-24,GS-2,B-115,0.0,0
2026-06-24,GS-2,B-116,2333.1356963975063,549
2026-06-24,GS-2,B-091,2767.723296184225,534
2026-06-24,GS-2,B-090,0.0,0
2026-06-24,GS-2,B-075,0.0,0
2026-06-24,GS-2,B-038,0.0,0
2026-06-24,GS-2,B-46,0.0,0
2026-06-24,GS-2,B-073,0.0,0
2026-06-24,GS-2,B-076,0.0,0
2026-06-24,GS-2,B-137,414.04943344519126,505
2026-06-24,GS-3,B-053,4165.140134061746,510
2026-06-24,GS-3,B-059,0.0,0
2026-06-24,GS-3,B-062,4197.179673554529,485
2026-06-24,GS-3,B-063,0.0,0
2026-06-24,GS-3,B-065,2227.9802847288865,239
2026-06-24,GS-3,B-101,0.0,0
2026-06-24,GS-3,B-107,0.0,0
2026-06-24,GS-3,B-110,0.0,0
2026-06-24,GS-3,B-129,0.0,0
2026-06-24,GS-3,B-134,59.14991906359875,295
2026-06-24,GS-4,BN-033,160.1976974639133,483
2026-06-24,GS-4,BN-037,0.0,0
2026-06-24,GS-4,BN-040,123.22899804916406,290
2026-06-24,GS-4,BN-041,160.1976974639133,451
2026-06-24,GS-4,BN-042,862.6029863441485,560
2026-06-24,GS-4,BN-043,209.4892966835789,535
2026-06-24,GS-4,BN-046,0.0,0
2026-06-24,GS-4,BN-049,533.992324879711,540
2026-06-24,GS-4,B-226,0.0,0
2026-06-24,PLTG,B-120,3963.8661039147773,580
2026-06-24,PLTG,B-047,7402.776676140116,470
2026-06-24,PLTG,B-133,1651.2685738587986,585
2026-06-24,MGS,B-32,0.0,0
2026-06-25,GS-1,B-050,2166.850122442203,460
2026-06-25,GS-1,B-061,557.7055576308471,495
2026-06-25,GS-1,B-031,0.0,0
2026-06-25,GS-1,B-074,977.6250363176026,445
2026-06-25,GS-1,B-020,0.0,0
2026-06-25,GS-1,B-023,1161.339808243058,500
2026-06-25,GS-1,B-049,86.11629934005728,500
2026-06-25,GS-1,B-057,0.0,0
2026-06-25,GS-1,B-078,164.03104636201385,435
2026-06-25,GS-1,B-079,207.49927364794755,436
2026-06-25,GS-1,B-106,1094.0870792346325,465
2026-06-25,GS-1,B-108,0.0,0
2026-06-25,GS-1,B-045,0.0,0
2026-06-25,GS-1,B-067,688.9303947204583,495
2026-06-25,GS-1,B-052,0.0,0
2026-06-25,GS-1,B-066,652.0234092890051,510
2026-06-25,GS-1,B-069,0.0,0
2026-06-25,GS-1,B-205,0.0,0
2026-06-25,GS-1,B-077,172.23259868011456,215
2026-06-25,GS-2,B-092,411.7179263686548,570
2026-06-25,GS-2,B-115,0.0,0
2026-06-25,GS-2,B-116,2329.240858340597,549
2026-06-25,GS-2,B-091,2763.1029759681237,534
2026-06-25,GS-2,B-090,0.0, 
2026-06-25,GS-2,B-075,0.0,0
2026-06-25,GS-2,B-038,0.0,0
2026-06-25,GS-2,B-46,0.0,0
2026-06-25,GS-2,B-073,0.0,0
2026-06-25,GS-2,B-076,0.0,0
2026-06-25,GS-2,B-137,413.35823683227494,505
2026-06-25,GS-3,B-053,4158.187025277051,510
2026-06-25,GS-3,B-059,0.0,0
2026-06-25,GS-3,B-062,4190.173079317644,485
2026-06-25,GS-3,B-063,0.0,0
2026-06-25,GS-3,B-065,2224.260988668908,239
2026-06-25,GS-3,B-101,0.0,0
2026-06-25,GS-3,B-107,0.0,0
2026-06-25,GS-3,B-110,0.0,0
2026-06-25,GS-3,B-129,0.0,0
2026-06-25,GS-3,B-134,59.05117669032499,295
2026-06-25,GS-4,BN-033,159.93027020296353,483
2026-06-25,GS-4,BN-037,0.0,0
2026-06-25,GS-4,BN-040,123.0232847715104,290
2026-06-25,GS-4,BN-041,159.93027020296353,451
2026-06-25,GS-4,BN-042,861.1629934005728,560
2026-06-25,GS-4,BN-043,209.13958411156767,535
2026-06-25,GS-4,BN-046,0.0,0
2026-06-25,GS-4,BN-049,533.100900676545,540
2026-06-25,GS-4,B-226,0.0,0
2026-06-25,PLTG,B-120,3957.2489934835844,580
2026-06-25,PLTG,B-047,7390.418793840535,470
2026-06-25,PLTG,B-133,1648.5120159382393,585
2026-06-25,MGS,B-32,0.0,0
2026-06-26,GS-1,B-050,2224.7223467397166,460
2026-06-26,GS-1,B-061,572.6007554061346,495
2026-06-26,GS-1,B-031,0.0,0
2026-06-26,GS-1,B-074,1003.735441829577,445
2026-06-26,GS-1,B-020,0.0,0
2026-06-26,GS-1,B-023,1192.3568671398332,500
2026-06-26,GS-1,B-049,88.41629311418254,500
2026-06-26,GS-1,B-057,0.0,0
2026-06-26,GS-1,B-078,168.41198688415722,435
2026-06-26,GS-1,B-079,213.04116340845889,436
2026-06-26,GS-1,B-106,1123.3079525173287,465
2026-06-26,GS-1,B-108,0.0,0
2026-06-26,GS-1,B-045,0.0,0
2026-06-26,GS-1,B-067,707.3303449134603,495
2026-06-26,GS-1,B-052,0.0,0
2026-06-26,GS-1,B-066,669.4376478645249,510
2026-06-26,GS-1,B-069,0.0,0
2026-06-26,GS-1,B-205,0.0,0
2026-06-26,GS-1,B-077,176.83258622836507,215
2026-06-26,GS-2,B-092,422.7140870792346,570
2026-06-26,GS-2,B-115,0.0,0
2026-06-26,GS-2,B-116,2391.4502137550326,549
2026-06-26,GS-2,B-091,2836.899919063628,534
2026-06-26,GS-2,B-090,0.0,0
2026-06-26,GS-2,B-075,0.0,0
2026-06-26,GS-2,B-038,0.0,0
2026-06-26,GS-2,B-46,0.0,0
2026-06-26,GS-2,B-073,0.0,0
2026-06-26,GS-2,B-076,0.0,0
2026-06-26,GS-2,B-137,424.39820694807617,505
2026-06-26,GS-3,B-053,4269.243867513385,510
2026-06-26,GS-3,B-059,0.0,0
2026-06-26,GS-3,B-062,4302.084204955796,485
2026-06-26,GS-3,B-063,0.0,0
2026-06-26,GS-3,B-065,2283.666542149172,239
2026-06-26,GS-3,B-101,0.0,0
2026-06-26,GS-3,B-107,0.0,0
2026-06-26,GS-3,B-110,0.0,0
2026-06-26,GS-3,B-129,0.0,0
2026-06-26,GS-3,B-134,60.6283152782966,295
2026-06-26,GS-4,BN-033,164.2016872120533,483
2026-06-26,GS-4,BN-037,0.0,0
2026-06-26,GS-4,BN-040,126.30899016311791,290
2026-06-26,GS-4,BN-041,164.2016872120533,451
2026-06-26,GS-4,BN-042,884.1629311418254,560
2026-06-26,GS-4,BN-043,214.72528327730046,535
2026-06-26,GS-4,BN-046,0.0,0
2026-06-26,GS-4,BN-049,547.338957373511,540
2026-06-26,GS-4,B-226,0.0,0
2026-06-26,PLTG,B-120,4062.939183580293,580
2026-06-26,PLTG,B-047,7587.802069065703,470
2026-06-26,PLTG,B-133,1692.5404681857801,585
2026-06-26,MGS,B-32,0.0,0
2026-06-27,GS-1,B-050,2230.328632797908,460
2026-06-27,GS-1,B-061,574.0437056406425,495
2026-06-27,GS-1,B-031,0.0,0
2026-06-27,GS-1,B-074,1006.264848711244,445
2026-06-27,GS-1,B-020,0.0,0
2026-06-27,GS-1,B-023,1195.3615988046322,500
2026-06-27,GS-1,B-049,88.63910160627569,500
2026-06-27,GS-1,B-057,0.0,0
2026-06-27,GS-1,B-078,168.8363840119537,435
2026-06-27,GS-1,B-079,213.5780257751214,436
2026-06-27,GS-1,B-106,1126.1386813597312,465
2026-06-27,GS-1,B-108,0.0,0
2026-06-27,GS-1,B-045,0.0,0
2026-06-27,GS-1,B-067,709.1128128502055,495
2026-06-27,GS-1,B-052,0.0,0
2026-06-27,GS-1,B-066,671.1246264475159,510
2026-06-27,GS-1,B-069,0.0,0
2026-06-27,GS-1,B-205,0.0,0
2026-06-27,GS-1,B-077,177.27820321255138,215
2026-06-27,GS-2,B-092,423.77932387000374,570
2026-06-27,GS-2,B-115,0.0,0
2026-06-27,GS-2,B-116,2397.476652969742,549
2026-06-27,GS-2,B-091,2844.04888868136,534
2026-06-27,GS-2,B-090,0.0,0
2026-06-27,GS-2,B-075,0.0,0
2026-06-27,GS-2,B-038,0.0,0
2026-06-27,GS-2,B-46,0.0,0
2026-06-27,GS-2,B-073,0.0,0
2026-06-27,GS-2,B-076,0.0,0
2026-06-27,GS-2,B-137,425.4676877101233,505
2026-06-27,GS-3,B-053,4280.002334703026,510
2026-06-27,GS-3,B-059,0.0,0
2026-06-27,GS-3,B-062,4312.925429585357,485
2026-06-27,GS-3,B-063,0.0,0
2026-06-27,GS-3,B-065,2289.421367202092,239
2026-06-27,GS-3,B-101,0.0,0
2026-06-27,GS-3,B-107,0.0,0
2026-06-27,GS-3,B-110,0.0,0
2026-06-27,GS-3,B-129,0.0,0
2026-06-27,GS-3,B-134,60.78109824430333,295
2026-06-27,GS-4,BN-033,164.61547441165484,483
2026-06-27,GS-4,BN-037,0.0,0
2026-06-27,GS-4,BN-040,126.62728800896527,290
2026-06-27,GS-4,BN-041,164.61547441165484,451
2026-06-27,GS-4,BN-042,886.3910160627569,560
2026-06-27,GS-4,BN-043,215.26638961524094,535
2026-06-27,GS-4,BN-046,0.0,0
2026-06-27,GS-4,BN-049,548.7182480388495,540
2026-06-27,GS-4,B-226,0.0,0
2026-06-27,PLTG,B-120,4073.1777642883826,580
2026-06-27,PLTG,B-047,7606.923281658574,470
2026-06-27,PLTG,B-133,1696.8056593201345,585
2026-06-27,MGS,B-32,0.0,0
2026-06-28,GS-1,B-050,2214.030652056614,460
2026-06-28,GS-1,B-061,569.8489187730877,495
2026-06-28,GS-1,B-031,0.0,0
2026-06-28,GS-1,B-074,998.911634084589,445
2026-06-28,GS-1,B-020,0.0,0
2026-06-28,GS-1,B-023,1186.6265720333706,500
2026-06-28,GS-1,B-049,87.99137716349148,500
2026-06-28,GS-1,B-057,0.0,0
2026-06-28,GS-1,B-078,167.6026231685552,435
2026-06-28,GS-1,B-079,212.01731830822231,436
2026-06-28,GS-1,B-106,1117.909496534263,465
2026-06-28,GS-1,B-108,0.0,0
2026-06-28,GS-1,B-045,0.0,0
2026-06-28,GS-1,B-067,703.9310173079318,495
2026-06-28,GS-1,B-052,0.0,0
2026-06-28,GS-1,B-066,666.2204270950068,510
2026-06-28,GS-1,B-069,0.0,0
2026-06-28,GS-1,B-205,0.0,0
2026-06-28,GS-1,B-077,175.98275432698296,215
2026-06-28,GS-2,B-092,420.6825841530735,570
2026-06-28,GS-2,B-115,0.0,0
2026-06-28,GS-2,B-116,2379.9572489934835,549
2026-06-28,GS-2,B-091,2823.266187274312,534
2026-06-28,GS-2,B-090,0.0,0
2026-06-28,GS-2,B-075,0.0,0
2026-06-28,GS-2,B-038,0.0,0
2026-06-28,GS-2,B-46,0.0,0
2026-06-28,GS-2,B-073,0.0,0
2026-06-28,GS-2,B-076,0.0,0
2026-06-28,GS-2,B-137,422.35861038475906,505
2026-06-28,GS-3,B-053,4248.726497322874,510
2026-06-28,GS-3,B-059,0.0,0
2026-06-28,GS-3,B-062,4281.409008840742,485
2026-06-28,GS-3,B-063,0.0,0
2026-06-28,GS-3,B-065,2272.6915701656085,239
2026-06-28,GS-3,B-101,0.0,0
2026-06-28,GS-3,B-107,0.0,0
2026-06-28,GS-3,B-110,0.0,0
2026-06-28,GS-3,B-129,0.0,0
2026-06-28,GS-3,B-134,60.336944340679864,295
2026-06-28,GS-4,BN-033,163.4125575893413,483
2026-06-28,GS-4,BN-037,0.0,0
2026-06-28,GS-4,BN-040,125.70196737641639,290
2026-06-28,GS-4,BN-041,163.4125575893413,451
2026-06-28,GS-4,BN-042,879.9137716349147,560
2026-06-28,GS-4,BN-043,213.69334453990786,535
2026-06-28,GS-4,BN-046,0.0,0
2026-06-28,GS-4,BN-049,544.7085252978044,540
2026-06-28,GS-4,B-226,0.0,0
2026-06-28,PLTG,B-120,4043.4132839413937,580
2026-06-28,PLTG,B-047,7551.336186859254,470
2026-06-28,PLTG,B-133,1684.4063628439797,585
2026-06-28,MGS,B-32,0.0,0
2026-06-29,GS-1,B-050,2221.6107894409165,460
2026-06-29,GS-1,B-061,571.7999003860042,495
2026-06-29,GS-1,B-031,0.0,0
2026-06-29,GS-1,B-074,1002.3315900884074,445
2026-06-29,GS-1,B-020,0.0,0
2026-06-29,GS-1,B-023,1190.6892043332089,500
2026-06-29,GS-1,B-049,88.29263167725065,500
2026-06-29,GS-1,B-057,0.0,0
2026-06-29,GS-1,B-078,168.17644129000124,435
2026-06-29,GS-1,B-079,212.74319823185158,436
2026-06-29,GS-1,B-106,1121.7368634043082,465
2026-06-29,GS-1,B-108,0.0,0
2026-06-29,GS-1,B-045,0.0,0
2026-06-29,GS-1,B-067,706.3410534180052,495
2026-06-29,GS-1,B-052,0.0,0
2026-06-29,GS-1,B-066,668.5013541277549,510
2026-06-29,GS-1,B-069,0.0,0
2026-06-29,GS-1,B-205,0.0,0
2026-06-29,GS-1,B-077,176.5852633545013,215
2026-06-29,GS-2,B-092,422.12286763790314,570
2026-06-29,GS-2,B-115,0.0,0
2026-06-29,GS-2,B-116,2388.1054663180175,549
2026-06-29,GS-2,B-091,2832.932153530071,534
2026-06-29,GS-2,B-090,0.0,0
2026-06-29,GS-2,B-075,0.0,0
2026-06-29,GS-2,B-038,0.0,0
2026-06-29,GS-2,B-46,0.0,0
2026-06-29,GS-2,B-073,0.0,0
2026-06-29,GS-2,B-076,0.0,0
2026-06-29,GS-2,B-137,423.80463205080315,505
2026-06-29,GS-3,B-053,4263.272786701532,510
2026-06-29,GS-3,B-059,0.0,0
2026-06-29,GS-3,B-062,4296.067192753082,485
2026-06-29,GS-3,B-063,0.0,0
2026-06-29,GS-3,B-065,2280.472543892417,239
2026-06-29,GS-3,B-101,0.0,0
2026-06-29,GS-3,B-107,0.0,0
2026-06-29,GS-3,B-110,0.0,0
2026-06-29,GS-3,B-129,0.0,0
2026-06-29,GS-3,B-134,60.54351886440045,295
2026-06-29,GS-4,BN-033,163.97203025775121,483
2026-06-29,GS-4,BN-037,0.0,0
2026-06-29,GS-4,BN-040,126.13233096750093,290
2026-06-29,GS-4,BN-041,163.97203025775121,451
2026-06-29,GS-4,BN-042,882.9263167725065,560
2026-06-29,GS-4,BN-043,214.4249626447516,535
2026-06-29,GS-4,BN-046,0.0,0
2026-06-29,GS-4,BN-049,546.573434192504,540
2026-06-29,GS-4,B-226,0.0,0
2026-06-29,PLTG,B-120,4057.25664612128,580
2026-06-29,PLTG,B-047,7577.189562321006,470
2026-06-29,PLTG,B-133,1690.1732349645124,585
2026-06-29,MGS,B-32,0.0,0
2026-06-30,GS-1,B-050,2222.5931460047696,460
2026-06-30,GS-1,B-061,572.0527400769278,495
2026-06-30,GS-1,B-031,0.0,0
2026-06-30,GS-1,B-074,1002.7748031936734,445
2026-06-30,GS-1,B-020,0.0,0
2026-06-30,GS-1,B-023,1191.2157058072496,500
2026-06-30,GS-1,B-049,88.33167310011385,500
2026-06-30,GS-1,B-057,0.0,0
2026-06-30,GS-1,B-078,168.25080590497876,435
2026-06-30,GS-1,B-079,212.83726946979814,436
2026-06-30,GS-1,B-106,1122.2328753862084,465
2026-06-30,GS-1,B-108,0.0,0
2026-06-30,GS-1,B-045,0.0,0
2026-06-30,GS-1,B-067,706.6533848009108,495
2026-06-30,GS-1,B-052,0.0,0
2026-06-30,GS-1,B-066,668.7969534722906,510
2026-06-30,GS-1,B-069,0.0,0
2026-06-30,GS-1,B-205,0.0,0
2026-06-30,GS-1,B-077,176.6633462002277,215
2026-06-30,GS-2,B-092,422.30952282149667,570
2026-06-30,GS-2,B-115,0.0,0
2026-06-30,GS-2,B-116,2389.1614438506986,549
2026-06-30,GS-2,B-091,2834.1848254693673,534
2026-06-30,GS-2,B-090,0.0, 
2026-06-30,GS-2,B-075,0.0,0
2026-06-30,GS-2,B-038,0.0,0
2026-06-30,GS-2,B-46,0.0,0
2026-06-30,GS-2,B-073,0.0,0
2026-06-30,GS-2,B-076,0.0,0
2026-06-30,GS-2,B-137,423.9920308805465,505
2026-06-30,GS-3,B-053,4265.157929691211,510
2026-06-30,GS-3,B-059,0.0,0
2026-06-30,GS-3,B-062,4297.966836842683,485
2026-06-30,GS-3,B-063,0.0,0
2026-06-30,GS-3,B-065,2281.480928071512,239
2026-06-30,GS-3,B-101,0.0,0
2026-06-30,GS-3,B-107,0.0,0
2026-06-30,GS-3,B-110,0.0,0
2026-06-30,GS-3,B-129,0.0,0
2026-06-30,GS-3,B-134,60.570290125792354,295
2026-06-30,GS-4,BN-033,164.04453575735428,483
2026-06-30,GS-4,BN-037,0.0,0
2026-06-30,GS-4,BN-040,126.18810442873408,290
2026-06-30,GS-4,BN-041,164.04453575735428,451
2026-06-30,GS-4,BN-042,883.3167310011385,560
2026-06-30,GS-4,BN-043,214.51977752884792,535
2026-06-30,GS-4,BN-046,0.0,0
2026-06-30,GS-4,BN-049,546.815119191181,540
2026-06-30,GS-4,B-226,0.0,0
2026-06-30,PLTG,B-120,4059.0506924576125,580
2026-06-30,PLTG,B-047,7580.540060048818,470
2026-06-30,PLTG,B-133,1690.9205993450366,585
2026-06-30,MGS,B-32,0.0,0
2026-07-01,GS-1,B-050,2223.415584057316,460
2026-07-01,GS-1,B-061,572.2644198179314,495
2026-07-01,GS-1,B-031,0.0,0
2026-07-01,GS-1,B-074,1003.1458653279034,445
2026-07-01,GS-1,B-020,0.0,0
2026-07-01,GS-1,B-023,1191.656497738516,500
2026-07-01,GS-1,B-049,88.36435894247471,500
2026-07-01,GS-1,B-057,0.0,0
2026-07-01,GS-1,B-078,168.31306465233277,435
2026-07-01,GS-1,B-079,212.91602678520096,436
2026-07-01,GS-1,B-106,1122.6481412310595,465
2026-07-01,GS-1,B-108,0.0,0
2026-07-01,GS-1,B-045,0.0,0
2026-07-01,GS-1,B-067,706.9148715397977,495
2026-07-01,GS-1,B-052,0.0,0
2026-07-01,GS-1,B-066,669.0444319930228,510
2026-07-01,GS-1,B-069,0.0,0
2026-07-01,GS-1,B-205,0.0,0
2026-07-01,GS-1,B-077,176.72871788494942,215
2026-07-01,GS-2,B-092,422.46579227735526,570
2026-07-01,GS-2,B-115,0.0,0
2026-07-01,GS-2,B-116,2390.0455180631257,549
2026-07-01,GS-2,B-091,2835.2335740685457,534
2026-07-01,GS-2,B-090,0.0,0
2026-07-01,GS-2,B-075,0.0,0
2026-07-01,GS-2,B-038,0.0,0
2026-07-01,GS-2,B-46,0.0,0
2026-07-01,GS-2,B-073,0.0,0
2026-07-01,GS-2,B-076,0.0,0
2026-07-01,GS-2,B-137,424.1489229238786,505
2026-07-01,GS-3,B-053,4266.736188936636,510
2026-07-01,GS-3,B-059,0.0,0
2026-07-01,GS-3,B-062,4299.557236543841,485
2026-07-01,GS-3,B-063,0.0,0
2026-07-01,GS-3,B-065,2282.3251566856325,239
2026-07-01,GS-3,B-101,0.0,0
2026-07-01,GS-3,B-107,0.0,0
2026-07-01,GS-3,B-110,0.0,0
2026-07-01,GS-3,B-129,0.0,0
2026-07-01,GS-3,B-134,60.5927032748398,295
2026-07-01,GS-4,BN-033,164.10523803602445,483
2026-07-01,GS-4,BN-037,0.0,0
2026-07-01,GS-4,BN-040,126.23479848924958,290
2026-07-01,GS-4,BN-041,164.10523803602445,451
2026-07-01,GS-4,BN-042,883.6435894247471,560
2026-07-01,GS-4,BN-043,214.59915743172428,535
2026-07-01,GS-4,BN-046,0.0,0
2026-07-01,GS-4,BN-049,547.0174601200815,540
2026-07-01,GS-4,B-226,0.0,0
2026-07-01,PLTG,B-120,4060.552684737528,580
2026-07-01,PLTG,B-047,7583.345127910853,470
2026-07-01,PLTG,B-133,1691.5462997559443,585
2026-07-01,MGS,B-32,0.0,0
2026-07-02,GS-1,B-050,2183.090989430393,460
2026-07-02,GS-1,B-061,561.8856445165281,495
2026-07-02,GS-1,B-031,0.0,0
2026-07-02,GS-1,B-074,984.9524827407375,445
2026-07-02,GS-1,B-020,0.0,0
2026-07-02,GS-1,B-023,1170.044224463829,500
2026-07-02,GS-1,B-049,86.7617539326992,500
2026-07-02,GS-1,B-057,0.0,0
2026-07-02,GS-1,B-078,165.2604836813318,435
2026-07-02,GS-1,B-079,209.05451185688472,436
2026-07-02,GS-1,B-106,1102.287426154483,465
2026-07-02,GS-1,B-108,0.0,0
2026-07-02,GS-1,B-045,0.0,0
2026-07-02,GS-1,B-067,694.0940314615935,495
2026-07-02,GS-1,B-052,0.0,0
2026-07-02,GS-1,B-066,656.9104226332939,510
2026-07-02,GS-1,B-069,0.0,0
2026-07-02,GS-1,B-205,0.0,0
2026-07-02,GS-1,B-077,173.5235078653984,215
2026-07-02,GS-2,B-092,414.8038140401428,570
2026-07-02,GS-2,B-115,0.0,0
2026-07-02,GS-2,B-116,2346.6988682749115,549
2026-07-02,GS-2,B-091,2783.812847612034,534
2026-07-02,GS-2,B-090,0.0, 
2026-07-02,GS-2,B-075,0.0,0
2026-07-02,GS-2,B-038,0.0,0
2026-07-02,GS-2,B-46,0.0,0
2026-07-02,GS-2,B-073,0.0,0
2026-07-02,GS-2,B-076,0.0,0
2026-07-02,GS-2,B-137,416.4564188769561,505
2026-07-02,GS-3,B-053,4189.353261321761,510
2026-07-02,GS-3,B-059,0.0,0
2026-07-02,GS-3,B-062,4221.5790556396205,485
2026-07-02,GS-3,B-063,0.0,0
2026-07-02,GS-3,B-065,2240.9321587188592,239
2026-07-02,GS-3,B-101,0.0,0
2026-07-02,GS-3,B-107,0.0,0
2026-07-02,GS-3,B-110,0.0,0
2026-07-02,GS-3,B-129,0.0,0
2026-07-02,GS-3,B-134,59.493774125279444,295
2026-07-02,GS-4,BN-033,161.1289715892985,483
2026-07-02,GS-4,BN-037,0.0,0
2026-07-02,GS-4,BN-040,123.94536276099885,290
2026-07-02,GS-4,BN-041,161.1289715892985,451
2026-07-02,GS-4,BN-042,867.617539326992,560
2026-07-02,GS-4,BN-043,210.70711669369803,535
2026-07-02,GS-4,BN-046,0.0,0
2026-07-02,GS-4,BN-049,537.0965719643283,540
2026-07-02,GS-4,B-226,0.0,0
2026-07-02,PLTG,B-120,3986.9091688121293,580
2026-07-02,PLTG,B-047,7445.811092262404,470
2026-07-02,PLTG,B-133,1660.8678609973845,585
2026-07-02,MGS,B-32,0.0,0
2026-07-03,GS-1,B-050,2069.6722128834103,460
2026-07-03,GS-1,B-061,532.6938322334288,495
2026-07-03,GS-1,B-031,0.0,0
2026-07-03,GS-1,B-074,933.7809529738929,445
2026-07-03,GS-1,B-020,0.0,0
2026-07-03,GS-1,B-023,1109.256568297846,500
2026-07-03,GS-1,B-049,82.25419468310298,500
2026-07-03,GS-1,B-057,0.0,0
2026-07-03,GS-1,B-078,156.67465653924378,435
2026-07-03,GS-1,B-079,198.19344052214336,436
2026-07-03,GS-1,B-106,1045.019959116756,465
2026-07-03,GS-1,B-108,0.0,0
2026-07-03,GS-1,B-045,0.0,0
2026-07-03,GS-1,B-067,658.0335574648238,495
2026-07-03,GS-1,B-052,0.0,0
2026-07-03,GS-1,B-066,622.781759743494,510
2026-07-03,GS-1,B-069,0.0,0
2026-07-03,GS-1,B-205,0.0,0
2026-07-03,GS-1,B-077,164.50838936620596,215
2026-07-03,GS-2,B-092,393.25338791350185,570
2026-07-03,GS-2,B-115,0.0,0
2026-07-03,GS-2,B-116,2224.7801228572616,549
2026-07-03,GS-2,B-091,2639.1845894035614,534
2026-07-03,GS-2,B-090,0.0,0
2026-07-03,GS-2,B-075,0.0,0
2026-07-03,GS-2,B-038,0.0,0
2026-07-03,GS-2,B-46,0.0,0
2026-07-03,GS-2,B-073,0.0,0
2026-07-03,GS-2,B-076,0.0,0
2026-07-03,GS-2,B-137,394.8201344788943,505
2026-07-03,GS-3,B-053,3971.7025432698297,510
2026-07-03,GS-3,B-059,0.0,0
2026-07-03,GS-3,B-062,4002.2541012949823,485
2026-07-03,GS-3,B-063,0.0,0
2026-07-03,GS-3,B-065,2124.508342672146,239
2026-07-03,GS-3,B-101,0.0,0
2026-07-03,GS-3,B-107,0.0,0
2026-07-03,GS-3,B-110,0.0,0
2026-07-03,GS-3,B-129,0.0,0
2026-07-03,GS-3,B-134,56.402876354127756,295
2026-07-03,GS-4,BN-033,152.75779012576268,483
2026-07-03,GS-4,BN-037,0.0,0
2026-07-03,GS-4,BN-040,117.50599240443283,290
2026-07-03,GS-4,BN-041,152.75779012576268,451
2026-07-03,GS-4,BN-042,822.5419468310298,560
2026-07-03,GS-4,BN-043,199.7601870875358,535
2026-07-03,GS-4,BN-046,0.0,0
2026-07-03,GS-4,BN-049,509.19263375254224,540
2026-07-03,GS-4,B-226,0.0,0
2026-07-03,PLTG,B-120,3779.776089009256,580
2026-07-03,PLTG,B-047,7058.976650375628,470
2026-07-03,PLTG,B-133,1574.5802982194,585
2026-07-03,MGS,B-32,0.0,0
2026-07-04,GS-1,B-050,2110.7415708584613,460
2026-07-04,GS-1,B-061,543.2642953004367,495
2026-07-04,GS-1,B-031,0.0,0
2026-07-04,GS-1,B-074,952.3103529384126,445
2026-07-04,GS-1,B-020,0.0,0
2026-07-04,GS-1,B-023,1131.2680031550271,500
2026-07-04,GS-1,B-049,83.88639853903803,500
2026-07-04,GS-1,B-057,0.0,0
2026-07-04,GS-1,B-078,159.78361626483434,435
2026-07-04,GS-1,B-079,202.12627457501543,436
2026-07-04,GS-1,B-106,1065.756720486445,465
2026-07-04,GS-1,B-108,0.0,0
2026-07-04,GS-1,B-045,0.0,0
2026-07-04,GS-1,B-067,671.0911883123042,495
2026-07-04,GS-1,B-052,0.0,0
2026-07-04,GS-1,B-066,635.1398746527165,510
2026-07-04,GS-1,B-069,0.0,0
2026-07-04,GS-1,B-205,0.0,0
2026-07-04,GS-1,B-077,167.77279707807605,215
2026-07-04,GS-2,B-092,401.05687682473416,570
2026-07-04,GS-2,B-115,0.0,0
2026-07-04,GS-2,B-116,2268.9273509606473,549
2026-07-04,GS-2,B-091,2691.555015981134,534
2026-07-04,GS-2,B-090,0.0, 
2026-07-04,GS-2,B-075,0.0,0
2026-07-04,GS-2,B-038,0.0,0
2026-07-04,GS-2,B-46,0.0,0
2026-07-04,GS-2,B-073,0.0,0
2026-07-04,GS-2,B-076,0.0,0
2026-07-04,GS-2,B-137,402.6547129873825,505
2026-07-04,GS-3,B-053,4050.5146723135504,510
2026-07-04,GS-3,B-059,0.0,0
2026-07-04,GS-3,B-062,4081.6724774851928,485
2026-07-04,GS-3,B-063,0.0,0
2026-07-04,GS-3,B-065,2166.6658365511535,239
2026-07-04,GS-3,B-101,0.0,0
2026-07-04,GS-3,B-107,0.0,0
2026-07-04,GS-3,B-110,0.0,0
2026-07-04,GS-3,B-129,0.0,0
2026-07-04,GS-3,B-134,57.52210185534036,295
2026-07-04,GS-4,BN-033,155.78902585821348,483
2026-07-04,GS-4,BN-037,0.0,0
2026-07-04,GS-4,BN-040,119.83771219862575,290
2026-07-04,GS-4,BN-041,155.78902585821348,451
2026-07-04,GS-4,BN-042,838.8639853903802,560
2026-07-04,GS-4,BN-043,203.72411073766378,535
2026-07-04,GS-4,BN-046,0.0,0
2026-07-04,GS-4,BN-049,519.2967528607115,540
2026-07-04,GS-4,B-226,0.0,0
2026-07-04,PLTG,B-120,3854.779742389128,580
2026-07-04,PLTG,B-047,7199.050830812111,470
2026-07-04,PLTG,B-133,1605.825343461585,585
2026-07-04,MGS,B-32,0.0,0
2026-07-05,GS-1,B-050,2121.314468932885,460
2026-07-05,GS-1,B-061,545.9855559706139,495
2026-07-05,GS-1,B-031,0.0,0
2026-07-05,GS-1,B-074,957.0805628190761,445
2026-07-05,GS-1,B-020,0.0,0
2026-07-05,GS-1,B-023,1136.9346283152784,500
2026-07-05,GS-1,B-049,84.3065932013448,500
2026-07-05,GS-1,B-057,0.0,0
2026-07-05,GS-1,B-078,160.58398705018055,435
2026-07-05,GS-1,B-079,203.1387436184784,436
2026-07-05,GS-1,B-106,1071.0951936247043,465
2026-07-05,GS-1,B-108,0.0,0
2026-07-05,GS-1,B-045,0.0,0
2026-07-05,GS-1,B-067,674.4527456107584,495
2026-07-05,GS-1,B-052,0.0,0
2026-07-05,GS-1,B-066,638.3213485244677,510
2026-07-05,GS-1,B-069,0.0,0
2026-07-05,GS-1,B-205,0.0,0
2026-07-05,GS-1,B-077,168.6131864026896,215
2026-07-05,GS-2,B-092,403.0658074959532,570
2026-07-05,GS-2,B-115,0.0,0
2026-07-05,GS-2,B-116,2280.292616112564,549
2026-07-05,GS-2,B-091,2705.0372618602914,534
2026-07-05,GS-2,B-090,0.0,0
2026-07-05,GS-2,B-075,0.0,0
2026-07-05,GS-2,B-038,0.0,0
2026-07-05,GS-2,B-46,0.0,0
2026-07-05,GS-2,B-073,0.0,0
2026-07-05,GS-2,B-076,0.0,0
2026-07-05,GS-2,B-137,404.671647366455,505
2026-07-05,GS-3,B-053,4070.804071722077,510
2026-07-05,GS-3,B-059,0.0,0
2026-07-05,GS-3,B-062,4102.117949196862,485
2026-07-05,GS-3,B-063,0.0,0
2026-07-05,GS-3,B-065,2177.5188644004484,239
2026-07-05,GS-3,B-101,0.0,0
2026-07-05,GS-3,B-107,0.0,0
2026-07-05,GS-3,B-110,0.0,0
2026-07-05,GS-3,B-129,0.0,0
2026-07-05,GS-3,B-134,57.810235338065,295
2026-07-05,GS-4,BN-033,156.56938737392605,483
2026-07-05,GS-4,BN-037,0.0,0
2026-07-05,GS-4,BN-040,120.43799028763542,290
2026-07-05,GS-4,BN-041,156.56938737392605,451
2026-07-05,GS-4,BN-042,843.0659320134479,560
2026-07-05,GS-4,BN-043,204.7445834889802,535
2026-07-05,GS-4,BN-046,0.0,0
2026-07-05,GS-4,BN-049,521.8979579130868,540
2026-07-05,GS-4,B-226,0.0,0
2026-07-05,PLTG,B-120,3874.088687585606,580
2026-07-05,PLTG,B-047,7235.1115365458845,470
2026-07-05,PLTG,B-133,1613.8690698543146,585
2026-07-05,MGS,B-32,0.0,0
2026-07-06,GS-1,B-050,2188.2335118084093,460
2026-07-06,GS-1,B-061,563.209230896941,495
2026-07-06,GS-1,B-031,0.0,0
2026-07-06,GS-1,B-074,987.272651807579,445
2026-07-06,GS-1,B-020,0.0,0
2026-07-06,GS-1,B-023,1172.800398455983,500
2026-07-06,GS-1,B-049,86.96613124143943,500
2026-07-06,GS-1,B-057,0.0,0
2026-07-06,GS-1,B-078,165.64977379321795,435
2026-07-06,GS-1,B-079,209.54696384842072,436
2026-07-06,GS-1,B-106,1104.8839912007636,465
2026-07-06,GS-1,B-108,0.0,0
2026-07-06,GS-1,B-045,0.0,0
2026-07-06,GS-1,B-067,695.7290499315154,495
2026-07-06,GS-1,B-052,0.0,0
2026-07-06,GS-1,B-066,658.4578508280414,510
2026-07-06,GS-1,B-069,0.0,0
2026-07-06,GS-1,B-205,0.0,0
2026-07-06,GS-1,B-077,173.93226248287885,215
2026-07-06,GS-2,B-092,415.78093222097704,570
2026-07-06,GS-2,B-115,0.0,0
2026-07-06,GS-2,B-116,2352.226787863695,549
2026-07-06,GS-2,B-091,2790.370439546756,534
2026-07-06,GS-2,B-090,0.0, 
2026-07-06,GS-2,B-075,0.0,0
2026-07-06,GS-2,B-038,0.0,0
2026-07-06,GS-2,B-46,0.0,0
2026-07-06,GS-2,B-073,0.0,0
2026-07-06,GS-2,B-076,0.0,0
2026-07-06,GS-2,B-137,417.4374299589092,505
2026-07-06,GS-3,B-053,4199.221765658075,510
2026-07-06,GS-3,B-059,0.0,0
2026-07-06,GS-3,B-062,4231.523471547753,485
2026-07-06,GS-3,B-063,0.0,0
2026-07-06,GS-3,B-065,2246.2109326360355,239
2026-07-06,GS-3,B-101,0.0,0
2026-07-06,GS-3,B-107,0.0,0
2026-07-06,GS-3,B-110,0.0,0
2026-07-06,GS-3,B-129,0.0,0
2026-07-06,GS-3,B-134,59.63391856555846,295
2026-07-06,GS-4,BN-033,161.5085294483875,483
2026-07-06,GS-4,BN-037,0.0,0
2026-07-06,GS-4,BN-040,124.23733034491346,290
2026-07-06,GS-4,BN-041,161.5085294483875,451
2026-07-06,GS-4,BN-042,869.6613124143943,560
2026-07-06,GS-4,BN-043,211.2034615863529,535
2026-07-06,GS-4,BN-046,0.0,0
2026-07-06,GS-4,BN-049,538.3617648279584,540
2026-07-06,GS-4,B-226,0.0,0
2026-07-06,PLTG,B-120,3996.300792761383,580
2026-07-06,PLTG,B-047,7463.350558253434,470
2026-07-06,PLTG,B-133,1664.7802266218403,585
2026-07-06,MGS,B-32,0.0,0
2026-07-07,GS-1,B-050,2287.8033453700245,460
2026-07-07,GS-1,B-061,588.8365915411115,495
2026-07-07,GS-1,B-031,0.0,0
2026-07-07,GS-1,B-074,1032.1959075250072,445
2026-07-07,GS-1,B-020,0.0,0
2026-07-07,GS-1,B-023,1226.1656082679617,500
2026-07-07,GS-1,B-049,90.92329722325987,500
2026-07-07,GS-1,B-057,0.0,0
2026-07-07,GS-1,B-078,173.18723280620927,435
2026-07-07,GS-1,B-079,219.0818494998547,436
2026-07-07,GS-1,B-106,1155.158842817416,465
2026-07-07,GS-1,B-108,0.0,0
2026-07-07,GS-1,B-045,0.0,0
2026-07-07,GS-1,B-067,727.3863777860789,495
2026-07-07,GS-1,B-052,0.0,0
2026-07-07,GS-1,B-066,688.4192504046819,510
2026-07-07,GS-1,B-069,0.0,0
2026-07-07,GS-1,B-205,0.0,0
2026-07-07,GS-1,B-077,181.84659444651973,215
2026-07-07,GS-2,B-092,434.69995434358526,570
2026-07-07,GS-2,B-115,0.0,0
2026-07-07,GS-2,B-116,2459.2587058481718,549
2026-07-07,GS-2,B-091,2917.338936620595,534
2026-07-07,GS-2,B-090,0.0, 
2026-07-07,GS-2,B-075,0.0,0
2026-07-07,GS-2,B-038,0.0,0
2026-07-07,GS-2,B-46,0.0,0
2026-07-07,GS-2,B-073,0.0,0
2026-07-07,GS-2,B-076,0.0,0
2026-07-07,GS-2,B-137,436.43182667164734,505
2026-07-07,GS-3,B-053,4390.296351637405,510
2026-07-07,GS-3,B-059,0.0,0
2026-07-07,GS-3,B-062,4424.067862034616,485
2026-07-07,GS-3,B-063,0.0,0
2026-07-07,GS-3,B-065,2348.4188768521976,239
2026-07-07,GS-3,B-101,0.0,0
2026-07-07,GS-3,B-107,0.0,0
2026-07-07,GS-3,B-110,0.0,0
2026-07-07,GS-3,B-129,0.0,0
2026-07-07,GS-3,B-134,62.347403810235335,295
2026-07-07,GS-4,BN-033,168.85755198605403,483
2026-07-07,GS-4,BN-037,0.0,0
2026-07-07,GS-4,BN-040,129.89042460465694,290
2026-07-07,GS-4,BN-041,168.85755198605403,451
2026-07-07,GS-4,BN-042,909.2329722325986,560
2026-07-07,GS-4,BN-043,220.81372182791682,535
2026-07-07,GS-4,BN-046,0.0,0
2026-07-07,GS-4,BN-049,562.8585066201802,540
2026-07-07,GS-4,B-226,0.0,0
2026-07-07,PLTG,B-120,4178.141991449798,580
2026-07-07,PLTG,B-047,7802.950774083759,470
2026-07-07,PLTG,B-133,1740.5316897024031,585
2026-07-07,MGS,B-32,0.0,0
2026-07-08,GS-1,B-050,2302.047515529554,460
2026-07-08,GS-1,B-061,592.5027670552978,495
2026-07-08,GS-1,B-031,0.0,0
2026-07-08,GS-1,B-074,1038.6224975439927,445
2026-07-08,GS-1,B-020,0.0,0
2026-07-08,GS-1,B-023,1233.7998796327965,500
2026-07-08,GS-1,B-049,91.48939785412686,500
2026-07-08,GS-1,B-057,0.0,0
2026-07-08,GS-1,B-078,174.26551972214642,435
2026-07-08,GS-1,B-079,220.44588244851522,436
2026-07-08,GS-1,B-106,1162.3510165467167,465
2026-07-08,GS-1,B-108,0.0,0
2026-07-08,GS-1,B-045,0.0,0
2026-07-08,GS-1,B-067,731.9151828330149,495
2026-07-08,GS-1,B-052,0.0,0
2026-07-08,GS-1,B-066,692.705440895532,510
2026-07-08,GS-1,B-069,0.0,0
2026-07-08,GS-1,B-205,0.0,0
2026-07-08,GS-1,B-077,182.97879570825373,215
2026-07-08,GS-2,B-092,437.4064545025875,570
2026-07-08,GS-2,B-115,0.0,0
2026-07-08,GS-2,B-116,2474.570380054479,549
2026-07-08,GS-2,B-091,2935.5026797195565,534
2026-07-08,GS-2,B-090,0.0, 
2026-07-08,GS-2,B-075,0.0,0
2026-07-08,GS-2,B-038,0.0,0
2026-07-08,GS-2,B-46,0.0,0
2026-07-08,GS-2,B-073,0.0,0
2026-07-08,GS-2,B-076,0.0,0
2026-07-08,GS-2,B-137,439.14910969980895,505
2026-07-08,GS-3,B-053,4417.630924956412,510
2026-07-08,GS-3,B-059,0.0,0
2026-07-08,GS-3,B-062,4451.61270130223,485
2026-07-08,GS-3,B-063,0.0,0
2026-07-08,GS-3,B-065,2363.0404474323054,239
2026-07-08,GS-3,B-101,0.0,0
2026-07-08,GS-3,B-107,0.0,0
2026-07-08,GS-3,B-110,0.0,0
2026-07-08,GS-3,B-129,0.0,0
2026-07-08,GS-3,B-134,62.735587099972705,295
2026-07-08,GS-4,BN-033,169.90888172909274,483
2026-07-08,GS-4,BN-037,0.0,0
2026-07-08,GS-4,BN-040,130.6991397916098,290
2026-07-08,GS-4,BN-041,169.90888172909274,451
2026-07-08,GS-4,BN-042,914.8939785412687,560
2026-07-08,GS-4,BN-043,222.1885376457367,535
2026-07-08,GS-4,BN-046,0.0,0
2026-07-08,GS-4,BN-049,566.3629390969759,540
2026-07-08,GS-4,B-226,0.0,0
2026-07-08,PLTG,B-120,4204.155663296782,580
2026-07-08,PLTG,B-047,7851.532991081306,470
2026-07-08,PLTG,B-133,1751.3684732075715,585
2026-07-08,MGS,B-32,0.0,0
2026-07-09,GS-1,B-050,2248.223514089596,460
2026-07-09,GS-1,B-061,578.6495040048922,495
2026-07-09,GS-1,B-031,0.0,0
2026-07-09,GS-1,B-074,1014.3385423144581,445
2026-07-09,GS-1,B-020,0.0,0
2026-07-09,GS-1,B-023,1204.952496574893,500
2026-07-09,GS-1,B-049,89.35029105957894,500
2026-07-09,GS-1,B-057,0.0,0
2026-07-09,GS-1,B-078,170.19103058967417,435
2026-07-09,GS-1,B-079,215.29165369593784,436
2026-07-09,GS-1,B-106,1135.1741740331267,465
2026-07-09,GS-1,B-108,0.0,0
2026-07-09,GS-1,B-045,0.0,0
2026-07-09,GS-1,B-067,714.8023284766315,495
2026-07-09,GS-1,B-052,0.0,0
2026-07-09,GS-1,B-066,676.5093465939549,510
2026-07-09,GS-1,B-069,0.0,0
2026-07-09,GS-1,B-205,0.0,0
2026-07-09,GS-1,B-077,178.70058211915787,215
2026-07-09,GS-2,B-092,427.1794867800822,570
2026-07-09,GS-2,B-115,0.0,0
2026-07-09,GS-2,B-116,2416.7126343733735,549
2026-07-09,GS-2,B-091,2866.8679102830615,534
2026-07-09,GS-2,B-090,0.0, 
2026-07-09,GS-2,B-075,0.0,0
2026-07-09,GS-2,B-038,0.0,0
2026-07-09,GS-2,B-46,0.0,0
2026-07-09,GS-2,B-073,0.0,0
2026-07-09,GS-2,B-076,0.0,0
2026-07-09,GS-2,B-137,428.8813970859789,505
2026-07-09,GS-3,B-053,4314.34262544824,510
2026-07-09,GS-3,B-059,0.0,0
2026-07-09,GS-3,B-062,4347.529876413227,485
2026-07-09,GS-3,B-063,0.0,0
2026-07-09,GS-3,B-065,2307.7903747959817,239
2026-07-09,GS-3,B-101,0.0,0
2026-07-09,GS-3,B-107,0.0,0
2026-07-09,GS-3,B-110,0.0,0
2026-07-09,GS-3,B-129,0.0,0
2026-07-09,GS-3,B-134,61.268771012282706,295
2026-07-09,GS-4,BN-033,165.93625482493232,483
2026-07-09,GS-4,BN-037,0.0,0
2026-07-09,GS-4,BN-040,127.64327294225563,290
2026-07-09,GS-4,BN-041,165.93625482493232,451
2026-07-09,GS-4,BN-042,893.5029105957894,560
2026-07-09,GS-4,BN-043,216.99356400183459,535
2026-07-09,GS-4,BN-046,0.0,0
2026-07-09,GS-4,BN-049,553.120849416441,540
2026-07-09,GS-4,B-226,0.0,0
2026-07-09,PLTG,B-120,4105.85861297589,580
2026-07-09,PLTG,B-047,7667.95688321777,470
2026-07-09,PLTG,B-133,1710.4198574262255,585
2026-07-09,MGS,B-32,0.0,0
2026-07-10,GS-1,B-050,2211.627305304151,460
2026-07-10,GS-1,B-061,569.230343530213,495
2026-07-10,GS-1,B-031,0.0,0
2026-07-10,GS-1,B-074,997.8273080706086,445
2026-07-10,GS-1,B-020,0.0,0
2026-07-10,GS-1,B-023,1185.3384800570318,500
2026-07-10,GS-1,B-049,87.89586186863583,500
2026-07-10,GS-1,B-057,0.0,0
2026-07-10,GS-1,B-078,167.42068927359207,435
2026-07-10,GS-1,B-079,211.78717193109395,436
2026-07-10,GS-1,B-106,1116.695997454859,465
2026-07-10,GS-1,B-108,0.0,0
2026-07-10,GS-1,B-045,0.0,0
2026-07-10,GS-1,B-067,703.1668949490867,495
2026-07-10,GS-1,B-052,0.0,0
2026-07-10,GS-1,B-066,665.4972398625284,510
2026-07-10,GS-1,B-069,0.0,0
2026-07-10,GS-1,B-205,0.0,0
2026-07-10,GS-1,B-077,175.79172373727167,215
2026-07-10,GS-2,B-092,420.22593007671605,570
2026-07-10,GS-2,B-115,0.0,0
2026-07-10,GS-2,B-116,2377.3737876850073,549
2026-07-10,GS-2,B-091,2820.2015108136584,534
2026-07-10,GS-2,B-090,0.0, 
2026-07-10,GS-2,B-075,0.0,0
2026-07-10,GS-2,B-038,0.0,0
2026-07-10,GS-2,B-46,0.0,0
2026-07-10,GS-2,B-073,0.0,0
2026-07-10,GS-2,B-076,0.0,0
2026-07-10,GS-2,B-137,421.900136969452,505
2026-07-10,GS-3,B-053,4244.1144730855585,510
2026-07-10,GS-3,B-059,0.0,0
2026-07-10,GS-3,B-062,4276.761507493909,485
2026-07-10,GS-3,B-063,0.0,0
2026-07-10,GS-3,B-065,2270.224546549908,239
2026-07-10,GS-3,B-101,0.0,0
2026-07-10,GS-3,B-107,0.0,0
2026-07-10,GS-3,B-110,0.0,0
2026-07-10,GS-3,B-129,0.0,0
2026-07-10,GS-3,B-134,60.27144813849314,295
2026-07-10,GS-4,BN-033,163.23517204175226,483
2026-07-10,GS-4,BN-037,0.0,0
2026-07-10,GS-4,BN-040,125.56551695519404,290
2026-07-10,GS-4,BN-041,163.23517204175226,451
2026-07-10,GS-4,BN-042,878.9586186863584,560
2026-07-10,GS-4,BN-043,213.46137882382988,535
2026-07-10,GS-4,BN-046,0.0,0
2026-07-10,GS-4,BN-049,544.1172401391742,540
2026-07-10,GS-4,B-226,0.0,0
2026-07-10,PLTG,B-120,4039.0241287254084,580
2026-07-10,PLTG,B-047,7543.13915522169,470
2026-07-10,PLTG,B-133,1682.5779271996003,585
2026-07-10,MGS,B-32,0.0,0
2026-07-11,GS-1,B-050,1986.4026446126902,460
2026-07-11,GS-1,B-061,511.26184645595356,495
2026-07-11,GS-1,B-031,0.0,0
2026-07-11,GS-1,B-074,896.2119426110245,445
2026-07-11,GS-1,B-020,0.0,0
2026-07-11,GS-1,B-023,1064.627609678868,500
2026-07-11,GS-1,B-049,78.94484393805165,500
2026-07-11,GS-1,B-057,0.0,0
2026-07-11,GS-1,B-078,150.37113131057458,435
2026-07-11,GS-1,B-079,190.21948110787685,436
2026-07-11,GS-1,B-106,1002.9754458415324,465
2026-07-11,GS-1,B-108,0.0,0
2026-07-11,GS-1,B-045,0.0,0
2026-07-11,GS-1,B-067,631.5587515044132,495
2026-07-11,GS-1,B-052,0.0,0
2026-07-11,GS-1,B-066,597.7252469595339,510
2026-07-11,GS-1,B-069,0.0,0
2026-07-11,GS-1,B-205,0.0,0
2026-07-11,GS-1,B-077,157.8896878761033,215
2026-07-11,GS-2,B-092,377.4315395895422,570
2026-07-11,GS-2,B-115,0.0,0
2026-07-11,GS-2,B-116,2135.270064610159,549
2026-07-11,GS-2,B-091,2533.0017069266287,534
2026-07-11,GS-2,B-090,0.0,0
2026-07-11,GS-2,B-075,0.0,0
2026-07-11,GS-2,B-038,0.0,0
2026-07-11,GS-2,B-46,0.0,0
2026-07-11,GS-2,B-073,0.0,0
2026-07-11,GS-2,B-076,0.0,0
2026-07-11,GS-2,B-137,378.93525090264797,505
2026-07-11,GS-3,B-053,3811.9081787230657,510
2026-07-11,GS-3,B-059,0.0,0
2026-07-11,GS-3,B-062,3841.2305493286276,485
2026-07-11,GS-3,B-063,0.0,0
2026-07-11,GS-3,B-065,2039.0325405713913,239
2026-07-11,GS-3,B-101,0.0,0
2026-07-11,GS-3,B-107,0.0,0
2026-07-11,GS-3,B-110,0.0,0
2026-07-11,GS-3,B-129,0.0,0
2026-07-11,GS-3,B-134,54.13360727180685,295
2026-07-11,GS-4,BN-033,146.6118530278102,483
2026-07-11,GS-4,BN-037,0.0,0
2026-07-11,GS-4,BN-040,112.77834848293094,290
2026-07-11,GS-4,BN-041,146.6118530278102,451
2026-07-11,GS-4,BN-042,789.4484393805166,560
2026-07-11,GS-4,BN-043,191.7231924209826,535
2026-07-11,GS-4,BN-046,0.0,0
2026-07-11,GS-4,BN-049,488.7061767593674,540
2026-07-11,GS-4,B-226,0.0,0
2026-07-11,PLTG,B-120,3627.7035428676118,580
2026-07-11,PLTG,B-047,6774.971321197938,470
2026-07-11,PLTG,B-133,1511.2298696712746,585
2026-07-11,MGS,B-32,0.0,0
2026-07-12,GS-1,B-050,1977.2758667806609,460
2026-07-12,GS-1,B-061,508.91278933037444,495
2026-07-12,GS-1,B-031,0.0,0
2026-07-12,GS-1,B-074,892.0941836497152,445
2026-07-12,GS-1,B-020,0.0,0
2026-07-12,GS-1,B-023,1059.736043664427,500
2026-07-12,GS-1,B-049,78.58212188189606,500
2026-07-12,GS-1,B-057,0.0,0
2026-07-12,GS-1,B-078,149.68023215599248,435
2026-07-12,GS-1,B-079,189.3454936773305,436
2026-07-12,GS-1,B-106,998.3671484804698,465
2026-07-12,GS-1,B-108,0.0,0
2026-07-12,GS-1,B-045,0.0,0
2026-07-12,GS-1,B-067,628.6569750551685,495
2026-07-12,GS-1,B-052,0.0,0
2026-07-12,GS-1,B-066,594.9789228200701,510
2026-07-12,GS-1,B-069,0.0,0
2026-07-12,GS-1,B-205,0.0,0
2026-07-12,GS-1,B-077,157.16424376379211,215
2026-07-12,GS-2,B-092,375.69738271154114,570
2026-07-12,GS-2,B-115,0.0,0
2026-07-12,GS-2,B-116,2125.4592966150935,549
2026-07-12,GS-2,B-091,2521.3635106676934,534
2026-07-12,GS-2,B-090,0.0,0
2026-07-12,GS-2,B-075,0.0,0
2026-07-12,GS-2,B-038,0.0,0
2026-07-12,GS-2,B-46,0.0,0
2026-07-12,GS-2,B-073,0.0,0
2026-07-12,GS-2,B-076,0.0,0
2026-07-12,GS-2,B-137,377.19418503310106,505
2026-07-12,GS-3,B-053,3794.3938851544094,510
2026-07-12,GS-3,B-059,0.0,0
2026-07-12,GS-3,B-062,3823.581530424828,485
2026-07-12,GS-3,B-063,0.0,0
2026-07-12,GS-3,B-065,2029.663948035258,239
2026-07-12,GS-3,B-101,0.0,0
2026-07-12,GS-3,B-107,0.0,0
2026-07-12,GS-3,B-110,0.0,0
2026-07-12,GS-3,B-129,0.0,0
2026-07-12,GS-3,B-134,53.88488357615729,295
2026-07-12,GS-4,BN-033,145.93822635209267,483
2026-07-12,GS-4,BN-037,0.0,0
2026-07-12,GS-4,BN-040,112.26017411699436,290
2026-07-12,GS-4,BN-041,145.93822635209267,451
2026-07-12,GS-4,BN-042,785.8212188189606,560
2026-07-12,GS-4,BN-043,190.84229599889042,535
2026-07-12,GS-4,BN-046,0.0,0
2026-07-12,GS-4,BN-049,486.4607545069756,540
2026-07-12,GS-4,B-226,0.0,0
2026-07-12,PLTG,B-120,3611.0356007633186,580
2026-07-12,PLTG,B-047,6743.842859788241,470
2026-07-12,PLTG,B-133,1504.2863331677245,585
2026-07-12,MGS,B-32,0.0,0
2026-07-13,GS-1,B-050,2238.237745403229,460
2026-07-13,GS-1,B-061,576.0793591499605,495
2026-07-13,GS-1,B-031,0.0,0
2026-07-13,GS-1,B-074,1009.8332295687544,445
2026-07-13,GS-1,B-020,0.0,0
2026-07-13,GS-1,B-023,1199.6005478769766,500
2026-07-13,GS-1,B-049,88.9534304569792,500
2026-07-13,GS-1,B-057,0.0,0
2026-07-13,GS-1,B-078,169.43510563234133,435
2026-07-13,GS-1,B-079,214.3354086249118,436
2026-07-13,GS-1,B-106,1130.1321545677167,465
2026-07-13,GS-1,B-108,0.0,0
2026-07-13,GS-1,B-045,0.0,0
2026-07-13,GS-1,B-067,711.6274436558336,495
2026-07-13,GS-1,B-052,0.0,0
2026-07-13,GS-1,B-066,673.5045448885569,510
2026-07-13,GS-1,B-069,0.0,0
2026-07-13,GS-1,B-205,0.0,0
2026-07-13,GS-1,B-077,177.9068609139584,215
2026-07-13,GS-2,B-092,425.2821151371768,570
2026-07-13,GS-2,B-115,0.0,0
2026-07-13,GS-2,B-116,2405.978499979247,549
2026-07-13,GS-2,B-091,2854.13435437679,534
2026-07-13,GS-2,B-090,0.0, 
2026-07-13,GS-2,B-075,0.0,0
2026-07-13,GS-2,B-038,0.0,0
2026-07-13,GS-2,B-46,0.0,0
2026-07-13,GS-2,B-073,0.0,0
2026-07-13,GS-2,B-076,0.0,0
2026-07-13,GS-2,B-137,426.9764661935002,505
2026-07-13,GS-3,B-053,4295.179927779853,510
2026-07-13,GS-3,B-059,0.0,0
2026-07-13,GS-3,B-062,4328.2197733781595,485
2026-07-13,GS-3,B-063,0.0,0
2026-07-13,GS-3,B-065,2297.5400323745484,239
2026-07-13,GS-3,B-101,0.0,0
2026-07-13,GS-3,B-107,0.0,0
2026-07-13,GS-3,B-110,0.0,0
2026-07-13,GS-3,B-129,0.0,0
2026-07-13,GS-3,B-134,60.99663802764288,295
2026-07-13,GS-4,BN-033,165.1992279915328,483
2026-07-13,GS-4,BN-037,0.0,0
2026-07-13,GS-4,BN-040,127.07632922425601,290
2026-07-13,GS-4,BN-041,165.1992279915328,451
2026-07-13,GS-4,BN-042,889.5343045697921,560
2026-07-13,GS-4,BN-043,216.02975968123522,535
2026-07-13,GS-4,BN-046,0.0,0
2026-07-13,GS-4,BN-049,550.6640933051094,540
2026-07-13,GS-4,B-226,0.0,0
2026-07-13,PLTG,B-120,4087.621923380235,580
2026-07-13,PLTG,B-047,7633.898684265139,470
2026-07-13,PLTG,B-133,1702.8228116050304,585
2026-07-13,MGS,B-32,0.0,0
2026-07-14,GS-1,B-050,2116.242767608849,460
2026-07-14,GS-1,B-061,544.6801975677582,495
2026-07-14,GS-1,B-031,0.0,0
2026-07-14,GS-1,B-074,954.7923463246586,445
2026-07-14,GS-1,B-020,0.0,0
2026-07-14,GS-1,B-023,1134.2164114058025,500
2026-07-14,GS-1,B-049,84.1050305067862,500
2026-07-14,GS-1,B-057,0.0,0
2026-07-14,GS-1,B-078,160.2000581081642,435
2026-07-14,GS-1,B-079,202.65307350682772,436
2026-07-14,GS-1,B-106,1068.5343875814551,465
2026-07-14,GS-1,B-108,0.0,0
2026-07-14,GS-1,B-045,0.0,0
2026-07-14,GS-1,B-067,672.8402440542897,495
2026-07-14,GS-1,B-052,0.0,0
2026-07-14,GS-1,B-066,636.7952309799527,510
2026-07-14,GS-1,B-069,0.0,0
2026-07-14,GS-1,B-205,0.0,0
2026-07-14,GS-1,B-077,168.2100610135724,215
2026-07-14,GS-2,B-092,402.10214585149214,570
2026-07-14,GS-2,B-115,0.0,0
2026-07-14,GS-2,B-116,2274.8408251359315,549
2026-07-14,GS-2,B-091,2698.5699788320258,534
2026-07-14,GS-2,B-090,0.0, 
2026-07-14,GS-2,B-075,0.0,0
2026-07-14,GS-2,B-038,0.0,0
2026-07-14,GS-2,B-46,0.0,0
2026-07-14,GS-2,B-073,0.0,0
2026-07-14,GS-2,B-076,0.0,0
2026-07-14,GS-2,B-137,403.7041464325738,505
2026-07-14,GS-3,B-053,4061.0714730419627,510
2026-07-14,GS-3,B-059,0.0,0
2026-07-14,GS-3,B-062,4092.3104843730544,485
2026-07-14,GS-3,B-063,0.0,0
2026-07-14,GS-3,B-065,2172.3127879467065,239
2026-07-14,GS-3,B-101,0.0,0
2026-07-14,GS-3,B-107,0.0,0
2026-07-14,GS-3,B-110,0.0,0
2026-07-14,GS-3,B-129,0.0,0
2026-07-14,GS-3,B-134,57.67202091893911,295
2026-07-14,GS-4,BN-033,156.1950566554601,483
2026-07-14,GS-4,BN-037,0.0,0
2026-07-14,GS-4,BN-040,120.15004358112316,290
2026-07-14,GS-4,BN-041,156.1950566554601,451
2026-07-14,GS-4,BN-042,841.050305067862,560
2026-07-14,GS-4,BN-043,204.25507408790935,535
2026-07-14,GS-4,BN-046,0.0,0
2026-07-14,GS-4,BN-049,520.6501888515337,540
2026-07-14,GS-4,B-226,0.0,0
2026-07-14,PLTG,B-120,3864.8264018594614,580
2026-07-14,PLTG,B-047,7217.813618063338,470
2026-07-14,PLTG,B-133,1610.0105839870503,585
2026-07-14,MGS,B-32,0.0,0
2026-07-15,GS-1,B-050,2143.8218569709043,460
2026-07-15,GS-1,B-061,551.7785248827461,495
2026-07-15,GS-1,B-031,0.0,0
2026-07-15,GS-1,B-074,967.2352965591666,445
2026-07-15,GS-1,B-020,0.0,0
2026-07-15,GS-1,B-023,1148.9976341676006,500
2026-07-15,GS-1,B-049,85.20109575395344,500
2026-07-15,GS-1,B-057,0.0,0
2026-07-15,GS-1,B-078,162.28780143610177,435
2026-07-15,GS-1,B-079,205.29406881666876,436
2026-07-15,GS-1,B-106,1082.459635578799,465
2026-07-15,GS-1,B-108,0.0,0
2026-07-15,GS-1,B-045,0.0,0
2026-07-15,GS-1,B-067,681.6087660316275,495
2026-07-15,GS-1,B-052,0.0,0
2026-07-15,GS-1,B-066,645.0940107085046,510
2026-07-15,GS-1,B-069,0.0,0
2026-07-15,GS-1,B-205,0.0,0
2026-07-15,GS-1,B-077,170.40219150790688,215
2026-07-15,GS-2,B-092,407.34238160461547,570
2026-07-15,GS-2,B-115,0.0,0
2026-07-15,GS-2,B-116,2304.4867803926454,549
2026-07-15,GS-2,B-091,2733.7380151911343,534
2026-07-15,GS-2,B-090,0.0,0
2026-07-15,GS-2,B-075,0.0,0
2026-07-15,GS-2,B-038,0.0,0
2026-07-15,GS-2,B-46,0.0,0
2026-07-15,GS-2,B-073,0.0,0
2026-07-15,GS-2,B-076,0.0,0
2026-07-15,GS-2,B-137,408.96525961897646,505
2026-07-15,GS-3,B-053,4113.99576640518,510
2026-07-15,GS-3,B-059,0.0,0
2026-07-15,GS-3,B-062,4145.641887685219,485
2026-07-15,GS-3,B-063,0.0,0
2026-07-15,GS-3,B-065,2200.62258747354,239
2026-07-15,GS-3,B-101,0.0,0
2026-07-15,GS-3,B-107,0.0,0
2026-07-15,GS-3,B-110,0.0,0
2026-07-15,GS-3,B-129,0.0,0
2026-07-15,GS-3,B-134,58.42360851699664,295
2026-07-15,GS-4,BN-033,158.23060640019924,483
2026-07-15,GS-4,BN-037,0.0,0
2026-07-15,GS-4,BN-040,121.71585107707634,290
2026-07-15,GS-4,BN-041,158.23060640019924,451
2026-07-15,GS-4,BN-042,852.0109575395343,560
2026-07-15,GS-4,BN-043,206.91694683102978,535
2026-07-15,GS-4,BN-046,0.0,0
2026-07-15,GS-4,BN-049,527.4353546673308,540
2026-07-15,GS-4,B-226,0.0,0
2026-07-15,PLTG,B-120,3915.1932096459554,580
2026-07-15,PLTG,B-047,7311.876893703566,470
2026-07-15,PLTG,B-133,1630.992404432823,585
2026-07-15,MGS,B-32,0.0,0
2026-07-16,GS-1,B-050,2202.872909143735,460
2026-07-16,GS-1,B-061,566.9771302868053,495
2026-07-16,GS-1,B-031,0.0,0
2026-07-16,GS-1,B-074,993.8775577968705,445
2026-07-16,GS-1,B-020,0.0,0
2026-07-16,GS-1,B-023,1180.646494832524,500
2026-07-16,GS-1,B-049,87.5479392354626,500
2026-07-16,GS-1,B-057,0.0,0
2026-07-16,GS-1,B-078,166.75797949611922,435
2026-07-16,GS-1,B-079,210.9488440625908,436
2026-07-16,GS-1,B-106,1112.2757232391152,465
2026-07-16,GS-1,B-108,0.0,0
2026-07-16,GS-1,B-045,0.0,0
2026-07-16,GS-1,B-067,700.3835138837007,495
2026-07-16,GS-1,B-052,0.0,0
2026-07-16,GS-1,B-066,662.8629684970739,510
2026-07-16,GS-1,B-069,0.0,0
2026-07-16,GS-1,B-205,0.0,0
2026-07-16,GS-1,B-077,175.0958784709252,215
2026-07-16,GS-2,B-092,418.5625285352592,570
2026-07-16,GS-2,B-115,0.0,0
2026-07-16,GS-2,B-116,2367.9633088448927,549
2026-07-16,GS-2,B-091,2809.038164612128,534
2026-07-16,GS-2,B-090,0.0,0
2026-07-16,GS-2,B-075,0.0,0
2026-07-16,GS-2,B-038,0.0,0
2026-07-16,GS-2,B-46,0.0,0
2026-07-16,GS-2,B-073,0.0,0
2026-07-16,GS-2,B-076,0.0,0
2026-07-16,GS-2,B-137,420.2301083302204,505
2026-07-16,GS-3,B-053,4227.314780226622,510
2026-07-16,GS-3,B-059,0.0,0
2026-07-16,GS-3,B-062,4259.8325862283655,485
2026-07-16,GS-3,B-063,0.0,0
2026-07-16,GS-3,B-065,2261.2382019673764,239
2026-07-16,GS-3,B-101,0.0,0
2026-07-16,GS-3,B-107,0.0,0
2026-07-16,GS-3,B-110,0.0,0
2026-07-16,GS-3,B-129,0.0,0
2026-07-16,GS-3,B-134,60.032872618602916,295
2026-07-16,GS-4,BN-033,162.58903000871624,483
2026-07-16,GS-4,BN-037,0.0,0
2026-07-16,GS-4,BN-040,125.06848462208941,290
2026-07-16,GS-4,BN-041,162.58903000871624,451
2026-07-16,GS-4,BN-042,875.4793923546258,560
2026-07-16,GS-4,BN-043,212.616423857552,535
2026-07-16,GS-4,BN-046,0.0,0
2026-07-16,GS-4,BN-049,541.9634333623875,540
2026-07-16,GS-4,B-226,0.0,0
2026-07-16,PLTG,B-120,4023.036255343876,580
2026-07-16,PLTG,B-047,7513.280766197651,470
2026-07-16,PLTG,B-133,1675.9176939359982,585
2026-07-16,MGS,B-32,0.0,0
2026-07-17,GS-1,B-050,2198.8566699887674,460
2026-07-17,GS-1,B-061,565.9434275519916,495
2026-07-17,GS-1,B-031,0.0,0
2026-07-17,GS-1,B-074,992.0655377087852,445
2026-07-17,GS-1,B-020,0.0,0
2026-07-17,GS-1,B-023,1178.4939609023825,500
2026-07-17,GS-1,B-049,87.3883233719987,500
2026-07-17,GS-1,B-057,0.0,0
2026-07-17,GS-1,B-078,166.45394927999752,435
2026-07-17,GS-1,B-079,210.56424583919687,436
2026-07-17,GS-1,B-106,1110.2478416975835,465
2026-07-17,GS-1,B-108,0.0,0
2026-07-17,GS-1,B-045,0.0,0
2026-07-17,GS-1,B-067,699.1065869759896,495
2026-07-17,GS-1,B-052,0.0,0
2026-07-17,GS-1,B-066,661.6544483879902,510
2026-07-17,GS-1,B-069,0.0,0
2026-07-17,GS-1,B-205,0.0,0
2026-07-17,GS-1,B-077,174.7766467439974,215
2026-07-17,GS-2,B-092,417.7994126927938,570
2026-07-17,GS-2,B-115,0.0,0
2026-07-17,GS-2,B-116,2363.646079775965,549
2026-07-17,GS-2,B-091,2803.9167756215584,534
2026-07-17,GS-2,B-090,0.0,0
2026-07-17,GS-2,B-075,0.0,0
2026-07-17,GS-2,B-038,0.0,0
2026-07-17,GS-2,B-46,0.0,0
2026-07-17,GS-2,B-073,0.0,0
2026-07-17,GS-2,B-076,0.0,0
2026-07-17,GS-2,B-137,419.46395218559377,505
2026-07-17,GS-3,B-053,4219.607614247937,510
2026-07-17,GS-3,B-059,0.0,0
2026-07-17,GS-3,B-062,4252.066134357537,485
2026-07-17,GS-3,B-063,0.0,0
2026-07-17,GS-3,B-065,2257.1155522367662,239
2026-07-17,GS-3,B-101,0.0,0
2026-07-17,GS-3,B-107,0.0,0
2026-07-17,GS-3,B-110,0.0,0
2026-07-17,GS-3,B-129,0.0,0
2026-07-17,GS-3,B-134,59.92342174079911,295
2026-07-17,GS-4,BN-033,162.29260054799758,483
2026-07-17,GS-4,BN-037,0.0,0
2026-07-17,GS-4,BN-040,124.84046195999815,290
2026-07-17,GS-4,BN-041,162.29260054799758,451
2026-07-17,GS-4,BN-042,873.8832337199871,560
2026-07-17,GS-4,BN-043,212.22878533199685,535
2026-07-17,GS-4,BN-046,0.0,0
2026-07-17,GS-4,BN-049,540.9753351599919,540
2026-07-17,GS-4,B-226,0.0,0
2026-07-17,PLTG,B-120,4015.7015263799403,580
2026-07-17,PLTG,B-047,7499.582684810289,470
2026-07-17,PLTG,B-133,1672.8621902639752,585
2026-07-17,MGS,B-32,0.0,0
2026-07-18,GS-1,B-050,2203.432623928406,460
2026-07-18,GS-1,B-061,567.1211901102635,495
2026-07-18,GS-1,B-031,0.0,0
2026-07-18,GS-1,B-074,994.1300861932854,445
2026-07-18,GS-1,B-020,0.0,0
2026-07-18,GS-1,B-023,1180.9464782296075,500
2026-07-18,GS-1,B-049,87.57018376702598,500
2026-07-18,GS-1,B-057,0.0,0
2026-07-18,GS-1,B-078,166.80035003243043,435
2026-07-18,GS-1,B-079,211.0024427910245,436
2026-07-18,GS-1,B-106,1112.558334716311,465
2026-07-18,GS-1,B-108,0.0,0
2026-07-18,GS-1,B-045,0.0,0
2026-07-18,GS-1,B-067,700.5614701362078,495
2026-07-18,GS-1,B-052,0.0,0
2026-07-18,GS-1,B-066,663.0313913789109,510
2026-07-18,GS-1,B-069,0.0,0
2026-07-18,GS-1,B-205,0.0,0
2026-07-18,GS-1,B-077,175.14036753405196,215
2026-07-18,GS-2,B-092,418.6688785814004,570
2026-07-18,GS-2,B-115,0.0,0
2026-07-18,GS-2,B-116,2368.564970460512,549
2026-07-18,GS-2,B-091,2809.751896296291,534
2026-07-18,GS-2,B-090,0.0,0
2026-07-18,GS-2,B-075,0.0,0
2026-07-18,GS-2,B-038,0.0,0
2026-07-18,GS-2,B-46,0.0,0
2026-07-18,GS-2,B-073,0.0,0
2026-07-18,GS-2,B-076,0.0,0
2026-07-18,GS-2,B-137,420.3368820817247,505
2026-07-18,GS-3,B-053,4228.388873322111,510
2026-07-18,GS-3,B-059,0.0,0
2026-07-18,GS-3,B-062,4260.914941578435,485
2026-07-18,GS-3,B-063,0.0,0
2026-07-18,GS-3,B-065,2261.8127464397567,239
2026-07-18,GS-3,B-101,0.0,0
2026-07-18,GS-3,B-107,0.0,0
2026-07-18,GS-3,B-110,0.0,0
2026-07-18,GS-3,B-129,0.0,0
2026-07-18,GS-3,B-134,60.04812601167495,295
2026-07-18,GS-4,BN-033,162.63034128161968,483
2026-07-18,GS-4,BN-037,0.0,0
2026-07-18,GS-4,BN-040,125.10026252432283,290
2026-07-18,GS-4,BN-041,162.63034128161968,451
2026-07-18,GS-4,BN-042,875.7018376702598,560
2026-07-18,GS-4,BN-043,212.6704462913488,535
2026-07-18,GS-4,BN-046,0.0,0
2026-07-18,GS-4,BN-049,542.1011376053989,540
2026-07-18,GS-4,B-226,0.0,0
2026-07-18,PLTG,B-120,4024.0584445323843,580
2026-07-18,PLTG,B-047,7515.189770711153,470
2026-07-18,PLTG,B-133,1676.3435178259258,585
2026-07-18,MGS,B-32,0.0,0
2026-07-19,GS-1,B-050,2203.871257556431,460
2026-07-19,GS-1,B-061,567.2340859721321,495
2026-07-19,GS-1,B-031,0.0,0
2026-07-19,GS-1,B-074,994.327985998208,445
2026-07-19,GS-1,B-020,0.0,0
2026-07-19,GS-1,B-023,1181.1815672596163,500
2026-07-19,GS-1,B-049,87.5876162162851,500
2026-07-19,GS-1,B-057,0.0,0
2026-07-19,GS-1,B-078,166.8335546976859,435
2026-07-19,GS-1,B-079,211.04444669257268,436
2026-07-19,GS-1,B-106,1112.779809833565,465
2026-07-19,GS-1,B-108,0.0,0
2026-07-19,GS-1,B-045,0.0,0
2026-07-19,GS-1,B-067,700.7009297302808,495
2026-07-19,GS-1,B-052,0.0,0
2026-07-19,GS-1,B-066,663.1633799233015,510
2026-07-19,GS-1,B-069,0.0,0
2026-07-19,GS-1,B-205,0.0,0
2026-07-19,GS-1,B-077,175.1752324325702,215
2026-07-19,GS-2,B-092,418.75222229119163,570
2026-07-19,GS-2,B-115,0.0,0
2026-07-19,GS-2,B-116,2369.0364767071396,549
2026-07-19,GS-2,B-091,2810.311228882519,534
2026-07-19,GS-2,B-090,0.0, 
2026-07-19,GS-2,B-075,0.0,0
2026-07-19,GS-2,B-038,0.0,0
2026-07-19,GS-2,B-46,0.0,0
2026-07-19,GS-2,B-073,0.0,0
2026-07-19,GS-2,B-076,0.0,0
2026-07-19,GS-2,B-137,420.42055783816846,505
2026-07-19,GS-3,B-053,4229.230611586338,510
2026-07-19,GS-3,B-059,0.0,0
2026-07-19,GS-3,B-062,4261.763154752386,485
2026-07-19,GS-3,B-063,0.0,0
2026-07-19,GS-3,B-065,2262.263001700621,239
2026-07-19,GS-3,B-101,0.0,0
2026-07-19,GS-3,B-107,0.0,0
2026-07-19,GS-3,B-110,0.0,0
2026-07-19,GS-3,B-129,0.0,0
2026-07-19,GS-3,B-134,60.060079691166926,295
2026-07-19,GS-4,BN-033,162.66271583024377,483
2026-07-19,GS-4,BN-037,0.0,0
2026-07-19,GS-4,BN-040,125.12516602326443,290
2026-07-19,GS-4,BN-041,162.66271583024377,451
2026-07-19,GS-4,BN-042,875.876162162851,560
2026-07-19,GS-4,BN-043,212.71278223954954,535
2026-07-19,GS-4,BN-046,0.0,0
2026-07-19,GS-4,BN-049,542.2090527674792,540
2026-07-19,GS-4,B-226,0.0,0
2026-07-19,PLTG,B-120,4024.8595070816723,580
2026-07-19,PLTG,B-047,7516.685806904238,470
2026-07-19,PLTG,B-133,1676.6772247117433,585
2026-07-19,MGS,B-32,0.0,0
2026-07-20,GS-1,B-050,2198.7607188810025,460
2026-07-20,GS-1,B-061,565.9187315817873,495
2026-07-20,GS-1,B-031,0.0,0
2026-07-20,GS-1,B-074,992.0222471257212,445
2026-07-20,GS-1,B-020,0.0,0
2026-07-20,GS-1,B-023,1178.4425351761922,500
2026-07-20,GS-1,B-049,87.38451002365832,500
2026-07-20,GS-1,B-057,0.0,0
2026-07-20,GS-1,B-078,166.44668575934918,435
2026-07-20,GS-1,B-079,210.5550574855767,436
2026-07-20,GS-1,B-106,1110.199394014859,465
2026-07-20,GS-1,B-108,0.0,0
2026-07-20,GS-1,B-045,0.0,0
2026-07-20,GS-1,B-067,699.0760801892666,495
2026-07-20,GS-1,B-052,0.0,0
2026-07-20,GS-1,B-066,661.6255758934129,510
2026-07-20,GS-1,B-069,0.0,0
2026-07-20,GS-1,B-205,0.0,0
2026-07-20,GS-1,B-077,174.76902004731664,215
2026-07-20,GS-2,B-092,417.78118125596643,570
2026-07-20,GS-2,B-115,0.0,0
2026-07-20,GS-2,B-116,2363.542937782758,549
2026-07-20,GS-2,B-091,2803.794421616237,534
2026-07-20,GS-2,B-090,0.0,0
2026-07-20,GS-2,B-075,0.0,0
2026-07-20,GS-2,B-038,0.0,0
2026-07-20,GS-2,B-46,0.0,0
2026-07-20,GS-2,B-073,0.0,0
2026-07-20,GS-2,B-076,0.0,0
2026-07-20,GS-2,B-137,419.4456481135599,505
2026-07-20,GS-3,B-053,4219.4234839995015,510
2026-07-20,GS-3,B-059,0.0,0
2026-07-20,GS-3,B-062,4251.880587722575,485
2026-07-20,GS-3,B-063,0.0,0
2026-07-20,GS-3,B-065,2257.017058896775,239
2026-07-20,GS-3,B-101,0.0,0
2026-07-20,GS-3,B-107,0.0,0
2026-07-20,GS-3,B-110,0.0,0
2026-07-20,GS-3,B-129,0.0,0
2026-07-20,GS-3,B-134,59.920806873365706,295
2026-07-20,GS-4,BN-033,162.28551861536545,483
2026-07-20,GS-4,BN-037,0.0,0
2026-07-20,GS-4,BN-040,124.83501431951188,290
2026-07-20,GS-4,BN-041,162.28551861536545,451
2026-07-20,GS-4,BN-042,873.8451002365832,560
2026-07-20,GS-4,BN-043,212.2195243431702,535
2026-07-20,GS-4,BN-046,0.0,0
2026-07-20,GS-4,BN-049,540.9517287178849,540
2026-07-20,GS-4,B-226,0.0,0
2026-07-20,PLTG,B-120,4015.5262939442987,580
2026-07-20,PLTG,B-047,7499.255426887477,470
2026-07-20,PLTG,B-133,1672.7891918814591,585
2026-07-20,MGS,B-32,0.0,0
2026-07-21,GS-1,B-050,2055.28183151345,460
2026-07-21,GS-1,B-061,528.990024765006,495
2026-07-21,GS-1,B-031,0.0,0
2026-07-21,GS-1,B-074,927.2883963527752,445
2026-07-21,GS-1,B-020,0.0,0
2026-07-21,GS-1,B-023,1101.5439339224242,500
2026-07-21,GS-1,B-049,81.68228323577299,500
2026-07-21,GS-1,B-057,0.0,0
2026-07-21,GS-1,B-078,155.58530140147235,435
2026-07-21,GS-1,B-079,196.81540627286253,436
2026-07-21,GS-1,B-106,1037.7539603478206,465
2026-07-21,GS-1,B-108,0.0,0
2026-07-21,GS-1,B-045,0.0,0
2026-07-21,GS-1,B-067,653.4582658861839,495
2026-07-21,GS-1,B-052,0.0,0
2026-07-21,GS-1,B-066,618.4515730708526,510
2026-07-21,GS-1,B-069,0.0,0
2026-07-21,GS-1,B-205,0.0,0
2026-07-21,GS-1,B-077,163.36456647154597,215
2026-07-21,GS-2,B-092,390.5191065176956,570
2026-07-21,GS-2,B-115,0.0,0
2026-07-21,GS-2,B-116,2209.3112799009073,549
2026-07-21,GS-2,B-091,2620.834402107802,534
2026-07-21,GS-2,B-090,0.0,0
2026-07-21,GS-2,B-075,0.0,0
2026-07-21,GS-2,B-038,0.0,0
2026-07-21,GS-2,B-46,0.0,0
2026-07-21,GS-2,B-073,0.0,0
2026-07-21,GS-2,B-076,0.0,0
2026-07-21,GS-2,B-137,392.0749595317103,505
2026-07-21,GS-3,B-053,3944.0873905273243,510
2026-07-21,GS-3,B-059,0.0,0
2026-07-21,GS-3,B-062,3974.426524300611,485
2026-07-21,GS-3,B-063,0.0,0
2026-07-21,GS-3,B-065,2109.736687003965,239
2026-07-21,GS-3,B-101,0.0,0
2026-07-21,GS-3,B-107,0.0,0
2026-07-21,GS-3,B-110,0.0,0
2026-07-21,GS-3,B-129,0.0,0
2026-07-21,GS-3,B-134,56.010708504530044,295
2026-07-21,GS-4,BN-033,151.69566886643554,483
2026-07-21,GS-4,BN-037,0.0,0
2026-07-21,GS-4,BN-040,116.68897605110426,290
2026-07-21,GS-4,BN-041,151.69566886643554,451
2026-07-21,GS-4,BN-042,816.8228323577299,560
2026-07-21,GS-4,BN-043,198.37125928687726,535
2026-07-21,GS-4,BN-046,0.0,0
2026-07-21,GS-4,BN-049,505.65222955478515,540
2026-07-21,GS-4,B-226,0.0,0
2026-07-21,PLTG,B-120,3753.4953963105204,580
2026-07-21,PLTG,B-047,7009.895754643337,470
2026-07-21,PLTG,B-133,1563.6322790847971,585
2026-07-21,MGS,B-32,0.0,0
2026-07-22,GS-1,B-050,1940.9263894077117,460
2026-07-22,GS-1,B-061,499.5571327771552,495
2026-07-22,GS-1,B-031,0.0,0
2026-07-22,GS-1,B-074,875.6942680446602,445
2026-07-22,GS-1,B-020,0.0,0
2026-07-22,GS-1,B-023,1040.2542647241937,500
2026-07-22,GS-1,B-049,77.13749844353131,500
2026-07-22,GS-1,B-057,0.0,0
2026-07-22,GS-1,B-078,146.92856846386917,435
2026-07-22,GS-1,B-079,185.8646391067945,436
2026-07-22,GS-1,B-106,980.0135516540074,465
2026-07-22,GS-1,B-108,0.0,0
2026-07-22,GS-1,B-045,0.0,0
2026-07-22,GS-1,B-067,617.0999875482505,495
2026-07-22,GS-1,B-052,0.0,0
2026-07-22,GS-1,B-066,584.04105964388,510
2026-07-22,GS-1,B-069,0.0,0
2026-07-22,GS-1,B-205,0.0,0
2026-07-22,GS-1,B-077,154.27499688706263,215
2026-07-22,GS-2,B-092,368.7907068443116,570
2026-07-22,GS-2,B-115,0.0,0
2026-07-22,GS-2,B-116,2086.3856721869424,549
2026-07-22,GS-2,B-091,2475.0117357738764,534
2026-07-22,GS-2,B-090,0.0,0
2026-07-22,GS-2,B-075,0.0,0
2026-07-22,GS-2,B-038,0.0,0
2026-07-22,GS-2,B-46,0.0,0
2026-07-22,GS-2,B-073,0.0,0
2026-07-22,GS-2,B-076,0.0,0
2026-07-22,GS-2,B-137,370.2599925289503,505
2026-07-22,GS-3,B-053,3724.6392105590835,510
2026-07-22,GS-3,B-059,0.0,0
2026-07-22,GS-3,B-062,3753.290281409538,485
2026-07-22,GS-3,B-063,0.0,0
2026-07-22,GS-3,B-065,1992.351388370066,239
2026-07-22,GS-3,B-101,0.0,0
2026-07-22,GS-3,B-107,0.0,0
2026-07-22,GS-3,B-110,0.0,0
2026-07-22,GS-3,B-129,0.0,0
2026-07-22,GS-3,B-134,52.8942846469929,295
2026-07-22,GS-4,BN-033,143.25535425227244,483
2026-07-22,GS-4,BN-037,0.0,0
2026-07-22,GS-4,BN-040,110.19642634790188,290
2026-07-22,GS-4,BN-041,143.25535425227244,451
2026-07-22,GS-4,BN-042,771.3749844353131,560
2026-07-22,GS-4,BN-043,187.3339247914332,535
2026-07-22,GS-4,BN-046,0.0,0
2026-07-22,GS-4,BN-049,477.5178475075748,540
2026-07-22,GS-4,B-226,0.0,0
2026-07-22,PLTG,B-120,3544.651714190844,580
2026-07-22,PLTG,B-047,6619.866652139625,470
2026-07-22,PLTG,B-133,1476.632113061885,585
2026-07-22,MGS,B-32,0.0,0
2026-07-23,GS-1,B-050,1851.6096169011746,460
2026-07-23,GS-1,B-061,476.5687129041631,495
2026-07-23,GS-1,B-031,0.0,0
2026-07-23,GS-1,B-074,835.3969202672976,445
2026-07-23,GS-1,B-020,0.0,0
2026-07-23,GS-1,B-023,992.384260988669,500
2026-07-23,GS-1,B-049,73.58781596314283,500
2026-07-23,GS-1,B-057,0.0,0
2026-07-23,GS-1,B-078,140.16726850122444,435
2026-07-23,GS-1,B-079,177.3115946540489,436
2026-07-23,GS-1,B-106,934.915680903167,465
2026-07-23,GS-1,B-108,0.0,0
2026-07-23,GS-1,B-045,0.0,0
2026-07-23,GS-1,B-067,588.7025277051426,495
2026-07-23,GS-1,B-052,0.0,0
2026-07-23,GS-1,B-066,557.1648922923671,510
2026-07-23,GS-1,B-069,0.0,0
2026-07-23,GS-1,B-205,0.0,0
2026-07-23,GS-1,B-077,147.17563192628566,215
2026-07-23,GS-2,B-092,351.8198439380733,570
2026-07-23,GS-2,B-115,0.0,0
2026-07-23,GS-2,B-116,1990.3752127173868,549
2026-07-23,GS-2,B-091,2361.1176379031253,534
2026-07-23,GS-2,B-090,0.0, 
2026-07-23,GS-2,B-075,0.0,0
2026-07-23,GS-2,B-038,0.0,0
2026-07-23,GS-2,B-46,0.0,0
2026-07-23,GS-2,B-073,0.0,0
2026-07-23,GS-2,B-076,0.0,0
2026-07-23,GS-2,B-137,353.22151662308556,505
2026-07-23,GS-3,B-053,3553.2402565060393,510
2026-07-23,GS-3,B-059,0.0,0
2026-07-23,GS-3,B-062,3580.572873863778,485
2026-07-23,GS-3,B-063,0.0,0
2026-07-23,GS-3,B-065,1900.6681608766032,239
2026-07-23,GS-3,B-101,0.0,0
2026-07-23,GS-3,B-107,0.0,0
2026-07-23,GS-3,B-110,0.0,0
2026-07-23,GS-3,B-129,0.0,0
2026-07-23,GS-3,B-134,50.46021666044079,295
2026-07-23,GS-4,BN-033,136.66308678869382,483
2026-07-23,GS-4,BN-037,0.0,0
2026-07-23,GS-4,BN-040,105.12545137591832,290
2026-07-23,GS-4,BN-041,136.66308678869382,451
2026-07-23,GS-4,BN-042,735.8781596314283,560
2026-07-23,GS-4,BN-043,178.71326733906113,535
2026-07-23,GS-4,BN-046,0.0,0
2026-07-23,GS-4,BN-049,455.5436226289794,540
2026-07-23,GS-4,B-226,0.0,0
2026-07-23,PLTG,B-120,3381.5353525920395,580
2026-07-23,PLTG,B-047,6315.236282322667,470
2026-07-23,PLTG,B-133,1408.6810484373054,585
2026-07-23,MGS,B-32,0.0,0
2026-07-24,GS-1,B-050,1857.805316897024,460
2026-07-24,GS-1,B-061,478.16336695305694,495
2026-07-24,GS-1,B-031,0.0,0
2026-07-24,GS-1,B-074,838.1922550118293,445
2026-07-24,GS-1,B-020,0.0,0
2026-07-24,GS-1,B-023,995.7048935375421,500
2026-07-24,GS-1,B-049,73.83404930892792,500
2026-07-24,GS-1,B-057,0.0,0
2026-07-24,GS-1,B-078,140.63628439795792,435
2026-07-24,GS-1,B-079,177.90489976341678,436
2026-07-24,GS-1,B-106,938.0440169343793,465
2026-07-24,GS-1,B-108,0.0,0
2026-07-24,GS-1,B-045,0.0,0
2026-07-24,GS-1,B-067,590.6723944714233,495
2026-07-24,GS-1,B-052,0.0,0
2026-07-24,GS-1,B-066,559.0292304818828,510
2026-07-24,GS-1,B-069,0.0,0
2026-07-24,GS-1,B-205,0.0,0
2026-07-24,GS-1,B-077,147.66809861785583,215
2026-07-24,GS-2,B-092,352.99707383887437,570
2026-07-24,GS-2,B-115,0.0,0
2026-07-24,GS-2,B-116,1997.0352384510024,549
2026-07-24,GS-2,B-091,2369.0182106836014,534
2026-07-24,GS-2,B-090,0.0, 
2026-07-24,GS-2,B-075,0.0,0
2026-07-24,GS-2,B-038,0.0,0
2026-07-24,GS-2,B-46,0.0,0
2026-07-24,GS-2,B-073,0.0,0
2026-07-24,GS-2,B-076,0.0,0
2026-07-24,GS-2,B-137,354.40343668285396,505
2026-07-24,GS-3,B-053,3565.129809488233,510
2026-07-24,GS-3,B-059,0.0,0
2026-07-24,GS-3,B-062,3592.5538849458353,485
2026-07-24,GS-3,B-063,0.0,0
2026-07-24,GS-3,B-065,1907.0280164363094,239
2026-07-24,GS-3,B-101,0.0,0
2026-07-24,GS-3,B-107,0.0,0
2026-07-24,GS-3,B-110,0.0,0
2026-07-24,GS-3,B-129,0.0,0
2026-07-24,GS-3,B-134,50.62906238326485,295
2026-07-24,GS-4,BN-033,137.12037728800897,483
2026-07-24,GS-4,BN-037,0.0,0
2026-07-24,GS-4,BN-040,105.47721329846844,290
2026-07-24,GS-4,BN-041,137.12037728800897,451
2026-07-24,GS-4,BN-042,738.3404930892791,560
2026-07-24,GS-4,BN-043,179.31126260739634,535
2026-07-24,GS-4,BN-046,0.0,0
2026-07-24,GS-4,BN-049,457.06792429336326,540
2026-07-24,GS-4,B-226,0.0,0
2026-07-24,PLTG,B-120,3392.850361100735,580
2026-07-24,PLTG,B-047,6336.3677935499945,470
2026-07-24,PLTG,B-133,1413.3946581994771,585
2026-07-24,MGS,B-32,0.0,0
2026-07-25,GS-1,B-050,1870.909496534263,460
2026-07-25,GS-1,B-061,481.5361308263811,495
2026-07-25,GS-1,B-031,0.0,0
2026-07-25,GS-1,B-074,844.1045116838916,445
2026-07-25,GS-1,B-020,0.0,0
2026-07-25,GS-1,B-023,1002.7281783090524,500
2026-07-25,GS-1,B-049,74.35484373054415,524
2026-07-25,GS-1,B-057,0.0,0
2026-07-25,GS-1,B-078,141.62827377246504,435
2026-07-25,GS-1,B-079,179.15976632216825,436
2026-07-25,GS-1,B-106,944.6605860623417,465
2026-07-25,GS-1,B-108,0.0,0
2026-07-25,GS-1,B-045,0.0,0
2026-07-25,GS-1,B-067,594.8387498443532,495
2026-07-25,GS-1,B-052,0.0,0
2026-07-25,GS-1,B-066,562.9723882455485,510
2026-07-25,GS-1,B-069,0.0,0
2026-07-25,GS-1,B-205,0.0,0
2026-07-25,GS-1,B-077,148.7096874610883,215
2026-07-25,GS-2,B-092,355.48696716888725,570
2026-07-25,GS-2,B-115,0.0,0
2026-07-25,GS-2,B-116,2011.1214875690034,549
2026-07-25,GS-2,B-091,2385.7282716971736,534
2026-07-25,GS-2,B-090,0.0,0
2026-07-25,GS-2,B-075,0.0,0
2026-07-25,GS-2,B-038,0.0,0
2026-07-25,GS-2,B-46,0.0,0
2026-07-25,GS-2,B-073,0.0,0
2026-07-25,GS-2,B-076,0.0,0
2026-07-25,GS-2,B-137,356.90324990661185,505
2026-07-25,GS-3,B-053,3590.2767401319884,510
2026-07-25,GS-3,B-059,0.0,0
2026-07-25,GS-3,B-062,3617.8942535176193,485
2026-07-25,GS-3,B-063,0.0,0
2026-07-25,GS-3,B-065,1920.4793923546258,239
2026-07-25,GS-3,B-101,0.0,0
2026-07-25,GS-3,B-107,0.0,0
2026-07-25,GS-3,B-110,0.0,0
2026-07-25,GS-3,B-129,0.0,0
2026-07-25,GS-3,B-134,50.98617855808741,295
2026-07-25,GS-4,BN-033,138.0875669281534,483
2026-07-25,GS-4,BN-037,0.0,0
2026-07-25,GS-4,BN-040,106.22120532934878,290
2026-07-25,GS-4,BN-041,138.0875669281534,451
2026-07-25,GS-4,BN-042,743.5484373054414,560
2026-07-25,GS-4,BN-043,180.5760490598929,535
2026-07-25,GS-4,BN-046,0.0,0
2026-07-25,GS-4,BN-049,460.29188976051137,540
2026-07-25,GS-4,B-226,0.0,0
2026-07-25,PLTG,B-120,3416.782104760719,580
2026-07-25,PLTG,B-047,6381.0618748184115,470
2026-07-25,PLTG,B-133,1423.3641514132735,585
2026-07-25,MGS,B-32,0.0,0
2026-07-26,GS-1,B-050,1829.9520815174533,460
2026-07-26,GS-1,B-061,470.9944797244013,495
2026-07-26,GS-1,B-031,0.0,0
2026-07-26,GS-1,B-074,825.6256173992447,445
2026-07-26,GS-1,B-020,0.0,0
2026-07-26,GS-1,B-023,980.7767401319886,500
2026-07-26,GS-1,B-049,72.72708878097373,524
2026-07-26,GS-1,B-057,0.0,0
2026-07-26,GS-1,B-078,138.52778815423568,435
2026-07-26,GS-1,B-079,175.23765201510813,436
2026-07-26,GS-1,B-106,923.980346988752,465
2026-07-26,GS-1,B-108,0.0,0
2026-07-26,GS-1,B-045,0.0,0
2026-07-26,GS-1,B-067,581.8167102477898,495
2026-07-26,GS-1,B-052,0.0,0
2026-07-26,GS-1,B-066,550.6479579130868,510
2026-07-26,GS-1,B-069,0.0,0
2026-07-26,GS-1,B-205,0.0,0
2026-07-26,GS-1,B-077,145.45417756194746,215
2026-07-26,GS-2,B-092,347.70474826713155,570
2026-07-26,GS-2,B-115,0.0,0
2026-07-26,GS-2,B-116,1967.0945917901465,549
2026-07-26,GS-2,B-091,2333.5005914580997,534
2026-07-26,GS-2,B-090,0.0,0
2026-07-26,GS-2,B-075,0.0,0
2026-07-26,GS-2,B-038,0.0,0
2026-07-26,GS-2,B-46,0.0,0
2026-07-26,GS-2,B-073,0.0,0
2026-07-26,GS-2,B-076,0.0,0
2026-07-26,GS-2,B-137,349.0900261486739,505
2026-07-26,GS-3,B-053,3511.6794297098745,510
2026-07-26,GS-3,B-059,0.0,0
2026-07-26,GS-3,B-062,3538.6923483999503,485
2026-07-26,GS-3,B-063,0.0,0
2026-07-26,GS-3,B-065,1878.4368073714359,239
2026-07-26,GS-3,B-101,0.0,0
2026-07-26,GS-3,B-107,0.0,0
2026-07-26,GS-3,B-110,0.0,0
2026-07-26,GS-3,B-129,0.0,0
2026-07-26,GS-3,B-134,49.87000373552485,295
2026-07-26,GS-4,BN-033,135.0645934503798,483
2026-07-26,GS-4,BN-037,0.0,0
2026-07-26,GS-4,BN-040,103.89584111567676,290
2026-07-26,GS-4,BN-041,135.0645934503798,451
2026-07-26,GS-4,BN-042,727.2708878097372,560
2026-07-26,GS-4,BN-043,176.62292989665048,535
2026-07-26,GS-4,BN-046,0.0,0
2026-07-26,GS-4,BN-049,450.21531150126594,540
2026-07-26,GS-4,B-226,0.0,0
2026-07-26,PLTG,B-120,3341.9828892209357,580
2026-07-26,PLTG,B-047,6241.369495289088,470
2026-07-26,PLTG,B-133,1392.2042709500686,585
2026-07-26,MGS,B-32,0.0,0
2026-07-27,GS-1,B-050,1879.1247388596878,460
2026-07-27,GS-1,B-061,483.65057623943517,495
2026-07-27,GS-1,B-031,0.0,0
2026-07-27,GS-1,B-074,847.8110101138334,445
2026-07-27,GS-1,B-020,0.0,0
2026-07-27,GS-1,B-023,1007.1311999338826,500
2026-07-27,GS-1,B-049,74.68133897814808,524
2026-07-27,GS-1,B-057,0.0,0
2026-07-27,GS-1,B-078,142.2501694821868,435
2026-07-27,GS-1,B-079,179.9464643949663,436
2026-07-27,GS-1,B-106,948.808630446186,465
2026-07-27,GS-1,B-108,0.0,0
2026-07-27,GS-1,B-045,0.0,0
2026-07-27,GS-1,B-067,597.4507118251846,495
2026-07-27,GS-1,B-052,0.0,0
2026-07-27,GS-1,B-066,565.4444236916926,510
2026-07-27,GS-1,B-069,0.0,0
2026-07-27,GS-1,B-205,0.0,0
2026-07-27,GS-1,B-077,149.36267795629615,215
2026-07-27,GS-2,B-092,357.0479254002889,570
2026-07-27,GS-2,B-115,0.0,0
2026-07-27,GS-2,B-116,2019.9524066470526,549
2026-07-27,GS-2,B-091,2396.2041049274367,534
2026-07-27,GS-2,B-090,0.0, 
2026-07-27,GS-2,B-075,0.0,0
2026-07-27,GS-2,B-038,0.0,0
2026-07-27,GS-2,B-46,0.0,0
2026-07-27,GS-2,B-073,0.0,0
2026-07-27,GS-2,B-076,0.0,0
2026-07-27,GS-2,B-137,358.4704270951107,505
2026-07-27,GS-3,B-053,3606.0417963734353,510
2026-07-27,GS-3,B-059,0.0,0
2026-07-27,GS-3,B-062,3633.780579422462,485
2026-07-27,GS-3,B-063,0.0,0
2026-07-27,GS-3,B-065,1928.912298178453,239
2026-07-27,GS-3,B-101,0.0,0
2026-07-27,GS-3,B-107,0.0,0
2026-07-27,GS-3,B-110,0.0,0
2026-07-27,GS-3,B-129,0.0,0
2026-07-27,GS-3,B-134,51.21006101358725,295
2026-07-27,GS-4,BN-033,138.69391524513213,483
2026-07-27,GS-4,BN-037,0.0,0
2026-07-27,GS-4,BN-040,106.6876271116401,290
2026-07-27,GS-4,BN-041,138.69391524513213,451
2026-07-27,GS-4,BN-042,746.8133897814807,560
2026-07-27,GS-4,BN-043,181.3689660897882,535
2026-07-27,GS-4,BN-046,0.0,0
2026-07-27,GS-4,BN-049,462.3130508171071,540
2026-07-27,GS-4,B-226,0.0,0
2026-07-27,PLTG,B-120,3431.7853387577566,580
2026-07-27,PLTG,B-047,6409.081386019927,470
2026-07-27,PLTG,B-133,1429.6142032959774,585
2026-07-27,MGS,B-32,0.0,0
2026-07-28,GS-1,B-050,1914.4164695139668,460
2026-07-28,GS-1,B-061,492.73398912547214,495
2026-07-28,GS-1,B-031,0.0,0
2026-07-28,GS-1,B-074,863.7336985846512,445
2026-07-28,GS-1,B-020,0.0,0
2026-07-28,GS-1,B-023,1026.046071473042,500
2026-07-28,GS-1,B-049,76.0839247914332,524
2026-07-28,GS-1,B-057,0.0,0
2026-07-28,GS-1,B-078,144.9217615074918,435
2026-07-28,GS-1,B-079,183.32602830697715,436
2026-07-28,GS-1,B-106,966.6281492549704,465
2026-07-28,GS-1,B-108,0.0,0
2026-07-28,GS-1,B-045,0.0,0
2026-07-28,GS-1,B-067,608.6713983314656,495
2026-07-28,GS-1,B-052,0.0,0
2026-07-28,GS-1,B-066,576.0640019922799,510
2026-07-28,GS-1,B-069,0.0,0
2026-07-28,GS-1,B-205,0.0,0
2026-07-28,GS-1,B-077,152.1678495828664,215
2026-07-28,GS-2,B-092,363.75362138380444,570
2026-07-28,GS-2,B-115,0.0,0
2026-07-28,GS-2,B-116,2057.8890134063836,549
2026-07-28,GS-2,B-091,2441.2070725936996,534
2026-07-28,GS-2,B-090,0.0,0
2026-07-28,GS-2,B-075,0.0,0
2026-07-28,GS-2,B-038,0.0,0
2026-07-28,GS-2,B-46,0.0,0
2026-07-28,GS-2,B-073,0.0,0
2026-07-28,GS-2,B-076,0.0,0
2026-07-28,GS-2,B-137,365.2028389988794,505
2026-07-28,GS-3,B-053,3673.7666542149173,510
2026-07-28,GS-3,B-059,0.0,0
2026-07-28,GS-3,B-062,3702.0263977088784,485
2026-07-28,GS-3,B-063,0.0,0
2026-07-28,GS-3,B-065,1965.1390860415888,239
2026-07-28,GS-3,B-101,0.0,0
2026-07-28,GS-3,B-107,0.0,0
2026-07-28,GS-3,B-110,0.0,0
2026-07-28,GS-3,B-129,0.0,0
2026-07-28,GS-3,B-134,52.17183414269705,295
2026-07-28,GS-4,BN-033,141.2987174698045,483
2026-07-28,GS-4,BN-037,0.0,0
2026-07-28,GS-4,BN-040,108.69132113061886,290
2026-07-28,GS-4,BN-041,141.2987174698045,451
2026-07-28,GS-4,BN-042,760.839247914332,560
2026-07-28,GS-4,BN-043,184.77524592205205,535
2026-07-28,GS-4,BN-046,0.0,0
2026-07-28,GS-4,BN-049,470.9957248993484,540
2026-07-28,GS-4,B-226,0.0,0
2026-07-28,PLTG,B-120,3496.23749636824,580
2026-07-28,PLTG,B-047,6529.449964720044,470
2026-07-28,PLTG,B-133,1456.4637031502928,585
2026-07-28,MGS,B-32,0.0,0
2026-07-29,GS-1,B-050,1911.2363757107873,460
2026-07-29,GS-1,B-061,491.91549412692484,495
2026-07-29,GS-1,B-031,0.0,0
2026-07-29,GS-1,B-074,862.2989249989624,445
2026-07-29,GS-1,B-020,0.0,0
2026-07-29,GS-1,B-023,1024.3416760054788,500
2026-07-29,GS-1,B-049,75.95753953430457,524
2026-07-29,GS-1,B-057,0.0,0
2026-07-29,GS-1,B-078,144.68102768438968,435
2026-07-29,GS-1,B-079,183.0215000207529,436
2026-07-29,GS-1,B-106,965.0224546548791,465
2026-07-29,GS-1,B-108,0.0,0
2026-07-29,GS-1,B-045,0.0,0
2026-07-29,GS-1,B-067,607.6603162744366,495
2026-07-29,GS-1,B-052,0.0,0
2026-07-29,GS-1,B-066,575.1070850454489,510
2026-07-29,GS-1,B-069,0.0,0
2026-07-29,GS-1,B-205,0.0,0
2026-07-29,GS-1,B-077,151.91507906860915,215
2026-07-29,GS-2,B-092,363.14937948781807,570
2026-07-29,GS-2,B-115,0.0,0
2026-07-29,GS-2,B-116,2054.470593118333,549
2026-07-29,GS-2,B-091,2437.151911343544,534
2026-07-29,GS-2,B-090,0.0, 
2026-07-29,GS-2,B-075,0.0,0
2026-07-29,GS-2,B-038,0.0,0
2026-07-29,GS-2,B-46,0.0,0
2026-07-29,GS-2,B-073,0.0,0
2026-07-29,GS-2,B-076,0.0,0
2026-07-29,GS-2,B-137,364.596189764662,505
2026-07-29,GS-3,B-053,3667.664051799278,510
2026-07-29,GS-3,B-059,0.0,0
2026-07-29,GS-3,B-062,3695.876852197734,485
2026-07-29,GS-3,B-063,0.0,0
2026-07-29,GS-3,B-065,1961.8747354003237,239
2026-07-29,GS-3,B-101,0.0,0
2026-07-29,GS-3,B-107,0.0,0
2026-07-29,GS-3,B-110,0.0,0
2026-07-29,GS-3,B-129,0.0,0
2026-07-29,GS-3,B-134,52.08516996638028,295
2026-07-29,GS-4,BN-033,141.0640019922799,483
2026-07-29,GS-4,BN-037,0.0,0
2026-07-29,GS-4,BN-040,108.51077076329224,290
2026-07-29,GS-4,BN-041,141.0640019922799,451
2026-07-29,GS-4,BN-042,759.5753953430458,560
2026-07-29,GS-4,BN-043,184.46831029759682,535
2026-07-29,GS-4,BN-046,0.0,0
2026-07-29,GS-4,BN-049,470.2133399742664,540
2026-07-29,GS-4,B-226,0.0,0
2026-07-29,PLTG,B-120,3490.4297928859005,580
2026-07-29,PLTG,B-047,6518.603702320176,470
2026-07-29,PLTG,B-133,1454.044328228116,585
2026-07-29,MGS,B-32,0.0,0
2026-07-30,GS-1,B-050,1868.9036615071975,460
2026-07-30,GS-1,B-061,481.0198674583249,495
2026-07-30,GS-1,B-031,0.0,0
2026-07-30,GS-1,B-074,843.1995323681225,445
2026-07-30,GS-1,B-020,0.0,0
2026-07-30,GS-1,B-023,1001.6531357661589,500
2026-07-30,GS-1,B-049,74.27512659282958,524
2026-07-30,GS-1,B-057,0.0,0
2026-07-30,GS-1,B-078,141.47643160538968,435
2026-07-30,GS-1,B-079,178.96768598081795,436
2026-07-30,GS-1,B-106,943.6477988079491,465
2026-07-30,GS-1,B-108,0.0,0
2026-07-30,GS-1,B-045,0.0,0
2026-07-30,GS-1,B-067,594.2010127426366,495
2026-07-30,GS-1,B-052,0.0,0
2026-07-30,GS-1,B-066,562.3688156314239,510
2026-07-30,GS-1,B-069,0.0,0
2026-07-30,GS-1,B-205,0.0,0
2026-07-30,GS-1,B-077,148.55025318565916,215
2026-07-30,GS-2,B-092,355.10584332952806,570
2026-07-30,GS-2,B-115,0.0,0
2026-07-30,GS-2,B-116,2008.9653287965334,549
2026-07-30,GS-2,B-091,2383.170490392789,534
2026-07-30,GS-2,B-090,0.0, 
2026-07-30,GS-2,B-075,0.0,0
2026-07-30,GS-2,B-038,0.0,0
2026-07-30,GS-2,B-46,0.0,0
2026-07-30,GS-2,B-073,0.0,0
2026-07-30,GS-2,B-076,0.0,0
2026-07-30,GS-2,B-137,356.520607645582,505
2026-07-30,GS-3,B-053,3586.427541196628,510
2026-07-30,GS-3,B-059,0.0,0
2026-07-30,GS-3,B-062,3614.0154453596792,485
2026-07-30,GS-3,B-063,0.0,0
2026-07-30,GS-3,B-065,1918.420412569084,239
2026-07-30,GS-3,B-101,0.0,0
2026-07-30,GS-3,B-107,0.0,0
2026-07-30,GS-3,B-110,0.0,0
2026-07-30,GS-3,B-129,0.0,0
2026-07-30,GS-3,B-134,50.931515377940286,295
2026-07-30,GS-4,BN-033,137.93952081525492,483
2026-07-30,GS-4,BN-037,0.0,0
2026-07-30,GS-4,BN-040,106.10732370404226,290
2026-07-30,GS-4,BN-041,137.93952081525492,451
2026-07-30,GS-4,BN-042,742.7512659282958,560
2026-07-30,GS-4,BN-043,180.38245029687184,535
2026-07-30,GS-4,BN-046,0.0,0
2026-07-30,GS-4,BN-049,459.79840271751647,540
2026-07-30,GS-4,B-226,0.0,0
2026-07-30,PLTG,B-120,3413.1189124800258,580
2026-07-30,PLTG,B-047,6374.220625980832,470
2026-07-30,PLTG,B-133,1421.8381376341663,585
2026-07-30,MGS,B-32,0.0,0
2026-07-31,GS-1,B-050,1886.3187872698672,460
2026-07-31,GS-1,B-061,485.5021859740763,495
2026-07-31,GS-1,B-031,0.0,0
2026-07-31,GS-1,B-074,851.0567730604397,445
2026-07-31,GS-1,B-020,0.0,0
2026-07-31,GS-1,B-023,1010.9869049107236,500
2026-07-31,GS-1,B-049,74.96724930482061,524
2026-07-31,GS-1,B-057,0.0,0
2026-07-31,GS-1,B-078,142.7947605806107,435
2026-07-31,GS-1,B-079,180.63537213447253,436
2026-07-31,GS-1,B-106,952.4410530726733,465
2026-07-31,GS-1,B-108,0.0,0
2026-07-31,GS-1,B-045,0.0,0
2026-07-31,GS-1,B-067,599.7379944385649,495
2026-07-31,GS-1,B-052,0.0,0
2026-07-31,GS-1,B-066,567.6091733079274,510
2026-07-31,GS-1,B-069,0.0,0
2026-07-31,GS-1,B-205,0.0,0
2026-07-31,GS-1,B-077,149.93449860964122,215
2026-07-31,GS-2,B-092,358.41484905733284,570
2026-07-31,GS-2,B-115,0.0,0
2026-07-31,GS-2,B-116,2027.6856002446718,549
2026-07-31,GS-2,B-091,2405.377741980387,534
2026-07-31,GS-2,B-090,0.0,0
2026-07-31,GS-2,B-075,0.0,0
2026-07-31,GS-2,B-038,0.0,0
2026-07-31,GS-2,B-46,0.0,0
2026-07-31,GS-2,B-073,0.0,0
2026-07-31,GS-2,B-076,0.0,0
2026-07-31,GS-2,B-137,359.8427966631389,505
2026-07-31,GS-3,B-053,3619.847180718481,510
2026-07-31,GS-3,B-059,0.0,0
2026-07-31,GS-3,B-062,3647.6921590317,485
2026-07-31,GS-3,B-063,0.0,0
2026-07-31,GS-3,B-065,1936.296953473081,239
2026-07-31,GS-3,B-101,0.0,0
2026-07-31,GS-3,B-107,0.0,0
2026-07-31,GS-3,B-110,0.0,0
2026-07-31,GS-3,B-129,0.0,0
2026-07-31,GS-3,B-134,51.40611380901985,295
2026-07-31,GS-4,BN-033,139.22489156609544,483
2026-07-31,GS-4,BN-037,0.0,0
2026-07-31,GS-4,BN-040,107.09607043545802,290
2026-07-31,GS-4,BN-041,139.22489156609544,451
2026-07-31,GS-4,BN-042,749.6724930482061,560
2026-07-31,GS-4,BN-043,182.06331974027864,535
2026-07-31,GS-4,BN-046,0.0,0
2026-07-31,GS-4,BN-049,464.08297188698475,540
2026-07-31,GS-4,B-226,0.0,0
2026-07-31,PLTG,B-120,3444.923599007233,580
2026-07-31,PLTG,B-047,6433.617937959415,470
2026-07-31,PLTG,B-133,1435.0873438351375,585
2026-07-31,MGS,B-32,0.0,0
2026-08-01,GS-1,B-050,1858.6551695513222,460
2026-08-01,GS-1,B-061,478.3821026854273,495
2026-08-01,GS-1,B-031,0.0,0
2026-08-01,GS-1,B-074,838.5756858838668,445
2026-08-01,GS-1,B-020,0.0,0
2026-08-01,GS-1,B-023,996.1603785331839,500
2026-08-01,GS-1,B-049,73.86782467936746,524
2026-08-01,GS-1,B-057,0.0,0
2026-08-01,GS-1,B-078,140.70061843689038,435
2026-08-01,GS-1,B-079,177.98628232266634,436
2026-08-01,GS-1,B-106,938.4731249740589,465
2026-08-01,GS-1,B-108,0.0,0
2026-08-01,GS-1,B-045,0.0,0
2026-08-01,GS-1,B-067,590.9425974349397,495
2026-08-01,GS-1,B-052,0.0,0
2026-08-01,GS-1,B-066,559.2849582866393,510
2026-08-01,GS-1,B-069,0.0,0
2026-08-01,GS-1,B-205,0.0,0
2026-08-01,GS-1,B-077,147.73564935873492,215
2026-08-01,GS-2,B-092,353.1585522765949,570
2026-08-01,GS-2,B-115,0.0,0
2026-08-01,GS-2,B-116,1997.9487818038435,549
2026-08-01,GS-2,B-091,2370.1019175694187,534
2026-08-01,GS-2,B-090,0.0, 
2026-08-01,GS-2,B-075,0.0,0
2026-08-01,GS-2,B-038,0.0,0
2026-08-01,GS-2,B-46,0.0,0
2026-08-01,GS-2,B-073,0.0,0
2026-08-01,GS-2,B-076,0.0,0
2026-08-01,GS-2,B-137,354.56555846096376,505
2026-08-01,GS-3,B-053,3566.7606773751713,510
2026-08-01,GS-3,B-059,0.0,0
2026-08-01,GS-3,B-062,3594.197297970365,485
2026-08-01,GS-3,B-063,0.0,0
2026-08-01,GS-3,B-065,1907.9003860042337,239
2026-08-01,GS-3,B-101,0.0,0
2026-08-01,GS-3,B-107,0.0,0
2026-08-01,GS-3,B-110,0.0,0
2026-08-01,GS-3,B-129,0.0,0
2026-08-01,GS-3,B-134,50.65222263728054,295
2026-08-01,GS-4,BN-033,137.18310297596813,483
2026-08-01,GS-4,BN-037,0.0,0
2026-08-01,GS-4,BN-040,105.52546382766779,290
2026-08-01,GS-4,BN-041,137.18310297596813,451
2026-08-01,GS-4,BN-042,738.6782467936746,560
2026-08-01,GS-4,BN-043,179.39328850703524,535
2026-08-01,GS-4,BN-046,0.0,0
2026-08-01,GS-4,BN-049,457.27700991989377,540
2026-08-01,GS-4,B-226,0.0,0
2026-08-01,PLTG,B-120,3394.4024197899807,580
2026-08-01,PLTG,B-047,6339.266363674096,470
2026-08-01,PLTG,B-133,1414.0412152907484,585
2026-08-01,MGS,B-32,0.0,0
2026-08-02,GS-1,B-050,1961.322853110862,460
2026-08-02,GS-1,B-061,504.8067903540448,495
2026-08-02,GS-1,B-031,0.0,0
2026-08-02,GS-1,B-074,884.8966089735608,445
2026-08-02,GS-1,B-020,0.0,0
2026-08-02,GS-1,B-023,1051.1859046195991,500
2026-08-02,GS-1,B-049,77.94810733408045,524
2026-08-02,GS-1,B-057,0.0,0
2026-08-02,GS-1,B-078,148.47258539824847,435
2026-08-02,GS-1,B-079,187.8178205287843,436
2026-08-02,GS-1,B-106,990.3121446063172,465
2026-08-02,GS-1,B-108,0.0,0
2026-08-02,GS-1,B-045,0.0,0
2026-08-02,GS-1,B-067,623.5848586726436,495
2026-08-02,GS-1,B-052,0.0,0
2026-08-02,GS-1,B-066,590.1785269580377,510
2026-08-02,GS-1,B-069,0.0,0
2026-08-02,GS-1,B-205,0.0,0
2026-08-02,GS-1,B-077,155.8962146681609,215
2026-08-02,GS-2,B-092,372.66618934960366,570
2026-08-02,GS-2,B-115,0.0,0
2026-08-02,GS-2,B-116,2108.310712655128,549
2026-08-02,GS-2,B-091,2501.0207010334952,534
2026-08-02,GS-2,B-090,0.0,0
2026-08-02,GS-2,B-075,0.0,0
2026-08-02,GS-2,B-038,0.0,0
2026-08-02,GS-2,B-46,0.0,0
2026-08-02,GS-2,B-073,0.0,0
2026-08-02,GS-2,B-076,0.0,0
2026-08-02,GS-2,B-137,374.1509152035861,505
2026-08-02,GS-3,B-053,3763.7800398455984,510
2026-08-02,GS-3,B-059,0.0,0
2026-08-02,GS-3,B-062,3792.7321939982567,485
2026-08-02,GS-3,B-063,0.0,0
2026-08-02,GS-3,B-065,2013.288258000249,239
2026-08-02,GS-3,B-101,0.0,0
2026-08-02,GS-3,B-107,0.0,0
2026-08-02,GS-3,B-110,0.0,0
2026-08-02,GS-3,B-129,0.0,0
2026-08-02,GS-3,B-134,53.45013074336944,295
2026-08-02,GS-4,BN-033,144.76077076329224,483
2026-08-02,GS-4,BN-037,0.0,0
2026-08-02,GS-4,BN-040,111.35443904868634,290
2026-08-02,GS-4,BN-041,144.76077076329224,451
2026-08-02,GS-4,BN-042,779.4810733408044,560
2026-08-02,GS-4,BN-043,189.3025463827668,535
2026-08-02,GS-4,BN-046,0.0,0
2026-08-02,GS-4,BN-049,482.5359025443075,540
2026-08-02,GS-4,B-226,0.0,0
2026-08-02,PLTG,B-120,3581.901122732744,580
2026-08-02,PLTG,B-047,6689.432335118085,470
2026-08-02,PLTG,B-133,1492.149483252397,585
2026-08-02,MGS,B-32,0.0,0
2026-08-03,GS-1,B-050,2061.7151247250235,460
2026-08-03,GS-1,B-061,530.6458307392188,495
2026-08-03,GS-1,B-031,0.0,0
2026-08-03,GS-1,B-074,930.1909268252189,445
2026-08-03,GS-1,B-020,0.0,0
2026-08-03,GS-1,B-023,1104.991906362844,500
2026-08-03,GS-1,B-049,81.93795915826173,524
2026-08-03,GS-1,B-057,0.0,0
2026-08-03,GS-1,B-078,156.07230315859377,435
2026-08-03,GS-1,B-079,197.43146349562113,436
2026-08-03,GS-1,B-106,1041.0022620678205,465
2026-08-03,GS-1,B-108,0.0,0
2026-08-03,GS-1,B-045,0.0,0
2026-08-03,GS-1,B-067,655.5036732660939,495
2026-08-03,GS-1,B-052,0.0,0
2026-08-03,GS-1,B-066,620.3874050554102,510
2026-08-03,GS-1,B-069,0.0,0
2026-08-03,GS-1,B-205,0.0,0
2026-08-03,GS-1,B-077,163.87591831652347,215
2026-08-03,GS-2,B-092,391.74148092807036,570
2026-08-03,GS-2,B-115,0.0,0
2026-08-03,GS-2,B-116,2216.2267048520316,549
2026-08-03,GS-2,B-091,2629.0379467065122,534
2026-08-03,GS-2,B-090,0.0, 
2026-08-03,GS-2,B-075,0.0,0
2026-08-03,GS-2,B-038,0.0,0
2026-08-03,GS-2,B-46,0.0,0
2026-08-03,GS-2,B-073,0.0,0
2026-08-03,GS-2,B-076,0.0,0
2026-08-03,GS-2,B-137,393.3022039596563,505
2026-08-03,GS-3,B-053,3956.4328850703523,510
2026-08-03,GS-3,B-059,0.0,0
2026-08-03,GS-3,B-062,3986.866984186278,485
2026-08-03,GS-3,B-063,0.0,0
2026-08-03,GS-3,B-065,2116.3404308305317,239
2026-08-03,GS-3,B-101,0.0,0
2026-08-03,GS-3,B-107,0.0,0
2026-08-03,GS-3,B-110,0.0,0
2026-08-03,GS-3,B-129,0.0,0
2026-08-03,GS-3,B-134,56.186029137093755,295
2026-08-03,GS-4,BN-033,152.17049557962892,483
2026-08-03,GS-4,BN-037,0.0,0
2026-08-03,GS-4,BN-040,117.05422736894533,290
2026-08-03,GS-4,BN-041,152.17049557962892,451
2026-08-03,GS-4,BN-042,819.3795915826173,560
2026-08-03,GS-4,BN-043,198.99218652720705,535
2026-08-03,GS-4,BN-046,0.0,0
2026-08-03,GS-4,BN-049,507.23498526542977,540
2026-08-03,GS-4,B-226,0.0,0
2026-08-03,PLTG,B-120,3765.2443137010746,580
2026-08-03,PLTG,B-047,7031.837618810442,470
2026-08-03,PLTG,B-133,1568.5266467438673,585
2026-08-03,MGS,B-32,0.0,0
2026-08-04,GS-1,B-050,2061.7151247250235,460
2026-08-04,GS-1,B-061,530.6458307392188,495
2026-08-04,GS-1,B-031,0.0,0
2026-08-04,GS-1,B-074,930.1909268252189,445
2026-08-04,GS-1,B-020,0.0,0
2026-08-04,GS-1,B-023,1104.991906362844,500
2026-08-04,GS-1,B-049,81.93795915826173,524
2026-08-04,GS-1,B-057,0.0,0
2026-08-04,GS-1,B-078,156.07230315859377,435
2026-08-04,GS-1,B-079,197.43146349562113,436
2026-08-04,GS-1,B-106,1041.0022620678205,465
2026-08-04,GS-1,B-108,0.0,0
2026-08-04,GS-1,B-045,0.0,0
2026-08-04,GS-1,B-067,655.5036732660939,495
2026-08-04,GS-1,B-052,0.0,0
2026-08-04,GS-1,B-066,620.3874050554102,510
2026-08-04,GS-1,B-069,0.0,0
2026-08-04,GS-1,B-205,0.0,0
2026-08-04,GS-1,B-077,163.87591831652347,215
2026-08-04,GS-2,B-092,391.74148092807036,570
2026-08-04,GS-2,B-115,0.0,0
2026-08-04,GS-2,B-116,2216.2267048520316,549
2026-08-04,GS-2,B-091,2629.0379467065122,534
2026-08-04,GS-2,B-090,0.0, 
2026-08-04,GS-2,B-075,0.0,0
2026-08-04,GS-2,B-038,0.0,0
2026-08-04,GS-2,B-46,0.0,0
2026-08-04,GS-2,B-073,0.0,0
2026-08-04,GS-2,B-076,0.0,0
2026-08-04,GS-2,B-137,393.3022039596563,505
2026-08-04,GS-3,B-053,3956.4328850703523,510
2026-08-04,GS-3,B-059,0.0,0
2026-08-04,GS-3,B-062,3986.866984186278,485
2026-08-04,GS-3,B-063,0.0,0
2026-08-04,GS-3,B-065,2116.3404308305317,239
2026-08-04,GS-3,B-101,0.0,0
2026-08-04,GS-3,B-107,0.0,0
2026-08-04,GS-3,B-110,0.0,0
2026-08-04,GS-3,B-129,0.0,0
2026-08-04,GS-3,B-134,56.186029137093755,295
2026-08-04,GS-4,BN-033,152.17049557962892,483
2026-08-04,GS-4,BN-037,0.0,0
2026-08-04,GS-4,BN-040,117.05422736894533,290
2026-08-04,GS-4,BN-041,152.17049557962892,451
2026-08-04,GS-4,BN-042,819.3795915826173,560
2026-08-04,GS-4,BN-043,198.99218652720705,535
2026-08-04,GS-4,BN-046,0.0,0
2026-08-04,GS-4,BN-049,507.23498526542977,540
2026-08-04,GS-4,B-226,0.0,0
2026-08-04,PLTG,B-120,3765.2443137010746,580
2026-08-04,PLTG,B-047,7031.837618810442,470
2026-08-04,PLTG,B-133,1568.5266467438673,585
2026-08-04,MGS,B-32,0.0,0
2026-08-05,GS-1,B-050,2122.714898170181,460
2026-08-05,GS-1,B-061,546.3459995290398,495
2026-08-05,GS-1,B-031,0.0,0
2026-08-05,GS-1,B-074,957.7123991744345,445
2026-08-05,GS-1,B-020,0.0,0
2026-08-05,GS-1,B-023,1137.6851990192947,500
2026-08-05,GS-1,B-049,84.3622499272782,524
2026-08-05,GS-1,B-057,0.0,0
2026-08-05,GS-1,B-078,160.68999986148228,435
2026-08-05,GS-1,B-079,203.2728498247751,436
2026-08-05,GS-1,B-106,1071.802299076087,465
2026-08-05,GS-1,B-108,0.0,0
2026-08-05,GS-1,B-045,0.0,0
2026-08-05,GS-1,B-067,674.8979994182256,495
2026-08-05,GS-1,B-052,0.0,0
2026-08-05,GS-1,B-066,638.7427494493921,510
2026-08-05,GS-1,B-069,0.0,0
2026-08-05,GS-1,B-205,0.0,0
2026-08-05,GS-1,B-077,168.7244998545564,215
2026-08-05,GS-2,B-092,403.33189965232054,570
2026-08-05,GS-2,B-115,0.0,0
2026-08-05,GS-2,B-116,2281.7979980330483,549
2026-08-05,GS-2,B-091,2706.823047666669,534
2026-08-05,GS-2,B-090,0.0, 
2026-08-05,GS-2,B-075,0.0,0
2026-08-05,GS-2,B-038,0.0,0
2026-08-05,GS-2,B-46,0.0,0
2026-08-05,GS-2,B-073,0.0,0
2026-08-05,GS-2,B-076,0.0,0
2026-08-05,GS-2,B-137,404.9387996509354,505
2026-08-05,GS-3,B-053,4073.491496488576,510
2026-08-05,GS-3,B-059,0.0,0
2026-08-05,GS-3,B-062,4104.826046461565,485
2026-08-05,GS-3,B-063,0.0,0
2026-08-05,GS-3,B-065,2178.9563981216997,239
2026-08-05,GS-3,B-101,0.0,0
2026-08-05,GS-3,B-107,0.0,0
2026-08-05,GS-3,B-110,0.0,0
2026-08-05,GS-3,B-129,0.0,0
2026-08-05,GS-3,B-134,57.848399950133626,295
2026-08-05,GS-4,BN-033,156.67274986494525,483
2026-08-05,GS-4,BN-037,0.0,0
2026-08-05,GS-4,BN-040,120.51749989611172,290
2026-08-05,GS-4,BN-041,156.67274986494525,451
2026-08-05,GS-4,BN-042,843.6224992727821,560
2026-08-05,GS-4,BN-043,204.87974982338991,535
2026-08-05,GS-4,BN-046,0.0,0
2026-08-05,GS-4,BN-049,522.2424995498175,540
2026-08-05,GS-4,B-226,0.0,0
2026-08-05,PLTG,B-120,3876.64624665826,580
2026-08-05,PLTG,B-047,7239.887943759085,470
2026-08-05,PLTG,B-133,1614.934498607897,585
2026-08-05,MGS,B-32,0.0,0
2026-08-06,GS-1,B-050,2105.7475442388436,460
2026-08-06,GS-1,B-061,541.9789288729802,495
2026-08-06,GS-1,B-031,0.0,0
2026-08-06,GS-1,B-074,950.0571812008711,445
2026-08-06,GS-1,B-020,0.0,0
2026-08-06,GS-1,B-023,1128.5914165943234,500
2026-08-06,GS-1,B-049,83.68792284068076,524
2026-08-06,GS-1,B-057,0.0,0
2026-08-06,GS-1,B-078,159.4055673155824,435
2026-08-06,GS-1,B-079,201.64804265421174,436
2026-08-06,GS-1,B-106,1063.2351339949346,465
2026-08-06,GS-1,B-108,0.0,0
2026-08-06,GS-1,B-045,0.0,0
2026-08-06,GS-1,B-067,669.503382725446,495
2026-08-06,GS-1,B-052,0.0,0
2026-08-06,GS-1,B-066,633.63713007944,510
2026-08-06,GS-1,B-069,0.0,0
2026-08-06,GS-1,B-205,0.0,0
2026-08-06,GS-1,B-077,167.3758456813615,215
2026-08-06,GS-2,B-092,400.1079739621118,570
2026-08-06,GS-2,B-115,0.0,0
2026-08-06,GS-2,B-116,2263.55905588127,549
2026-08-06,GS-2,B-091,2685.1867814309853,534
2026-08-06,GS-2,B-090,0.0, 
2026-08-06,GS-2,B-075,0.0,0
2026-08-06,GS-2,B-038,0.0,0
2026-08-06,GS-2,B-46,0.0,0
2026-08-06,GS-2,B-073,0.0,0
2026-08-06,GS-2,B-076,0.0,0
2026-08-06,GS-2,B-137,401.70202963526765,505
2026-08-06,GS-3,B-053,4040.9311314500137,510
2026-08-06,GS-3,B-059,0.0,0
2026-08-06,GS-3,B-062,4072.0152170765523,485
2026-08-06,GS-3,B-063,0.0,0
2026-08-06,GS-3,B-065,2161.5394927992975,239
2026-08-06,GS-3,B-101,0.0,0
2026-08-06,GS-3,B-107,0.0,0
2026-08-06,GS-3,B-110,0.0,0
2026-08-06,GS-3,B-129,0.0,0
2026-08-06,GS-3,B-134,57.38600423360966,295
2026-08-06,GS-4,BN-033,155.42042813269285,483
2026-08-06,GS-4,BN-037,0.0,0
2026-08-06,GS-4,BN-040,119.5541754866868,290
2026-08-06,GS-4,BN-041,155.42042813269285,451
2026-08-06,GS-4,BN-042,836.8792284068076,560
2026-08-06,GS-4,BN-043,203.24209832736756,535
2026-08-06,GS-4,BN-046,0.0,0
2026-08-06,GS-4,BN-049,518.0680937756428,540
2026-08-06,GS-4,B-226,0.0,0
2026-08-06,PLTG,B-120,3845.6593114884254,580
2026-08-06,PLTG,B-047,7182.017835403565,470
2026-08-06,PLTG,B-133,1602.025951521603,585
2026-08-06,MGS,B-32,0.0,0
2026-08-07,GS-1,B-050,2193.8260905657244,460
2026-08-07,GS-1,B-061,564.6486531357656,495
2026-08-07,GS-1,B-031,0.0,0
2026-08-07,GS-1,B-074,989.795874320342,445
2026-08-07,GS-1,B-020,0.0,0
2026-08-07,GS-1,B-023,1175.7977835885943,500
2026-08-07,GS-1,B-049,87.18839496949322,524
2026-08-07,GS-1,B-057,0.0,0
2026-08-07,GS-1,B-078,166.07313327522516,435
2026-08-07,GS-1,B-079,210.08251359315983,436
2026-08-07,GS-1,B-106,1107.7077989457518,465
2026-08-07,GS-1,B-108,0.0,0
2026-08-07,GS-1,B-045,0.0,0
2026-08-07,GS-1,B-067,697.5071597559457,495
2026-08-07,GS-1,B-052,0.0,0
2026-08-07,GS-1,B-066,660.1407047690201,510
2026-08-07,GS-1,B-069,0.0,0
2026-08-07,GS-1,B-205,0.0,0
2026-08-07,GS-1,B-077,174.37678993898643,215
2026-08-07,GS-2,B-092,416.84356452081516,570
2026-08-07,GS-2,B-115,0.0,0
2026-08-07,GS-2,B-116,2358.2384925081974,549
2026-08-07,GS-2,B-091,2797.501930021168,534
2026-08-07,GS-2,B-090,0.0, 
2026-08-07,GS-2,B-075,0.0,0
2026-08-07,GS-2,B-038,0.0,0
2026-08-07,GS-2,B-46,0.0,0
2026-08-07,GS-2,B-073,0.0,0
2026-08-07,GS-2,B-076,0.0,0
2026-08-07,GS-2,B-137,418.50429585356744,505
2026-08-07,GS-3,B-053,4209.953928526958,510
2026-08-07,GS-3,B-059,0.0,0
2026-08-07,GS-3,B-062,4242.338189515627,485
2026-08-07,GS-3,B-063,0.0,0
2026-08-07,GS-3,B-065,2251.9516872120535,239
2026-08-07,GS-3,B-101,0.0,0
2026-08-07,GS-3,B-107,0.0,0
2026-08-07,GS-3,B-110,0.0,0
2026-08-07,GS-3,B-129,0.0,0
2026-08-07,GS-3,B-134,59.786327979081065,295
2026-08-07,GS-4,BN-033,161.92130494334455,483
2026-08-07,GS-4,BN-037,0.0,0
2026-08-07,GS-4,BN-040,124.55484995641888,290
2026-08-07,GS-4,BN-041,161.92130494334455,451
2026-08-07,GS-4,BN-042,871.8839496949322,560
2026-08-07,GS-4,BN-043,211.74324492591208,535
2026-08-07,GS-4,BN-046,0.0,0
2026-08-07,GS-4,BN-049,539.7376831444818,540
2026-08-07,GS-4,B-226,0.0,0
2026-08-07,PLTG,B-120,4006.5143402648073,580
2026-08-07,PLTG,B-047,7482.42501971527,470
2026-08-07,PLTG,B-133,1669.0349894160129,585
2026-08-07,MGS,B-32,0.0,0
2026-08-08,GS-1,B-050,2045.7872411073756,460
2026-08-08,GS-1,B-061,526.5462997551156,495
2026-08-08,GS-1,B-031,0.0,0
2026-08-08,GS-1,B-074,923.0046901589674,445
2026-08-08,GS-1,B-020,0.0,0
2026-08-08,GS-1,B-023,1096.4552359606525,500
2026-08-08,GS-1,B-049,81.30494334453991,524
2026-08-08,GS-1,B-057,0.0,0
2026-08-08,GS-1,B-078,154.86655875150458,435
2026-08-08,GS-1,B-079,195.90619682065332,436
2026-08-08,GS-1,B-106,1032.9599468725355,465
2026-08-08,GS-1,B-108,0.0,0
2026-08-08,GS-1,B-045,0.0,0
2026-08-08,GS-1,B-067,650.4395467563193,495
2026-08-08,GS-1,B-052,0.0,0
2026-08-08,GS-1,B-066,615.5945710372307,510
2026-08-08,GS-1,B-069,0.0,0
2026-08-08,GS-1,B-205,0.0,0
2026-08-08,GS-1,B-077,162.60988668907981,215
2026-08-08,GS-2,B-092,388.71506246627655,570
2026-08-08,GS-2,B-115,0.0,0
2026-08-08,GS-2,B-116,2199.1051342713654,549
2026-08-08,GS-2,B-091,2608.7271821690947,534
2026-08-08,GS-2,B-090,0.0, 
2026-08-08,GS-2,B-075,0.0,0
2026-08-08,GS-2,B-038,0.0,0
2026-08-08,GS-2,B-46,0.0,0
2026-08-08,GS-2,B-073,0.0,0
2026-08-08,GS-2,B-076,0.0,0
2026-08-08,GS-2,B-137,390.26372805379157,505
2026-08-08,GS-3,B-053,3925.8672643506416,510
2026-08-08,GS-3,B-059,0.0,0
2026-08-08,GS-3,B-062,3956.066243307185,485
2026-08-08,GS-3,B-063,0.0,0
2026-08-08,GS-3,B-065,2099.9905366704024,239
2026-08-08,GS-3,B-101,0.0,0
2026-08-08,GS-3,B-107,0.0,0
2026-08-08,GS-3,B-110,0.0,0
2026-08-08,GS-3,B-129,0.0,0
2026-08-08,GS-3,B-134,55.75196115054165,295
2026-08-08,GS-4,BN-033,150.99489478271698,483
2026-08-08,GS-4,BN-037,0.0,0
2026-08-08,GS-4,BN-040,116.14991906362845,290
2026-08-08,GS-4,BN-041,150.99489478271698,451
2026-08-08,GS-4,BN-042,813.0494334453991,560
2026-08-08,GS-4,BN-043,197.45486240816837,535
2026-08-08,GS-4,BN-046,0.0,0
2026-08-08,GS-4,BN-049,503.3163159423899,540
2026-08-08,GS-4,B-226,0.0,0
2026-08-08,PLTG,B-120,3736.155729880048,580
2026-08-08,PLTG,B-047,6977.512804549039,470
2026-08-08,PLTG,B-133,1556.4089154526212,585
2026-08-08,MGS,B-32,0.0,0
2026-08-09,GS-1,B-050,2143.945222678786,460
2026-08-09,GS-1,B-061,551.8102768438965,495
2026-08-09,GS-1,B-031,0.0,0
2026-08-09,GS-1,B-074,967.290955879301,445
2026-08-09,GS-1,B-020,0.0,0
2026-08-09,GS-1,B-023,1149.0637529572905,500
2026-08-09,GS-1,B-049,85.20599863030756,524
2026-08-09,GS-1,B-057,0.0,0
2026-08-09,GS-1,B-078,162.29714024820487,435
2026-08-09,GS-1,B-079,205.30588241397916,436
2026-08-09,GS-1,B-106,1082.5219254555266,465
2026-08-09,GS-1,B-108,0.0,0
2026-08-09,GS-1,B-045,0.0,0
2026-08-09,GS-1,B-067,681.6479890424605,495
2026-08-09,GS-1,B-052,0.0,0
2026-08-09,GS-1,B-066,645.1311324866143,510
2026-08-09,GS-1,B-069,0.0,0
2026-08-09,GS-1,B-205,0.0,0
2026-08-09,GS-1,B-077,170.41199726061512,215
2026-08-09,GS-2,B-092,407.3658220229942,570
2026-08-09,GS-2,B-115,0.0,0
2026-08-09,GS-2,B-116,2304.6193915245094,549
2026-08-09,GS-2,B-091,2733.895327481011,534
2026-08-09,GS-2,B-090,0.0, 
2026-08-09,GS-2,B-075,0.0,0
2026-08-09,GS-2,B-038,0.0,0
2026-08-09,GS-2,B-46,0.0,0
2026-08-09,GS-2,B-073,0.0,0
2026-08-09,GS-2,B-076,0.0,0
2026-08-09,GS-2,B-137,408.9887934254763,505
2026-08-09,GS-3,B-053,4114.232505291993,510
2026-08-09,GS-3,B-059,0.0,0
2026-08-09,GS-3,B-062,4145.880447640394,485
2026-08-09,GS-3,B-063,0.0,0
2026-08-09,GS-3,B-065,2200.749221765658,239
2026-08-09,GS-3,B-101,0.0,0
2026-08-09,GS-3,B-107,0.0,0
2026-08-09,GS-3,B-110,0.0,0
2026-08-09,GS-3,B-129,0.0,0
2026-08-09,GS-3,B-134,58.42697048935376,295
2026-08-09,GS-4,BN-033,158.23971174199974,483
2026-08-09,GS-4,BN-037,0.0,0
2026-08-09,GS-4,BN-040,121.72285518615365,290
2026-08-09,GS-4,BN-041,158.23971174199974,451
2026-08-09,GS-4,BN-042,852.0599863030756,560
2026-08-09,GS-4,BN-043,206.9288538164612,535
2026-08-09,GS-4,BN-046,0.0,0
2026-08-09,GS-4,BN-049,527.4657058066658,540
2026-08-09,GS-4,B-226,0.0,0
2026-08-09,PLTG,B-120,3915.4185084879427,580
2026-08-09,PLTG,B-047,7312.297653882871,470
2026-08-09,PLTG,B-133,1631.086259494459,585
2026-08-09,MGS,B-32,0.0,0
2026-08-10,GS-1,B-050,2164.382808284564,460
2026-08-10,GS-1,B-061,557.0705184078363,495
2026-08-10,GS-1,B-031,0.0,0
2026-08-10,GS-1,B-074,976.5118499149131,445
2026-08-10,GS-1,B-020,0.0,0
2026-08-10,GS-1,B-023,1160.017432449259,500
2026-08-10,GS-1,B-049,86.01824181297472,524
2026-08-10,GS-1,B-057,0.0,0
2026-08-10,GS-1,B-078,163.84427011995186,435
2026-08-10,GS-1,B-079,207.2630017017391,436
2026-08-10,GS-1,B-106,1092.841281700079,465
2026-08-10,GS-1,B-108,0.0,0
2026-08-10,GS-1,B-045,0.0,0
2026-08-10,GS-1,B-067,688.1459345037978,495
2026-08-10,GS-1,B-052,0.0,0
2026-08-10,GS-1,B-066,651.2809737268086,510
2026-08-10,GS-1,B-069,0.0,0
2026-08-10,GS-1,B-205,0.0,0
2026-08-10,GS-1,B-077,172.03648362594944,215
2026-08-10,GS-2,B-092,411.2491180010792,570
2026-08-10,GS-2,B-115,0.0,0
2026-08-10,GS-2,B-116,2326.5886357033164,549
2026-08-10,GS-2,B-091,2759.9567301705893,534
2026-08-10,GS-2,B-090,0.0, 
2026-08-10,GS-2,B-075,0.0,0
2026-08-10,GS-2,B-038,0.0,0
2026-08-10,GS-2,B-46,0.0,0
2026-08-10,GS-2,B-073,0.0,0
2026-08-10,GS-2,B-076,0.0,0
2026-08-10,GS-2,B-137,412.8875607022787,505
2026-08-10,GS-3,B-053,4153.452247540779,510
2026-08-10,GS-3,B-059,0.0,0
2026-08-10,GS-3,B-062,4185.40188021417,485
2026-08-10,GS-3,B-063,0.0,0
2026-08-10,GS-3,B-065,2221.7283028265474,239
2026-08-10,GS-3,B-101,0.0,0
2026-08-10,GS-3,B-107,0.0,0
2026-08-10,GS-3,B-110,0.0,0
2026-08-10,GS-3,B-129,0.0,0
2026-08-10,GS-3,B-134,58.98393724318267,295
2026-08-10,GS-4,BN-033,159.74816336695307,483
2026-08-10,GS-4,BN-037,0.0,0
2026-08-10,GS-4,BN-040,122.8832025899639,290
2026-08-10,GS-4,BN-041,159.74816336695307,451
2026-08-10,GS-4,BN-042,860.1824181297472,560
2026-08-10,GS-4,BN-043,208.90144440293864,535
2026-08-10,GS-4,BN-046,0.0,0
2026-08-10,GS-4,BN-049,532.4938778898436,540
2026-08-10,GS-4,B-226,0.0,0
2026-08-10,PLTG,B-120,3952.7430166438385,580
2026-08-10,PLTG,B-047,7382.003590254431,470
2026-08-10,PLTG,B-133,1646.6349147055162,585
2026-08-10,MGS,B-32,0.0,0
2026-08-11,GS-1,B-050,2201.543300958785,460
2026-08-11,GS-1,B-061,566.6349147055162,495
2026-08-11,GS-1,B-031,0.0,0
2026-08-11,GS-1,B-074,993.2776740131989,445
2026-08-11,GS-1,B-020,0.0,0
2026-08-11,GS-1,B-023,1179.9338812103101,500
2026-08-11,GS-1,B-049,87.49509712364588,524
2026-08-11,GS-1,B-057,0.0,0
2026-08-11,GS-1,B-078,166.65732785456356,435
2026-08-11,GS-1,B-079,210.82151973602294,436
2026-08-11,GS-1,B-106,1111.6043767899391,465
2026-08-11,GS-1,B-108,0.0,0
2026-08-11,GS-1,B-045,0.0,0
2026-08-11,GS-1,B-067,699.960776989167,495
2026-08-11,GS-1,B-052,0.0,0
2026-08-11,GS-1,B-066,662.4628782218903,510
2026-08-11,GS-1,B-069,0.0,0
2026-08-11,GS-1,B-205,0.0,0
2026-08-11,GS-1,B-077,174.99019424729175,215
2026-08-11,GS-2,B-092,418.30989291495456,570
2026-08-11,GS-2,B-115,0.0,0
2026-08-11,GS-2,B-116,2366.534055534803,549
2026-08-11,GS-2,B-091,2807.3426877101233,534
2026-08-11,GS-2,B-090,0.0, 
2026-08-11,GS-2,B-075,0.0,0
2026-08-11,GS-2,B-038,0.0,0
2026-08-11,GS-2,B-46,0.0,0
2026-08-11,GS-2,B-073,0.0,0
2026-08-11,GS-2,B-076,0.0,0
2026-08-11,GS-2,B-137,419.9764661935002,505
2026-08-11,GS-3,B-053,4224.763261113187,510
2026-08-11,GS-3,B-059,0.0,0
2026-08-11,GS-3,B-062,4257.2614400448265,485
2026-08-11,GS-3,B-063,0.0,0
2026-08-11,GS-3,B-065,2259.873365707882,239
2026-08-11,GS-3,B-101,0.0,0
2026-08-11,GS-3,B-107,0.0,0
2026-08-11,GS-3,B-110,0.0,0
2026-08-11,GS-3,B-129,0.0,0
2026-08-11,GS-3,B-134,59.99663802764289,295
2026-08-11,GS-4,BN-033,162.4908946581995,483
2026-08-11,GS-4,BN-037,0.0,0
2026-08-11,GS-4,BN-040,124.99299589092269,290
2026-08-11,GS-4,BN-041,162.4908946581995,451
2026-08-11,GS-4,BN-042,874.9509712364587,560
2026-08-11,GS-4,BN-043,212.48809301456856,535
2026-08-11,GS-4,BN-046,0.0,0
2026-08-11,GS-4,BN-049,541.6363155273316,540
2026-08-11,GS-4,B-226,0.0,0
2026-08-11,PLTG,B-120,4020.608034491346,580
2026-08-11,PLTG,B-047,7508.745906487362,470
2026-08-11,PLTG,B-133,1674.906144938364,585
2026-08-11,MGS,B-32,0.0,0
2026-08-12,GS-1,B-050,2188.3979994189185,460
2026-08-12,GS-1,B-061,563.2515668451417,495
2026-08-12,GS-1,B-031,0.0,0
2026-08-12,GS-1,B-074,987.346864234425,445
2026-08-12,GS-1,B-020,0.0,0
2026-08-12,GS-1,B-023,1172.8885568422363,500
2026-08-12,GS-1,B-049,86.97266840991159,524
2026-08-12,GS-1,B-057,0.0,0
2026-08-12,GS-1,B-078,165.66222554268876,435
2026-08-12,GS-1,B-079,209.56271531150125,436
2026-08-12,GS-1,B-106,1104.967044369734,465
2026-08-12,GS-1,B-108,0.0,0
2026-08-12,GS-1,B-045,0.0,0
2026-08-12,GS-1,B-067,695.7813472792927,495
2026-08-12,GS-1,B-052,0.0,0
2026-08-12,GS-1,B-066,658.5073465321877,510
2026-08-12,GS-1,B-069,0.0,0
2026-08-12,GS-1,B-205,0.0,0
2026-08-12,GS-1,B-077,173.94533681982318,215
2026-08-12,GS-2,B-092,415.81218611214877,570
2026-08-12,GS-2,B-115,0.0,0
2026-08-12,GS-2,B-116,2352.40360270618,549
2026-08-12,GS-2,B-091,2790.580189266592,534
2026-08-12,GS-2,B-090,0.0, 
2026-08-12,GS-2,B-075,0.0,0
2026-08-12,GS-2,B-038,0.0,0
2026-08-12,GS-2,B-46,0.0,0
2026-08-12,GS-2,B-073,0.0,0
2026-08-12,GS-2,B-076,0.0,0
2026-08-12,GS-2,B-137,417.46880836757566,505
2026-08-12,GS-3,B-053,4199.537417507159,510
2026-08-12,GS-3,B-059,0.0,0
2026-08-12,GS-3,B-062,4231.841551487984,485
2026-08-12,GS-3,B-063,0.0,0
2026-08-12,GS-3,B-065,2246.3797783588593,239
2026-08-12,GS-3,B-101,0.0,0
2026-08-12,GS-3,B-107,0.0,0
2026-08-12,GS-3,B-110,0.0,0
2026-08-12,GS-3,B-129,0.0,0
2026-08-12,GS-3,B-134,59.63840119536795,295
2026-08-12,GS-4,BN-033,161.52066990412152,483
2026-08-12,GS-4,BN-037,0.0,0
2026-08-12,GS-4,BN-040,124.24666915701656,290
2026-08-12,GS-4,BN-041,161.52066990412152,451
2026-08-12,GS-4,BN-042,869.7266840991159,560
2026-08-12,GS-4,BN-043,211.21933756692815,535
2026-08-12,GS-4,BN-046,0.0,0
2026-08-12,GS-4,BN-049,538.4022330137384,540
2026-08-12,GS-4,B-226,0.0,0
2026-08-12,PLTG,B-120,3996.601191217366,580
2026-08-12,PLTG,B-047,7463.911571825842,470
2026-08-12,PLTG,B-133,1664.9053667040218,585
2026-08-12,MGS,B-32,0.0,0
2026-08-13,GS-1,B-050,2172.7534000204587,460
2026-08-13,GS-1,B-061,559.224947772109,495
2026-08-13,GS-1,B-031,0.0,0
2026-08-13,GS-1,B-074,980.288437859344,445
2026-08-13,GS-1,B-020,0.0,0
2026-08-13,GS-1,B-023,1164.5037147725093,500
2026-08-13,GS-1,B-049,86.35091105304623,524
2026-08-13,GS-1,B-057,0.0,0
2026-08-13,GS-1,B-078,164.47792581532616,435
2026-08-13,GS-1,B-079,208.0645761563876,436
2026-08-13,GS-1,B-106,1097.0677651882256,465
2026-08-13,GS-1,B-108,0.0,0
2026-08-13,GS-1,B-045,0.0,0
2026-08-13,GS-1,B-067,690.8072884243699,495
2026-08-13,GS-1,B-052,0.0,0
2026-08-13,GS-1,B-066,653.7997551159215,510
2026-08-13,GS-1,B-069,0.0,0
2026-08-13,GS-1,B-205,0.0,0
2026-08-13,GS-1,B-077,172.70182210609246,215
2026-08-13,GS-2,B-092,412.83959379646865,570
2026-08-13,GS-2,B-115,0.0,0
2026-08-13,GS-2,B-116,2335.5865465776315,549
2026-08-13,GS-2,B-091,2770.6306603591693,534
2026-08-13,GS-2,B-090,0.0, 
2026-08-13,GS-2,B-075,0.0,0
2026-08-13,GS-2,B-038,0.0,0
2026-08-13,GS-2,B-46,0.0,0
2026-08-13,GS-2,B-073,0.0,0
2026-08-13,GS-2,B-076,0.0,0
2026-08-13,GS-2,B-137,414.4843730546219,505
2026-08-13,GS-3,B-053,4169.515419418518,510
2026-08-13,GS-3,B-059,0.0,0
2026-08-13,GS-3,B-062,4201.588614952507,485
2026-08-13,GS-3,B-063,0.0,0
2026-08-13,GS-3,B-065,2230.320674055823,239
2026-08-13,GS-3,B-101,0.0,0
2026-08-13,GS-3,B-107,0.0,0
2026-08-13,GS-3,B-110,0.0,0
2026-08-13,GS-3,B-129,0.0,0
2026-08-13,GS-3,B-134,59.21205329351742,295
2026-08-13,GS-4,BN-033,160.36597766994302,483
2026-08-13,GS-4,BN-037,0.0,0
2026-08-13,GS-4,BN-040,123.35844436149462,290
2026-08-13,GS-4,BN-041,160.36597766994302,451
2026-08-13,GS-4,BN-042,863.5091105304624,560
2026-08-13,GS-4,BN-043,209.70935541454085,535
2026-08-13,GS-4,BN-046,0.0,0
2026-08-13,GS-4,BN-049,534.5532588998101,540
2026-08-13,GS-4,B-226,0.0,0
2026-08-13,PLTG,B-120,3968.029960294744,580
2026-08-13,PLTG,B-047,7410.552947609521,470
2026-08-13,PLTG,B-133,1653.003154444028,585
2026-08-13,MGS,B-32,0.0,0
2026-08-14,GS-1,B-050,2151.6989858752713,460
2026-08-14,GS-1,B-061,553.8059464024166,495
2026-08-14,GS-1,B-031,0.0,0
2026-08-14,GS-1,B-074,970.7892472230595,445
2026-08-14,GS-1,B-020,0.0,0
2026-08-14,GS-1,B-023,1153.2194413320908,500
2026-08-14,GS-1,B-049,85.51415348860843,524
2026-08-14,GS-1,B-057,0.0,0
2026-08-14,GS-1,B-078,162.8841018830637,435
2026-08-14,GS-1,B-079,206.04838888207556,436
2026-08-14,GS-1,B-106,1086.4369595600347,465
2026-08-14,GS-1,B-108,0.0,0
2026-08-14,GS-1,B-045,0.0,0
2026-08-14,GS-1,B-067,684.1132279088674,495
2026-08-14,GS-1,B-052,0.0,0
2026-08-14,GS-1,B-066,647.4643049851782,510
2026-08-14,GS-1,B-069,0.0,0
2026-08-14,GS-1,B-205,0.0,0
2026-08-14,GS-1,B-077,171.02830697721686,215
2026-08-14,GS-2,B-092,408.83909572648986,570
2026-08-14,GS-2,B-115,0.0,0
2026-08-14,GS-2,B-116,2312.9542467395045,549
2026-08-14,GS-2,B-091,2743.7826962202075,534
2026-08-14,GS-2,B-090,0.0, 
2026-08-14,GS-2,B-075,0.0,0
2026-08-14,GS-2,B-038,0.0,0
2026-08-14,GS-2,B-46,0.0,0
2026-08-14,GS-2,B-073,0.0,0
2026-08-14,GS-2,B-076,0.0,0
2026-08-14,GS-2,B-137,410.46793674532046,505
2026-08-14,GS-3,B-053,4129.111982735664,510
2026-08-14,GS-3,B-059,0.0,0
2026-08-14,GS-3,B-062,4160.874382602862,485
2026-08-14,GS-3,B-063,0.0,0
2026-08-14,GS-3,B-065,2208.7084215343434,239
2026-08-14,GS-3,B-101,0.0,0
2026-08-14,GS-3,B-107,0.0,0
2026-08-14,GS-3,B-110,0.0,0
2026-08-14,GS-3,B-129,0.0,0
2026-08-14,GS-3,B-134,58.63827667790292,295
2026-08-14,GS-4,BN-033,158.81199933598708,483
2026-08-14,GS-4,BN-037,0.0,0
2026-08-14,GS-4,BN-040,122.16307641229776,290
2026-08-14,GS-4,BN-041,158.81199933598708,451
2026-08-14,GS-4,BN-042,855.1415348860843,560
2026-08-14,GS-4,BN-043,207.67722990090618,535
2026-08-14,GS-4,BN-046,0.0,0
2026-08-14,GS-4,BN-049,529.373331119957,540
2026-08-14,GS-4,B-226,0.0,0
2026-08-14,PLTG,B-120,3929.578957928911,580
2026-08-14,PLTG,B-047,7338.743210341434,470
2026-08-14,PLTG,B-133,1636.98522392479,585
2026-08-14,MGS,B-32,0.0,0
2026-08-15,GS-1,B-050,2184.763280137237,460
2026-08-15,GS-1,B-061,562.3160599899021,495
2026-08-15,GS-1,B-031,0.0,0
2026-08-15,GS-1,B-074,985.7069757470048,445
2026-08-15,GS-1,B-020,0.0,0
2026-08-15,GS-1,B-023,1170.9405013907372,500
2026-08-15,GS-1,B-049,86.82821514549958,524
2026-08-15,GS-1,B-057,0.0,0
2026-08-15,GS-1,B-078,165.38707646761824,435
2026-08-15,GS-1,B-079,209.2146517315371,436
2026-08-15,GS-1,B-106,1103.1318000390138,465
2026-08-15,GS-1,B-108,0.0,0
2026-08-15,GS-1,B-045,0.0,0
2026-08-15,GS-1,B-067,694.6257211639967,495
2026-08-15,GS-1,B-052,0.0,0
2026-08-15,GS-1,B-066,657.4136289587825,510
2026-08-15,GS-1,B-069,0.0,0
2026-08-15,GS-1,B-205,0.0,0
2026-08-15,GS-1,B-077,173.65643029099917,215
2026-08-15,GS-2,B-092,415.1215619337218,570
2026-08-15,GS-2,B-115,0.0,0
2026-08-15,GS-2,B-116,2348.496485840179,549
2026-08-15,GS-2,B-091,2785.9453030970294,534
2026-08-15,GS-2,B-090,0.0, 
2026-08-15,GS-2,B-075,0.0,0
2026-08-15,GS-2,B-038,0.0,0
2026-08-15,GS-2,B-46,0.0,0
2026-08-15,GS-2,B-073,0.0,0
2026-08-15,GS-2,B-076,0.0,0
2026-08-15,GS-2,B-137,416.775432698398,505
2026-08-15,GS-3,B-053,4192.562388454123,510
2026-08-15,GS-3,B-059,0.0,0
2026-08-15,GS-3,B-062,4224.8128683653085,485
2026-08-15,GS-3,B-063,0.0,0
2026-08-15,GS-3,B-065,2242.6487569009037,239
2026-08-15,GS-3,B-101,0.0,0
2026-08-15,GS-3,B-107,0.0,0
2026-08-15,GS-3,B-110,0.0,0
2026-08-15,GS-3,B-129,0.0,0
2026-08-15,GS-3,B-134,59.539347528342574,295
2026-08-15,GS-4,BN-033,161.2523995559278,483
2026-08-15,GS-4,BN-037,0.0,0
2026-08-15,GS-4,BN-040,124.04030735071369,290
2026-08-15,GS-4,BN-041,161.2523995559278,451
2026-08-15,GS-4,BN-042,868.2821514549959,560
2026-08-15,GS-4,BN-043,210.86852249621327,535
2026-08-15,GS-4,BN-046,0.0,0
2026-08-15,GS-4,BN-049,537.5079985197593,540
2026-08-15,GS-4,B-226,0.0,0
2026-08-15,PLTG,B-120,3989.9632197812903,580
2026-08-15,PLTG,B-047,7451.51473024854,470
2026-08-15,PLTG,B-133,1662.1401184995634,585
2026-08-15,MGS,B-32,0.0,0
2026-08-16,GS-1,B-050,2204.243639231312,460
2026-08-16,GS-1,B-061,567.3299298551447,495
2026-08-16,GS-1,B-031,0.0,0
2026-08-16,GS-1,B-074,994.4959946872536,445
2026-08-16,GS-1,B-020,0.0,0
2026-08-16,GS-1,B-023,1181.3811480513014,500
2026-08-16,GS-1,B-049,87.60241563939734,524
2026-08-16,GS-1,B-057,0.0,0
2026-08-16,GS-1,B-078,166.86174407504254,435
2026-08-16,GS-1,B-079,211.08010625492884,436
2026-08-16,GS-1,B-106,1112.9678329805338,465
2026-08-16,GS-1,B-108,0.0,0
2026-08-16,GS-1,B-045,0.0,0
2026-08-16,GS-1,B-067,700.8193251151787,495
2026-08-16,GS-1,B-052,0.0,0
2026-08-16,GS-1,B-066,663.2754326982941,510
2026-08-16,GS-1,B-069,0.0,0
2026-08-16,GS-1,B-205,0.0,0
2026-08-16,GS-1,B-077,175.20483127879467,215
2026-08-16,GS-2,B-092,418.8229776283568,570
2026-08-16,GS-2,B-115,0.0,0
2026-08-16,GS-2,B-116,2369.4367658656042,549
2026-08-16,GS-2,B-091,2810.786078944092,534
2026-08-16,GS-2,B-090,0.0, 
2026-08-16,GS-2,B-075,0.0,0
2026-08-16,GS-2,B-038,0.0,0
2026-08-16,GS-2,B-46,0.0,0
2026-08-16,GS-2,B-073,0.0,0
2026-08-16,GS-2,B-076,0.0,0
2026-08-16,GS-2,B-137,420.49159506910723,505
2026-08-16,GS-3,B-053,4229.945212302328,510
2026-08-16,GS-3,B-059,0.0,0
2026-08-16,GS-3,B-062,4262.483252396962,485
2026-08-16,GS-3,B-063,0.0,0
2026-08-16,GS-3,B-065,2262.645249657577,239
2026-08-16,GS-3,B-101,0.0,0
2026-08-16,GS-3,B-107,0.0,0
2026-08-16,GS-3,B-110,0.0,0
2026-08-16,GS-3,B-129,0.0,0
2026-08-16,GS-3,B-134,60.07022786701532,295
2026-08-16,GS-4,BN-033,162.6902004731665,483
2026-08-16,GS-4,BN-037,0.0,0
2026-08-16,GS-4,BN-040,125.14630805628191,290
2026-08-16,GS-4,BN-041,162.6902004731665,451
2026-08-16,GS-4,BN-042,876.0241563939734,560
2026-08-16,GS-4,BN-043,212.74872369567925,535
2026-08-16,GS-4,BN-046,0.0,0
2026-08-16,GS-4,BN-049,542.3006682438883,540
2026-08-16,GS-4,B-226,0.0,0
2026-08-16,PLTG,B-120,4025.5395758104014,580
2026-08-16,PLTG,B-047,7517.955879301042,470
2026-08-16,PLTG,B-133,1676.9605279541777,585
2026-08-16,MGS,B-32,0.0,0
2026-08-17,GS-1,B-050,2183.0818512287196,460
2026-08-17,GS-1,B-061,561.8832925191255,495
2026-08-17,GS-1,B-031,0.0,0
2026-08-17,GS-1,B-074,984.9483598276435,445
2026-08-17,GS-1,B-020,0.0,0
2026-08-17,GS-1,B-023,1170.0393267751201,500
2026-08-17,GS-1,B-049,86.76139075662967,524
2026-08-17,GS-1,B-057,0.0,0
2026-08-17,GS-1,B-078,165.25979191738983,435
2026-08-17,GS-1,B-079,209.05363677549815,436
2026-08-17,GS-1,B-106,1102.2828120889903,465
2026-08-17,GS-1,B-108,0.0,0
2026-08-17,GS-1,B-045,0.0,0
2026-08-17,GS-1,B-067,694.0911260530373,495
2026-08-17,GS-1,B-052,0.0,0
2026-08-17,GS-1,B-066,656.9076728716246,510
2026-08-17,GS-1,B-069,0.0,0
2026-08-17,GS-1,B-205,0.0,0
2026-08-17,GS-1,B-077,173.52278151325933,215
2026-08-17,GS-2,B-092,414.8020777126485,570
2026-08-17,GS-2,B-115,0.0,0
2026-08-17,GS-2,B-116,2346.689045226936,549
2026-08-17,GS-2,B-091,2783.801194848432,534
2026-08-17,GS-2,B-090,0.0, 
2026-08-17,GS-2,B-075,0.0,0
2026-08-17,GS-2,B-038,0.0,0
2026-08-17,GS-2,B-46,0.0,0
2026-08-17,GS-2,B-073,0.0,0
2026-08-17,GS-2,B-076,0.0,0
2026-08-17,GS-2,B-137,416.4546756318224,505
2026-08-17,GS-3,B-053,4189.335725105832,510
2026-08-17,GS-3,B-059,0.0,0
2026-08-17,GS-3,B-062,4221.561384529724,485
2026-08-17,GS-3,B-063,0.0,0
2026-08-17,GS-3,B-065,2240.9227783998062,239
2026-08-17,GS-3,B-101,0.0,0
2026-08-17,GS-3,B-107,0.0,0
2026-08-17,GS-3,B-110,0.0,0
2026-08-17,GS-3,B-129,0.0,0
2026-08-17,GS-3,B-134,59.49352509026034,295
2026-08-17,GS-4,BN-033,161.12829711945508,483
2026-08-17,GS-4,BN-037,0.0,0
2026-08-17,GS-4,BN-040,123.94484393804238,290
2026-08-17,GS-4,BN-041,161.12829711945508,451
2026-08-17,GS-4,BN-042,867.6139075662967,560
2026-08-17,GS-4,BN-043,210.70623469467205,535
2026-08-17,GS-4,BN-046,0.0,0
2026-08-17,GS-4,BN-049,537.094323731517,540
2026-08-17,GS-4,B-226,0.0,0
2026-08-17,PLTG,B-120,3986.89248000703,580
2026-08-17,PLTG,B-047,7445.779924838,470
2026-08-17,PLTG,B-133,1660.860908769768,585
2026-08-17,MGS,B-32,0.0,0
2026-08-18,GS-1,B-050,1946.7108703789222,460
2026-08-18,GS-1,B-061,501.04594695596785,495
2026-08-18,GS-1,B-031,0.0,0
2026-08-18,GS-1,B-074,878.3040717228142,445
2026-08-18,GS-1,B-020,0.0,0
2026-08-18,GS-1,B-023,1043.3545013083094,500
2026-08-18,GS-1,B-049,77.36738886820092,524
2026-08-18,GS-1,B-057,0.0,0
2026-08-18,GS-1,B-078,147.36645498704937,435
2026-08-18,GS-1,B-079,186.41856555861744,436
2026-08-18,GS-1,B-106,982.9342547636193,465
2026-08-18,GS-1,B-108,0.0,0
2026-08-18,GS-1,B-045,0.0,0
2026-08-18,GS-1,B-067,618.9391109456074,495
2026-08-18,GS-1,B-052,0.0,0
2026-08-18,GS-1,B-066,585.7816585735212,510
2026-08-18,GS-1,B-069,0.0,0
2026-08-18,GS-1,B-205,0.0,0
2026-08-18,GS-1,B-077,154.73477773640184,215
2026-08-18,GS-2,B-092,369.88980201749393,570
2026-08-18,GS-2,B-115,0.0,0
2026-08-18,GS-2,B-116,2092.603660816101,549
2026-08-18,GS-2,B-091,2482.3879342568466,534
2026-08-18,GS-2,B-090,0.0, 
2026-08-18,GS-2,B-075,0.0,0
2026-08-18,GS-2,B-038,0.0,0
2026-08-18,GS-2,B-46,0.0,0
2026-08-18,GS-2,B-073,0.0,0
2026-08-18,GS-2,B-076,0.0,0
2026-08-18,GS-2,B-137,371.3634665673644,505
2026-08-18,GS-3,B-053,3735.7396339217016,510
2026-08-18,GS-3,B-059,0.0,0
2026-08-18,GS-3,B-062,3764.476092644176,485
2026-08-18,GS-3,B-063,0.0,0
2026-08-18,GS-3,B-065,1998.2891296243895,239
2026-08-18,GS-3,B-101,0.0,0
2026-08-18,GS-3,B-107,0.0,0
2026-08-18,GS-3,B-110,0.0,0
2026-08-18,GS-3,B-129,0.0,0
2026-08-18,GS-3,B-134,53.05192379533777,295
2026-08-18,GS-4,BN-033,143.68229361237314,483
2026-08-18,GS-4,BN-037,0.0,0
2026-08-18,GS-4,BN-040,110.52484124028703,290
2026-08-18,GS-4,BN-041,143.68229361237314,451
2026-08-18,GS-4,BN-042,773.6738886820092,560
2026-08-18,GS-4,BN-043,187.89223010848795,535
2026-08-18,GS-4,BN-046,0.0,0
2026-08-18,GS-4,BN-049,478.94097870791046,540
2026-08-18,GS-4,B-226,0.0,0
2026-08-18,PLTG,B-120,3555.215726562566,580
2026-08-18,PLTG,B-047,6639.595629441509,470
2026-08-18,PLTG,B-133,1481.032872619846,585
2026-08-18,MGS,B-32,0.0,0
2026-08-19,GS-1,B-050,1779.7422384111305,460
2026-08-19,GS-1,B-061,458.07143153655136,495
2026-08-19,GS-1,B-031,0.0,0
2026-08-19,GS-1,B-074,802.9722741052489,445
2026-08-19,GS-1,B-020,0.0,0
2026-08-19,GS-1,B-023,953.866392729054,500
2026-08-19,GS-1,B-049,70.73161810490866,524
2026-08-19,GS-1,B-057,0.0,0
2026-08-19,GS-1,B-078,134.72689162839745,435
2026-08-19,GS-1,B-079,170.4295179099228,436
2026-08-19,GS-1,B-106,898.628367161411,465
2026-08-19,GS-1,B-108,0.0,0
2026-08-19,GS-1,B-045,0.0,0
2026-08-19,GS-1,B-067,565.8529448392693,495
2026-08-19,GS-1,B-052,0.0,0
2026-08-19,GS-1,B-066,535.5393942228799,510
2026-08-19,GS-1,B-069,0.0,0
2026-08-19,GS-1,B-205,0.0,0
2026-08-19,GS-1,B-077,141.46323620981732,215
2026-08-19,GS-2,B-092,338.1644979872776,570
2026-08-19,GS-2,B-115,0.0,0
2026-08-19,GS-2,B-116,1913.121861123244,549
2026-08-19,GS-2,B-091,2269.4744894803553,534
2026-08-19,GS-2,B-090,0.0,0
2026-08-19,GS-2,B-075,0.0,0
2026-08-19,GS-2,B-038,0.0,0
2026-08-19,GS-2,B-46,0.0,0
2026-08-19,GS-2,B-073,0.0,0
2026-08-19,GS-2,B-076,0.0,0
2026-08-19,GS-2,B-137,339.5117669035616,505
2026-08-19,GS-3,B-053,3415.3267027798756,510
2026-08-19,GS-3,B-059,0.0,0
2026-08-19,GS-3,B-062,3441.5984466474133,485
2026-08-19,GS-3,B-063,0.0,0
2026-08-19,GS-3,B-065,1826.8966504810696,239
2026-08-19,GS-3,B-101,0.0,0
2026-08-19,GS-3,B-107,0.0,0
2026-08-19,GS-3,B-110,0.0,0
2026-08-19,GS-3,B-129,0.0,0
2026-08-19,GS-3,B-134,48.501680986223086,295
2026-08-19,GS-4,BN-033,131.35871933768752,483
2026-08-19,GS-4,BN-037,0.0,0
2026-08-19,GS-4,BN-040,101.0451687212981,290
2026-08-19,GS-4,BN-041,131.35871933768752,451
2026-08-19,GS-4,BN-042,707.3161810490867,560
2026-08-19,GS-4,BN-043,171.77678682620677,535
2026-08-19,GS-4,BN-046,0.0,0
2026-08-19,GS-4,BN-049,437.86239779229174,540
2026-08-19,GS-4,B-226,0.0,0
2026-08-19,PLTG,B-120,3250.286260535089,580
2026-08-19,PLTG,B-047,6070.120102317447,470
2026-08-19,PLTG,B-133,1354.0052608653946,585
2026-08-19,MGS,B-32,0.0,0
2026-08-20,GS-1,B-050,2005.3428279592358,460
2026-08-20,GS-1,B-061,516.1366854702045,495
2026-08-20,GS-1,B-031,0.0,0
2026-08-20,GS-1,B-074,904.7572486477703,445
2026-08-20,GS-1,B-020,0.0,0
2026-08-20,GS-1,B-023,1074.7787450379553,500
2026-08-20,GS-1,B-049,79.69757643289923,524
2026-08-20,GS-1,B-057,0.0,0
2026-08-20,GS-1,B-078,151.80490749123663,435
2026-08-20,GS-1,B-079,192.03320797641433,436
2026-08-20,GS-1,B-106,1012.5387329665483,465
2026-08-20,GS-1,B-108,0.0,0
2026-08-20,GS-1,B-045,0.0,0
2026-08-20,GS-1,B-067,637.5806114631938,495
2026-08-20,GS-1,B-052,0.0,0
2026-08-20,GS-1,B-066,603.4245072776656,510
2026-08-20,GS-1,B-069,0.0,0
2026-08-20,GS-1,B-205,0.0,0
2026-08-20,GS-1,B-077,159.39515286579845,215
2026-08-20,GS-2,B-092,381.0303178030039,570
2026-08-20,GS-2,B-115,0.0,0
2026-08-20,GS-2,B-116,2155.62968637556,549
2026-08-20,GS-2,B-091,2557.153666689881,534
2026-08-20,GS-2,B-090,0.0, 
2026-08-20,GS-2,B-075,0.0,0
2026-08-20,GS-2,B-038,0.0,0
2026-08-20,GS-2,B-46,0.0,0
2026-08-20,GS-2,B-073,0.0,0
2026-08-20,GS-2,B-076,0.0,0
2026-08-20,GS-2,B-137,382.5483668779163,505
2026-08-20,GS-3,B-053,3848.2544049028484,510
2026-08-20,GS-3,B-059,0.0,0
2026-08-20,GS-3,B-062,0.0,0
2026-08-20,GS-3,B-063,0.0,0
2026-08-20,GS-3,B-065,2058.4745455811685,239
2026-08-20,GS-3,B-101,0.0,0
2026-08-20,GS-3,B-107,0.0,0
2026-08-20,GS-3,B-110,0.0,0
2026-08-20,GS-3,B-129,0.0,0
2026-08-20,GS-3,B-134,54.649766696845184,295
2026-08-20,GS-4,BN-033,148.0097848039557,483
2026-08-20,GS-4,BN-037,0.0,0
2026-08-20,GS-4,BN-040,113.85368061842748,290
2026-08-20,GS-4,BN-041,148.0097848039557,451
2026-08-20,GS-4,BN-042,796.9757643289923,560
2026-08-20,GS-4,BN-043,193.5512570513267,535
2026-08-20,GS-4,BN-046,0.0,0
2026-08-20,GS-4,BN-049,493.365949346519,540
2026-08-20,GS-4,B-226,0.0,0
2026-08-20,PLTG,B-120,3662.2933932260835,580
2026-08-20,PLTG,B-047,6839.5701070176665,470
2026-08-20,PLTG,B-133,1525.639320286928,585
2026-08-20,MGS,B-32,0.0,0
2026-08-21,GS-1,B-050,1991.9111126587275,460
2026-08-21,GS-1,B-061,512.679620214964,495
2026-08-21,GS-1,B-031,0.0,0
2026-08-21,GS-1,B-074,898.6972166121133,445
2026-08-21,GS-1,B-020,0.0,0
2026-08-21,GS-1,B-023,1067.579915035866,500
2026-08-21,GS-1,B-049,79.16376488613413,524
2026-08-21,GS-1,B-057,0.0,0
2026-08-21,GS-1,B-078,150.78812359263645,435
2026-08-21,GS-1,B-079,190.7469763446851,436
2026-08-21,GS-1,B-106,1005.7567843628851,465
2026-08-21,GS-1,B-108,0.0,0
2026-08-21,GS-1,B-045,0.0,0
2026-08-21,GS-1,B-067,633.310119089073,495
2026-08-21,GS-1,B-052,0.0,0
2026-08-21,GS-1,B-066,599.3827912807299,510
2026-08-21,GS-1,B-069,0.0,0
2026-08-21,GS-1,B-205,0.0,0
2026-08-21,GS-1,B-077,158.32752977226826,215
2026-08-21,GS-2,B-092,378.47819021751747,570
2026-08-21,GS-2,B-115,0.0,0
2026-08-21,GS-2,B-116,2141.1913550154377,549
2026-08-21,GS-2,B-091,2540.025941917961,534
2026-08-21,GS-2,B-090,0.0, 
2026-08-21,GS-2,B-075,0.0,0
2026-08-21,GS-2,B-038,0.0,0
2026-08-21,GS-2,B-46,0.0,0
2026-08-21,GS-2,B-073,0.0,0
2026-08-21,GS-2,B-076,0.0,0
2026-08-21,GS-2,B-137,379.98607145344386,505
2026-08-21,GS-3,B-053,3822.478933073334,510
2026-08-21,GS-3,B-059,0.0,0
2026-08-21,GS-3,B-062,0.0,0
2026-08-21,GS-3,B-063,0.0,0
2026-08-21,GS-3,B-065,2044.6869559161503,239
2026-08-21,GS-3,B-101,0.0,0
2026-08-21,GS-3,B-107,0.0,0
2026-08-21,GS-3,B-110,0.0,0
2026-08-21,GS-3,B-129,0.0,0
2026-08-21,GS-3,B-134,54.28372449334912,295
2026-08-21,GS-4,BN-033,147.01842050282053,483
2026-08-21,GS-4,BN-037,0.0,0
2026-08-21,GS-4,BN-040,113.09109269447734,290
2026-08-21,GS-4,BN-041,147.01842050282053,451
2026-08-21,GS-4,BN-042,791.6376488613414,560
2026-08-21,GS-4,BN-043,192.25485758061146,535
2026-08-21,GS-4,BN-046,0.0,0
2026-08-21,GS-4,BN-049,490.06140167606844,540
2026-08-21,GS-4,B-226,0.0,0
2026-08-21,PLTG,B-120,3637.7634816723544,580
2026-08-21,PLTG,B-047,6793.758908466235,470
2026-08-21,PLTG,B-133,1515.4206421059962,585
2026-08-21,MGS,B-32,0.0,0
2026-08-22,GS-1,B-050,2324.1314042278073,460
2026-08-22,GS-1,B-061,598.1867353803592,495
2026-08-22,GS-1,B-031,0.0,0
2026-08-22,GS-1,B-074,1048.5861596667473,445
2026-08-22,GS-1,B-020,0.0,0
2026-08-22,GS-1,B-023,1245.6359077920422,500
2026-08-22,GS-1,B-049,92.36706943373194,524
2026-08-22,GS-1,B-057,0.0,0
2026-08-22,GS-1,B-078,175.93727511187035,435
2026-08-22,GS-1,B-079,222.560653016516,436
2026-08-22,GS-1,B-106,1173.5016249961752,465
2026-08-22,GS-1,B-108,0.0,0
2026-08-22,GS-1,B-045,0.0,0
2026-08-22,GS-1,B-067,738.9365554698555,495
2026-08-22,GS-1,B-052,0.0,0
2026-08-22,GS-1,B-066,699.3506685696847,510
2026-08-22,GS-1,B-069,0.0,0
2026-08-22,GS-1,B-205,0.0,0
2026-08-22,GS-1,B-077,184.73413886746388,215
2026-08-22,GS-2,B-092,441.6025605307946,570
2026-08-22,GS-2,B-115,0.0,0
2026-08-22,GS-2,B-116,2498.309306588559,549
2026-08-22,GS-2,B-091,2963.663399259456,534
2026-08-22,GS-2,B-090,0.0, 
2026-08-22,GS-2,B-075,0.0,0
2026-08-22,GS-2,B-038,0.0,0
2026-08-22,GS-2,B-46,0.0,0
2026-08-22,GS-2,B-073,0.0,0
2026-08-22,GS-2,B-076,0.0,0
2026-08-22,GS-2,B-137,443.3619332819133,505
2026-08-22,GS-3,B-053,4460.009924085914,510
2026-08-22,GS-3,B-059,0.0,0
2026-08-22,GS-3,B-062,0.0,0
2026-08-22,GS-3,B-063,0.0,0
2026-08-22,GS-3,B-065,2385.709450516962,239
2026-08-22,GS-3,B-101,0.0,0
2026-08-22,GS-3,B-107,0.0,0
2026-08-22,GS-3,B-110,0.0,0
2026-08-22,GS-3,B-129,0.0,0
2026-08-22,GS-3,B-134,63.33741904027333,295
2026-08-22,GS-4,BN-033,171.5388432340736,483
2026-08-22,GS-4,BN-037,0.0,0
2026-08-22,GS-4,BN-040,131.95295633390276,290
2026-08-22,GS-4,BN-041,171.5388432340736,451
2026-08-22,GS-4,BN-042,923.6706943373194,560
2026-08-22,GS-4,BN-043,224.32002576763472,535
2026-08-22,GS-4,BN-046,0.0,0
2026-08-22,GS-4,BN-049,571.7961441135786,540
2026-08-22,GS-4,B-226,0.0,0
2026-08-22,PLTG,B-120,4244.486762073872,580
2026-08-22,PLTG,B-047,7926.853930165319,470
2026-08-22,PLTG,B-133,1768.1696148742972,585
2026-08-22,MGS,B-32,0.0,0
2026-08-23,GS-1,B-050,2115.97319069217,460
2026-08-23,GS-1,B-061,544.6108136527918,495
2026-08-23,GS-1,B-031,0.0,0
2026-08-23,GS-1,B-074,954.670720403129,445
2026-08-23,GS-1,B-020,0.0,0
2026-08-23,GS-1,B-023,1134.0719296064017,500
2026-08-23,GS-1,B-049,84.09431681403402,524
2026-08-23,GS-1,B-057,0.0,0
2026-08-23,GS-1,B-078,160.17965107435052,435
2026-08-23,GS-1,B-079,202.6272586090534,436
2026-08-23,GS-1,B-106,1068.3982726659178,465
2026-08-23,GS-1,B-108,0.0,0
2026-08-23,GS-1,B-045,0.0,0
2026-08-23,GS-1,B-067,672.7545345122721,495
2026-08-23,GS-1,B-052,0.0,0
2026-08-23,GS-1,B-066,636.7141130205432,510
2026-08-23,GS-1,B-069,0.0,0
2026-08-23,GS-1,B-205,0.0,0
2026-08-23,GS-1,B-077,168.18863362806803,215
2026-08-23,GS-2,B-092,402.05092419661975,570
2026-08-23,GS-2,B-115,0.0,0
2026-08-23,GS-2,B-116,2274.5510452557774,549
2026-08-23,GS-2,B-091,2698.226222347434,534
2026-08-23,GS-2,B-090,0.0, 
2026-08-23,GS-2,B-075,0.0,0
2026-08-23,GS-2,B-038,0.0,0
2026-08-23,GS-2,B-46,0.0,0
2026-08-23,GS-2,B-073,0.0,0
2026-08-23,GS-2,B-076,0.0,0
2026-08-23,GS-2,B-137,403.65272070736324,505
2026-08-23,GS-3,B-053,4060.5541547347852,510
2026-08-23,GS-3,B-059,0.0,0
2026-08-23,GS-3,B-062,4091.7891866942837,485
2026-08-23,GS-3,B-063,0.0,0
2026-08-23,GS-3,B-065,2172.036068568193,239
2026-08-23,GS-3,B-101,0.0,0
2026-08-23,GS-3,B-107,0.0,0
2026-08-23,GS-3,B-110,0.0,0
2026-08-23,GS-3,B-129,0.0,0
2026-08-23,GS-3,B-134,57.66467438676618,295
2026-08-23,GS-4,BN-033,156.17515979749174,483
2026-08-23,GS-4,BN-037,0.0,0
2026-08-23,GS-4,BN-040,120.13473830576288,290
2026-08-23,GS-4,BN-041,156.17515979749174,451
2026-08-23,GS-4,BN-042,840.9431681403402,560
2026-08-23,GS-4,BN-043,204.2290551197969,535
2026-08-23,GS-4,BN-046,0.0,0
2026-08-23,GS-4,BN-049,520.5838659916392,540
2026-08-23,GS-4,B-226,0.0,0
2026-08-23,PLTG,B-120,3864.334082168706,580
2026-08-23,PLTG,B-047,7216.894179154862,470
2026-08-23,PLTG,B-133,1609.8054932972225,585
2026-08-23,MGS,B-32,0.0,0
2026-08-24,GS-1,B-050,2408.36584101277,460
2026-08-24,GS-1,B-061,619.867059761046,495
2026-08-24,GS-1,B-031,0.0,0
2026-08-24,GS-1,B-074,1086.5904929928925,445
2026-08-24,GS-1,B-020,0.0,0
2026-08-24,GS-1,B-023,1290.781995031825,500
2026-08-24,GS-1,B-049,95.71476658074975,524
2026-08-24,GS-1,B-057,0.0,0
2026-08-24,GS-1,B-078,182.31384110619,435
2026-08-24,GS-1,B-079,230.62700899933034,436
2026-08-24,GS-1,B-106,1216.0333201782873,465
2026-08-24,GS-1,B-108,0.0,0
2026-08-24,GS-1,B-045,0.0,0
2026-08-24,GS-1,B-067,765.718132645998,495
2026-08-24,GS-1,B-052,0.0,0
2026-08-24,GS-1,B-066,724.6975183971052,510
2026-08-24,GS-1,B-069,0.0,0
2026-08-24,GS-1,B-205,0.0,0
2026-08-24,GS-1,B-077,191.4295331614995,215
2026-08-24,GS-2,B-092,457.6077411765369,570
2026-08-24,GS-2,B-115,0.0,0
2026-08-24,GS-2,B-116,2588.856543707898,549
2026-08-24,GS-2,B-091,3071.0766534337704,534
2026-08-24,GS-2,B-090,0.0, 
2026-08-24,GS-2,B-075,0.0,0
2026-08-24,GS-2,B-038,0.0,0
2026-08-24,GS-2,B-46,0.0,0
2026-08-24,GS-2,B-073,0.0,0
2026-08-24,GS-2,B-076,0.0,0
2026-08-24,GS-2,B-137,459.4308795875988,505
2026-08-24,GS-3,B-053,4621.655872041916,510
2026-08-24,GS-3,B-059,0.0,0
2026-08-24,GS-3,B-062,0.0,0
2026-08-24,GS-3,B-063,0.0,0
2026-08-24,GS-3,B-065,2472.1756853999364,239
2026-08-24,GS-3,B-101,0.0,0
2026-08-24,GS-3,B-107,0.0,0
2026-08-24,GS-3,B-110,0.0,0
2026-08-24,GS-3,B-129,0.0,0
2026-08-24,GS-3,B-134,65.6329827982284,295
2026-08-24,GS-4,BN-033,177.75599507853525,483
2026-08-24,GS-4,BN-037,0.0,0
2026-08-24,GS-4,BN-040,136.7353808296425,290
2026-08-24,GS-4,BN-041,177.75599507853525,451
2026-08-24,GS-4,BN-042,957.1476658074974,560
2026-08-24,GS-4,BN-043,232.45014741039225,535
2026-08-24,GS-4,BN-046,0.0,0
2026-08-24,GS-4,BN-049,592.5199835951175,540
2026-08-24,GS-4,B-226,0.0,0
2026-08-24,PLTG,B-120,4398.321416686834,580
2026-08-24,PLTG,B-047,8214.150111039391,470
2026-08-24,PLTG,B-133,1832.2541031172095,585
2026-08-24,MGS,B-32,0.0,0
2026-08-25,GS-1,B-050,2442.323343470829,460
2026-08-25,GS-1,B-061,628.607067963726,495
2026-08-25,GS-1,B-031,0.0,0
2026-08-25,GS-1,B-074,1101.9112132540608,445
2026-08-25,GS-1,B-020,0.0,0
2026-08-25,GS-1,B-023,1308.9817768185821,500
2026-08-25,GS-1,B-049,97.06432667086945,524
2026-08-25,GS-1,B-057,0.0,0
2026-08-25,GS-1,B-078,184.88443175403702,435
2026-08-25,GS-1,B-079,233.87880616885684,436
2026-08-25,GS-1,B-106,1233.179159799427,465
2026-08-25,GS-1,B-108,0.0,0
2026-08-25,GS-1,B-045,0.0,0
2026-08-25,GS-1,B-067,776.5146133669556,495
2026-08-25,GS-1,B-052,0.0,0
2026-08-25,GS-1,B-066,734.9156162222972,510
2026-08-25,GS-1,B-069,0.0,0
2026-08-25,GS-1,B-205,0.0,0
2026-08-25,GS-1,B-077,194.1286533417389,215
2026-08-25,GS-2,B-092,464.05992370263294,570
2026-08-25,GS-2,B-115,0.0,0
2026-08-25,GS-2,B-116,2625.358930907326,549
2026-08-25,GS-2,B-091,3114.378252896754,534
2026-08-25,GS-2,B-090,0.0, 
2026-08-25,GS-2,B-075,0.0,0
2026-08-25,GS-2,B-038,0.0,0
2026-08-25,GS-2,B-46,0.0,0
2026-08-25,GS-2,B-073,0.0,0
2026-08-25,GS-2,B-076,0.0,0
2026-08-25,GS-2,B-137,465.90876802017334,505
2026-08-25,GS-3,B-053,4686.820344964839,510
2026-08-25,GS-3,B-059,0.0,0
2026-08-25,GS-3,B-062,0.0,0
2026-08-25,GS-3,B-063,0.0,0
2026-08-25,GS-3,B-065,2507.0328945847423,239
2026-08-25,GS-3,B-101,0.0,0
2026-08-25,GS-3,B-107,0.0,0
2026-08-25,GS-3,B-110,0.0,0
2026-08-25,GS-3,B-129,0.0,0
2026-08-25,GS-3,B-134,66.55839543145333,295
2026-08-25,GS-4,BN-033,180.26232096018612,483
2026-08-25,GS-4,BN-037,0.0,0
2026-08-25,GS-4,BN-040,138.66332381552778,290
2026-08-25,GS-4,BN-041,180.26232096018612,451
2026-08-25,GS-4,BN-042,970.6432667086945,560
2026-08-25,GS-4,BN-043,235.7276504863972,535
2026-08-25,GS-4,BN-046,0.0,0
2026-08-25,GS-4,BN-049,600.8744032006203,540
2026-08-25,GS-4,B-226,0.0,0
2026-08-25,PLTG,B-120,4460.336916066143,580
2026-08-25,PLTG,B-047,8329.968072678139,470
2026-08-25,PLTG,B-133,1858.0885391280722,585
2026-08-25,MGS,B-32,0.0,0
2026-08-26,GS-1,B-050,2499.525686561274,460
2026-08-26,GS-1,B-061,643.3298511966943,495
2026-08-26,GS-1,B-031,0.0,0
2026-08-26,GS-1,B-074,1127.7193862153817,445
2026-08-26,GS-1,B-020,0.0,0
2026-08-26,GS-1,B-023,1339.6398077860574,500
2026-08-26,GS-1,B-049,99.33769761125427,524
2026-08-26,GS-1,B-057,0.0,0
2026-08-26,GS-1,B-078,189.2146621166748,435
2026-08-26,GS-1,B-079,239.3565475775936,436
2026-08-26,GS-1,B-106,1262.0617963182208,465
2026-08-26,GS-1,B-108,0.0,0
2026-08-26,GS-1,B-045,0.0,0
2026-08-26,GS-1,B-067,794.7015808900342,495
2026-08-26,GS-1,B-052,0.0,0
2026-08-26,GS-1,B-066,752.1282819137823,510
2026-08-26,GS-1,B-069,0.0,0
2026-08-26,GS-1,B-205,0.0,0
2026-08-26,GS-1,B-077,198.67539522250854,215
2026-08-26,GS-2,B-092,474.9288019128537,570
2026-08-26,GS-2,B-115,0.0,0
2026-08-26,GS-2,B-116,2686.848202056782,549
2026-08-26,GS-2,B-091,3187.320983355387,534
2026-08-26,GS-2,B-090,0.0, 
2026-08-26,GS-2,B-075,0.0,0
2026-08-26,GS-2,B-038,0.0,0
2026-08-26,GS-2,B-46,0.0,0
2026-08-26,GS-2,B-073,0.0,0
2026-08-26,GS-2,B-076,0.0,0
2026-08-26,GS-2,B-137,476.8209485340205,505
2026-08-26,GS-3,B-053,4796.591684657706,510
2026-08-26,GS-3,B-059,0.0,0
2026-08-26,GS-3,B-062,0.0,0
2026-08-26,GS-3,B-063,0.0,0
2026-08-26,GS-3,B-065,2565.75081830211,239
2026-08-26,GS-3,B-101,0.0,0
2026-08-26,GS-3,B-107,0.0,0
2026-08-26,GS-3,B-110,0.0,0
2026-08-26,GS-3,B-129,0.0,0
2026-08-26,GS-3,B-134,68.11727836200292,295
2026-08-26,GS-4,BN-033,184.4842955637579,483
2026-08-26,GS-4,BN-037,0.0,0
2026-08-26,GS-4,BN-040,141.9109965875061,290
2026-08-26,GS-4,BN-041,184.4842955637579,451
2026-08-26,GS-4,BN-042,993.3769761125427,560
2026-08-26,GS-4,BN-043,241.24869419876035,535
2026-08-26,GS-4,BN-046,0.0,0
2026-08-26,GS-4,BN-049,614.9476518791931,540
2026-08-26,GS-4,B-226,0.0,0
2026-08-26,PLTG,B-120,4564.803723564779,580
2026-08-26,PLTG,B-047,8525.066601666782,470
2026-08-26,PLTG,B-133,1901.6073542725817,585
2026-08-26,MGS,B-32,0.0,0
2026-08-27,GS-1,B-050,2407.7806311953013,460
2026-08-27,GS-1,B-061,619.7164380063607,495
2026-08-27,GS-1,B-031,0.0,0
2026-08-27,GS-1,B-074,1086.3264619170322,445
2026-08-27,GS-1,B-020,0.0,0
2026-08-27,GS-1,B-023,1290.4683473779512,500
2026-08-27,GS-1,B-049,95.6915088098057,524
2026-08-27,GS-1,B-057,0.0,0
2026-08-27,GS-1,B-078,182.2695405901061,435
2026-08-27,GS-1,B-079,230.57096884648422,436
2026-08-27,GS-1,B-106,1215.7378357360076,465
2026-08-27,GS-1,B-108,0.0,0
2026-08-27,GS-1,B-045,0.0,0
2026-08-27,GS-1,B-067,765.5320704784456,495
2026-08-27,GS-1,B-052,0.0,0
2026-08-27,GS-1,B-066,724.5214238456717,510
2026-08-27,GS-1,B-069,0.0,0
2026-08-27,GS-1,B-205,0.0,0
2026-08-27,GS-1,B-077,191.3830176196114,215
2026-08-27,GS-2,B-092,457.4965468811663,570
2026-08-27,GS-2,B-115,0.0,0
2026-08-27,GS-2,B-116,2588.2274763795067,549
2026-08-27,GS-2,B-091,3070.330411240337,534
2026-08-27,GS-2,B-090,0.0, 
2026-08-27,GS-2,B-075,0.0,0
2026-08-27,GS-2,B-038,0.0,0
2026-08-27,GS-2,B-46,0.0,0
2026-08-27,GS-2,B-073,0.0,0
2026-08-27,GS-2,B-076,0.0,0
2026-08-27,GS-2,B-137,459.31924228706737,505
2026-08-27,GS-3,B-053,4620.532853959189,510
2026-08-27,GS-3,B-059,0.0,0
2026-08-27,GS-3,B-062,0.0,0
2026-08-27,GS-3,B-063,0.0,0
2026-08-27,GS-3,B-065,2471.5749704018385,239
2026-08-27,GS-3,B-101,0.0,0
2026-08-27,GS-3,B-107,0.0,0
2026-08-27,GS-3,B-110,0.0,0
2026-08-27,GS-3,B-129,0.0,0
2026-08-27,GS-3,B-134,65.61703461243819,295
2026-08-27,GS-4,BN-033,177.71280207535344,483
2026-08-27,GS-4,BN-037,0.0,0
2026-08-27,GS-4,BN-040,136.70215544257957,290
2026-08-27,GS-4,BN-041,177.71280207535344,451
2026-08-27,GS-4,BN-042,956.915088098057,560
2026-08-27,GS-4,BN-043,232.39366425238526,535
2026-08-27,GS-4,BN-046,0.0,0
2026-08-27,GS-4,BN-049,592.3760069178448,540
2026-08-27,GS-4,B-226,0.0,0
2026-08-27,PLTG,B-120,4397.25266673631,580
2026-08-27,PLTG,B-047,8212.15415128723,470
2026-08-27,PLTG,B-133,1831.8088829305661,585
2026-08-27,MGS,B-32,0.0,0
2026-08-28,GS-1,B-050,2451.199613453697,460
2026-08-28,GS-1,B-061,630.8916491856601,495
2026-08-28,GS-1,B-031,0.0,0
2026-08-28,GS-1,B-074,1105.9159497489807,445
2026-08-28,GS-1,B-020,0.0,0
2026-08-28,GS-1,B-023,1313.7390812454335,500
2026-08-28,GS-1,B-049,97.41709288896222,524
2026-08-28,GS-1,B-057,0.0,0
2026-08-28,GS-1,B-078,185.55636740754707,435
2026-08-28,GS-1,B-079,234.72880477054707,436
2026-08-28,GS-1,B-106,1237.660970608339,465
2026-08-28,GS-1,B-108,0.0,0
2026-08-28,GS-1,B-045,0.0,0
2026-08-28,GS-1,B-067,779.3367431116977,495
2026-08-28,GS-1,B-052,0.0,0
2026-08-28,GS-1,B-066,737.5865604449997,510
2026-08-28,GS-1,B-069,0.0,0
2026-08-28,GS-1,B-205,0.0,0
2026-08-28,GS-1,B-077,194.83418577792443,215
2026-08-28,GS-2,B-092,465.7464821929432,570
2026-08-28,GS-2,B-115,0.0,0
2026-08-28,GS-2,B-116,2634.9004171871684,549
2026-08-28,GS-2,B-091,3125.6970089801307,534
2026-08-28,GS-2,B-090,0.0, 
2026-08-28,GS-2,B-075,0.0,0
2026-08-28,GS-2,B-038,0.0,0
2026-08-28,GS-2,B-46,0.0,0
2026-08-28,GS-2,B-073,0.0,0
2026-08-28,GS-2,B-076,0.0,0
2026-08-28,GS-2,B-137,467.60204586701866,505
2026-08-28,GS-3,B-053,4703.853913781319,510
2026-08-28,GS-3,B-059,0.0,0
2026-08-28,GS-3,B-062,0.0,0
2026-08-28,GS-3,B-063,0.0,0
2026-08-28,GS-3,B-065,2516.1443420463384,239
2026-08-28,GS-3,B-101,0.0,0
2026-08-28,GS-3,B-107,0.0,0
2026-08-28,GS-3,B-110,0.0,0
2026-08-28,GS-3,B-129,0.0,0
2026-08-28,GS-3,B-134,66.80029226671695,295
2026-08-28,GS-4,BN-033,180.91745822235842,483
2026-08-28,GS-4,BN-037,0.0,0
2026-08-28,GS-4,BN-040,139.16727555566032,290
2026-08-28,GS-4,BN-041,180.91745822235842,451
2026-08-28,GS-4,BN-042,974.1709288896222,560
2026-08-28,GS-4,BN-043,236.58436844462253,535
2026-08-28,GS-4,BN-046,0.0,0
2026-08-28,GS-4,BN-049,0.0,0
2026-08-28,GS-4,B-226,0.0,0
2026-08-28,PLTG,B-120,4476.547363707074,580
2026-08-28,PLTG,B-047,8360.242133547034,470
2026-08-28,PLTG,B-133,1864.8414924458482,585
2026-08-28,MGS,B-32,0.0,0
2026-08-29,GS-1,B-050,2442.574987625804,460
2026-08-29,GS-1,B-061,628.6718363306385,495
2026-08-29,GS-1,B-031,0.0,0
2026-08-29,GS-1,B-074,1102.0247483913545,445
2026-08-29,GS-1,B-020,0.0,0
2026-08-29,GS-1,B-023,1309.1166474179179,500
2026-08-29,GS-1,B-049,97.07432766870153,524
2026-08-29,GS-1,B-057,0.0,0
2026-08-29,GS-1,B-078,184.9034812737172,435
2026-08-29,GS-1,B-079,233.90290381125226,436
2026-08-29,GS-1,B-106,1233.3062200956938,465
2026-08-29,GS-1,B-108,0.0,0
2026-08-29,GS-1,B-045,0.0,0
2026-08-29,GS-1,B-067,776.5946213496122,495
2026-08-29,GS-1,B-052,0.0,0
2026-08-29,GS-1,B-066,734.9913380630259,510
2026-08-29,GS-1,B-069,0.0,0
2026-08-29,GS-1,B-205,0.0,0
2026-08-29,GS-1,B-077,194.14865533740306,215
2026-08-29,GS-2,B-092,464.1077379970302,570
2026-08-29,GS-2,B-115,0.0,0
2026-08-29,GS-2,B-116,2625.6294340867844,549
2026-08-29,GS-2,B-091,3114.6991420557665,534
2026-08-29,GS-2,B-090,0.0, 
2026-08-29,GS-2,B-075,0.0,0
2026-08-29,GS-2,B-038,0.0,0
2026-08-29,GS-2,B-46,0.0,0
2026-08-29,GS-2,B-073,0.0,0
2026-08-29,GS-2,B-076,0.0,0
2026-08-29,GS-2,B-137,465.95677280976736,505
2026-08-29,GS-3,B-053,4687.303250288731,510
2026-08-29,GS-3,B-059,0.0,0
2026-08-29,GS-3,B-062,0.0,0
2026-08-29,GS-3,B-063,0.0,0
2026-08-29,GS-3,B-065,2507.2912060716053,239
2026-08-29,GS-3,B-101,0.0,0
2026-08-29,GS-3,B-107,0.0,0
2026-08-29,GS-3,B-110,0.0,0
2026-08-29,GS-3,B-129,0.0,0
2026-08-29,GS-3,B-134,66.56525325853819,295
2026-08-29,GS-4,BN-033,180.28089424187428,483
2026-08-29,GS-4,BN-037,0.0,0
2026-08-29,GS-4,BN-040,138.67761095528792,290
2026-08-29,GS-4,BN-041,180.28089424187428,451
2026-08-29,GS-4,BN-042,970.7432766870153,560
2026-08-29,GS-4,BN-043,235.75193862398945,535
2026-08-29,GS-4,BN-046,0.0,0
2026-08-29,GS-4,BN-049,0.0,0
2026-08-29,GS-4,B-226,0.0,0
2026-08-29,PLTG,B-120,4460.796485728428,580
2026-08-29,PLTG,B-047,8330.826348787328,470
2026-08-29,PLTG,B-133,1858.2799868008578,585
2026-08-29,MGS,B-32,0.0,0
2026-08-30,GS-1,B-050,2249.766313810154,460
2026-08-30,GS-1,B-061,579.0465909882304,495
2026-08-30,GS-1,B-031,0.0,0
2026-08-30,GS-1,B-074,1015.0346124381921,445
2026-08-30,GS-1,B-020,0.0,0
2026-08-30,GS-1,B-023,1205.7793718225503,500
2026-08-30,GS-1,B-049,89.41160596141793,524
2026-08-30,GS-1,B-057,0.0,0
2026-08-30,GS-1,B-078,170.30782087889128,435
2026-08-30,GS-1,B-079,215.43939341179748,436
2026-08-30,GS-1,B-106,1135.953165262205,465
2026-08-30,GS-1,B-108,0.0,0
2026-08-30,GS-1,B-045,0.0,0
2026-08-30,GS-1,B-067,715.2928476913435,495
2026-08-30,GS-1,B-052,0.0,0
2026-08-30,GS-1,B-066,676.9735879935929,510
2026-08-30,GS-1,B-069,0.0,0
2026-08-30,GS-1,B-205,0.0,0
2026-08-30,GS-1,B-077,178.82321192283587,215
2026-08-30,GS-2,B-092,427.4726304060171,570
2026-08-30,GS-2,B-115,0.0,0
2026-08-30,GS-2,B-116,2418.3710564802564,549
2026-08-30,GS-2,B-091,2868.835242704924,534
2026-08-30,GS-2,B-090,0.0, 
2026-08-30,GS-2,B-075,0.0,0
2026-08-30,GS-2,B-038,0.0,0
2026-08-30,GS-2,B-46,0.0,0
2026-08-30,GS-2,B-073,0.0,0
2026-08-30,GS-2,B-076,0.0,0
2026-08-30,GS-2,B-137,429.17570861480607,505
2026-08-30,GS-3,B-053,4317.3032592798945,510
2026-08-30,GS-3,B-059,0.0,0
2026-08-30,GS-3,B-062,0.0,0
2026-08-30,GS-3,B-063,0.0,0
2026-08-30,GS-3,B-065,2309.3740511177657,239
2026-08-30,GS-3,B-101,0.0,0
2026-08-30,GS-3,B-107,0.0,0
2026-08-30,GS-3,B-110,0.0,0
2026-08-30,GS-3,B-129,0.0,0
2026-08-30,GS-3,B-134,61.310815516400865,295
2026-08-30,GS-4,BN-033,166.050125356919,483
2026-08-30,GS-4,BN-037,0.0,0
2026-08-30,GS-4,BN-040,127.73086565916847,290
2026-08-30,GS-4,BN-041,166.050125356919,451
2026-08-30,GS-4,BN-042,894.1160596141793,560
2026-08-30,GS-4,BN-043,217.1424716205864,535
2026-08-30,GS-4,BN-046,0.0,0
2026-08-30,GS-4,BN-049,553.5004178563967,540
2026-08-30,GS-4,B-226,0.0,0
2026-08-30,PLTG,B-120,4108.676178703253,580
2026-08-30,PLTG,B-047,7673.218869698447,470
2026-08-30,PLTG,B-133,1711.5935998328575,585
2026-08-30,MGS,B-32,0.0,0
2026-08-31,GS-1,B-050,2324.903165649718,460
2026-08-31,GS-1,B-061,598.3853719310403,495
2026-08-31,GS-1,B-031,0.0,0
2026-08-31,GS-1,B-074,1048.9343578555884,445
2026-08-31,GS-1,B-020,0.0,0
2026-08-31,GS-1,B-023,1246.049539197578,500
2026-08-31,GS-1,B-049,92.39774125405769,524
2026-08-31,GS-1,B-057,0.0,0
2026-08-31,GS-1,B-078,175.99569762677655,435
2026-08-31,GS-1,B-079,222.63455749787235,436
2026-08-31,GS-1,B-106,1173.8913031705997,465
2026-08-31,GS-1,B-108,0.0,0
2026-08-31,GS-1,B-045,0.0,0
2026-08-31,GS-1,B-067,739.1819300324615,495
2026-08-31,GS-1,B-052,0.0,0
2026-08-31,GS-1,B-066,699.5828980664368,510
2026-08-31,GS-1,B-069,0.0,0
2026-08-31,GS-1,B-205,0.0,0
2026-08-31,GS-1,B-077,184.79548250811538,215
2026-08-31,GS-2,B-092,441.74920104320915,570
2026-08-31,GS-2,B-115,0.0,0
2026-08-31,GS-2,B-116,2499.138906300227,549
2026-08-31,GS-2,B-091,2964.647526523051,534
2026-08-31,GS-2,B-090,0.0, 
2026-08-31,GS-2,B-075,0.0,0
2026-08-31,GS-2,B-038,0.0,0
2026-08-31,GS-2,B-46,0.0,0
2026-08-31,GS-2,B-073,0.0,0
2026-08-31,GS-2,B-076,0.0,0
2026-08-31,GS-2,B-137,443.50915801947696,505
2026-08-31,GS-3,B-053,4461.4909348387855,510
2026-08-31,GS-3,B-059,0.0,0
2026-08-31,GS-3,B-062,0.0,0
2026-08-31,GS-3,B-063,0.0,0
2026-08-31,GS-3,B-065,2386.50165981909,239
2026-08-31,GS-3,B-101,0.0,0
2026-08-31,GS-3,B-107,0.0,0
2026-08-31,GS-3,B-110,0.0,0
2026-08-31,GS-3,B-129,0.0,0
2026-08-31,GS-3,B-134,63.35845114563956,295
2026-08-31,GS-4,BN-033,171.59580518610716,483
2026-08-31,GS-4,BN-037,0.0,0
2026-08-31,GS-4,BN-040,131.99677322008242,290
2026-08-31,GS-4,BN-041,171.59580518610716,451
2026-08-31,GS-4,BN-042,923.9774125405769,560
2026-08-31,GS-4,BN-043,224.39451447414012,535
2026-08-31,GS-4,BN-046,0.0,0
2026-08-31,GS-4,BN-049,571.9860172870239,540
2026-08-31,GS-4,B-226,0.0,0
2026-08-31,PLTG,B-120,4245.896205245985,580
2026-08-31,PLTG,B-047,7929.486156574418,470
2026-08-31,PLTG,B-133,1768.7567611491045,585
2026-08-31,MGS,B-32,0.0,0
2026-09-01,GS-1,B-050,2346.543151412258,460
2026-09-01,GS-1,B-061,603.9550881757515,495
2026-09-01,GS-1,B-031,0.0,0
2026-09-01,GS-1,B-074,1058.6977428021996,445
2026-09-01,GS-1,B-020,0.0,0
2026-09-01,GS-1,B-023,1257.6476542012706,500
2026-09-01,GS-1,B-049,93.25777096831456,524
2026-09-01,GS-1,B-057,0.0,0
2026-09-01,GS-1,B-078,177.6338494634563,435
2026-09-01,GS-1,B-079,224.70681957127223,436
2026-09-01,GS-1,B-106,1184.8177759212535,465
2026-09-01,GS-1,B-108,0.0,0
2026-09-01,GS-1,B-045,0.0,0
2026-09-01,GS-1,B-067,746.0621677465165,495
2026-09-01,GS-1,B-052,0.0,0
2026-09-01,GS-1,B-066,706.0945516172388,510
2026-09-01,GS-1,B-069,0.0,0
2026-09-01,GS-1,B-205,0.0,0
2026-09-01,GS-1,B-077,186.51554193662912,215
2026-09-01,GS-2,B-092,445.86096215327535,570
2026-09-01,GS-2,B-115,0.0,0
2026-09-01,GS-2,B-116,2522.4006623810797,549
2026-09-01,GS-2,B-091,2992.2421942119213,534
2026-09-01,GS-2,B-090,0.0, 
2026-09-01,GS-2,B-075,0.0,0
2026-09-01,GS-2,B-038,0.0,0
2026-09-01,GS-2,B-46,0.0,0
2026-09-01,GS-2,B-073,0.0,0
2026-09-01,GS-2,B-076,0.0,0
2026-09-01,GS-2,B-137,447.6373006479099,505
2026-09-01,GS-3,B-053,4503.018083898617,510
2026-09-01,GS-3,B-059,0.0,0
2026-09-01,GS-3,B-062,0.0,0
2026-09-01,GS-3,B-063,0.0,0
2026-09-01,GS-3,B-065,2408.7149987244675,239
2026-09-01,GS-3,B-101,0.0,0
2026-09-01,GS-3,B-107,0.0,0
2026-09-01,GS-3,B-110,0.0,0
2026-09-01,GS-3,B-129,0.0,0
2026-09-01,GS-3,B-134,63.94818580684427,295
2026-09-01,GS-4,BN-033,173.1930032268699,483
2026-09-01,GS-4,BN-037,0.0,0
2026-09-01,GS-4,BN-040,133.22538709759223,290
2026-09-01,GS-4,BN-041,173.1930032268699,451
2026-09-01,GS-4,BN-042,932.5777096831456,560
2026-09-01,GS-4,BN-043,226.4831580659068,535
2026-09-01,GS-4,BN-046,0.0,0
2026-09-01,GS-4,BN-049,577.3100107562329,540
2026-09-01,GS-4,B-226,0.0,0
2026-09-01,PLTG,B-120,4285.416618305883,580
2026-09-01,PLTG,B-047,8003.293087576024,470
2026-09-01,PLTG,B-133,1785.220187107736,585
2026-09-01,MGS,B-32,0.0,0
2026-09-02,GS-1,B-050,2353.7598873341435,460
2026-09-02,GS-1,B-061,605.8125372396736,495
2026-09-02,GS-1,B-031,0.0,0
2026-09-02,GS-1,B-074,1061.9537417495455,445
2026-09-02,GS-1,B-020,0.0,0
2026-09-02,GS-1,B-023,1261.5155187226144,500
2026-09-02,GS-1,B-049,93.54458295612608,524
2026-09-02,GS-1,B-057,0.0,0
2026-09-02,GS-1,B-078,178.1801580116687,435
2026-09-02,GS-1,B-079,225.39789988476093,436
2026-09-02,GS-1,B-106,1188.4616539378303,465
2026-09-02,GS-1,B-108,0.0,0
2026-09-02,GS-1,B-045,0.0,0
2026-09-02,GS-1,B-067,748.3566636490086,495
2026-09-02,GS-1,B-052,0.0,0
2026-09-02,GS-1,B-066,708.2661280963831,510
2026-09-02,GS-1,B-069,0.0,0
2026-09-02,GS-1,B-205,0.0,0
2026-09-02,GS-1,B-077,187.08916591225216,215
2026-09-02,GS-2,B-092,447.23219660928845,570
2026-09-02,GS-2,B-115,0.0,0
2026-09-02,GS-2,B-116,2530.1582437656957,549
2026-09-02,GS-2,B-091,3001.4447617065593,534
2026-09-02,GS-2,B-090,0.0,0
2026-09-02,GS-2,B-075,0.0,0
2026-09-02,GS-2,B-038,0.0,0
2026-09-02,GS-2,B-46,0.0,0
2026-09-02,GS-2,B-073,0.0,0
2026-09-02,GS-2,B-076,0.0,0
2026-09-02,GS-2,B-137,449.01399818940513,505
2026-09-02,GS-3,B-053,4516.867005595802,510
2026-09-02,GS-3,B-059,0.0,0
2026-09-02,GS-3,B-062,0.0,0
2026-09-02,GS-3,B-063,0.0,0
2026-09-02,GS-3,B-065,2416.122942638228,239
2026-09-02,GS-3,B-101,0.0,0
2026-09-02,GS-3,B-107,0.0,0
2026-09-02,GS-3,B-110,0.0,0
2026-09-02,GS-3,B-129,0.0,0
2026-09-02,GS-3,B-134,64.14485688420073,295
2026-09-02,GS-4,BN-033,173.72565406137699,483
2026-09-02,GS-4,BN-037,0.0,0
2026-09-02,GS-4,BN-040,133.63511850875153,290
2026-09-02,GS-4,BN-041,173.72565406137699,451
2026-09-02,GS-4,BN-042,935.4458295612608,560
2026-09-02,GS-4,BN-043,227.1797014648776,535
2026-09-02,GS-4,BN-046,0.0,0
2026-09-02,GS-4,BN-049,579.0855135379234,540
2026-09-02,GS-4,B-226,0.0,0
2026-09-02,PLTG,B-120,4298.596312031507,580
2026-09-02,PLTG,B-047,8027.907019215734,470
2026-09-02,PLTG,B-133,1790.7105880172705,585
2026-09-02,MGS,B-32,0.0,0
2026-09-03,GS-1,B-050,2415.7410180213824,460
2026-09-03,GS-1,B-061,621.7652885142089,495
2026-09-03,GS-1,B-031,0.0,0
2026-09-03,GS-1,B-074,1089.9179763366722,445
2026-09-03,GS-1,B-020,0.0,0
2026-09-03,GS-1,B-023,1294.7347772589997,500
2026-09-03,GS-1,B-049,96.00787543234108,524
2026-09-03,GS-1,B-057,0.0,0
2026-09-03,GS-1,B-078,182.87214368064969,435
2026-09-03,GS-1,B-079,231.33326175602184,436
2026-09-03,GS-1,B-106,1219.7571983499333,465
2026-09-03,GS-1,B-108,0.0,0
2026-09-03,GS-1,B-045,0.0,0
2026-09-03,GS-1,B-067,768.0630034587286,495
2026-09-03,GS-1,B-052,0.0,0
2026-09-03,GS-1,B-066,726.9167711305824,510
2026-09-03,GS-1,B-069,0.0,0
2026-09-03,GS-1,B-205,0.0,0
2026-09-03,GS-1,B-077,192.01575086468216,215
2026-09-03,GS-2,B-092,459.0090806384307,570
2026-09-03,GS-2,B-115,0.0,0
2026-09-03,GS-2,B-116,2596.7844402652254,549
2026-09-03,GS-2,B-091,3080.481260300544,534
2026-09-03,GS-2,B-090,0.0, 
2026-09-03,GS-2,B-075,0.0,0
2026-09-03,GS-2,B-038,0.0,0
2026-09-03,GS-2,B-46,0.0,0
2026-09-03,GS-2,B-073,0.0,0
2026-09-03,GS-2,B-076,0.0,0
2026-09-03,GS-2,B-137,460.83780207523716,505
2026-09-03,GS-3,B-053,4635.808842304469,510
2026-09-03,GS-3,B-059,0.0,0
2026-09-03,GS-3,B-062,0.0,0
2026-09-03,GS-3,B-063,0.0,0
2026-09-03,GS-3,B-065,2479.7462683096096,239
2026-09-03,GS-3,B-101,0.0,0
2026-09-03,GS-3,B-107,0.0,0
2026-09-03,GS-3,B-110,0.0,0
2026-09-03,GS-3,B-129,0.0,0
2026-09-03,GS-3,B-134,65.83397172503389,295
2026-09-03,GS-4,BN-033,178.30034008863345,483
2026-09-03,GS-4,BN-037,0.0,0
2026-09-03,GS-4,BN-040,137.15410776048725,290
2026-09-03,GS-4,BN-041,178.30034008863345,451
2026-09-03,GS-4,BN-042,960.0787543234109,560
2026-09-03,GS-4,BN-043,233.16198319282833,535
2026-09-03,GS-4,BN-046,0.0,0
2026-09-03,GS-4,BN-049,594.3344669621115,540
2026-09-03,GS-4,B-226,0.0,0
2026-09-03,PLTG,B-120,4411.7904662956735,580
2026-09-03,PLTG,B-047,8239.304433531672,470
2026-09-03,PLTG,B-133,1837.8650439905293,585
2026-09-03,MGS,B-32,0.0,0
2026-09-04,GS-1,B-050,2439.9109501590174,460
2026-09-04,GS-1,B-061,627.9861643104209,495
2026-09-04,GS-1,B-031,0.0,0
2026-09-04,GS-1,B-074,1100.8228056735613,445
2026-09-04,GS-1,B-020,0.0,0
2026-09-04,GS-1,B-023,1307.688836269935,500
2026-09-04,GS-1,B-049,96.96845184205029,524
2026-09-04,GS-1,B-057,0.0,0
2026-09-04,GS-1,B-078,184.70181303247674,435
2026-09-04,GS-1,B-079,233.64779348608306,436
2026-09-04,GS-1,B-106,1231.9610929266198,465
2026-09-04,GS-1,B-108,0.0,0
2026-09-04,GS-1,B-045,0.0,0
2026-09-04,GS-1,B-067,775.7476147364023,495
2026-09-04,GS-1,B-052,0.0,0
2026-09-04,GS-1,B-066,734.189706804095,510
2026-09-04,GS-1,B-069,0.0,0
2026-09-04,GS-1,B-205,0.0,0
2026-09-04,GS-1,B-077,193.93690368410057,215
2026-09-04,GS-2,B-092,463.60155071151655,570
2026-09-04,GS-2,B-115,0.0,0
2026-09-04,GS-2,B-116,2622.7657450611696,549
2026-09-04,GS-2,B-091,3111.3020405320704,534
2026-09-04,GS-2,B-090,0.0, 
2026-09-04,GS-2,B-075,0.0,0
2026-09-04,GS-2,B-038,0.0,0
2026-09-04,GS-2,B-46,0.0,0
2026-09-04,GS-2,B-073,0.0,0
2026-09-04,GS-2,B-076,0.0,0
2026-09-04,GS-2,B-137,465.44856884184134,505
2026-09-04,GS-3,B-053,4682.190960373285,510
2026-09-04,GS-3,B-059,0.0,0
2026-09-04,GS-3,B-062,0.0,0
2026-09-04,GS-3,B-063,0.0,0
2026-09-04,GS-3,B-065,2504.5565847203843,239
2026-09-04,GS-3,B-101,0.0,0
2026-09-04,GS-3,B-107,0.0,0
2026-09-04,GS-3,B-110,0.0,0
2026-09-04,GS-3,B-129,0.0,0
2026-09-04,GS-3,B-134,66.49265269169162,295
2026-09-04,GS-4,BN-033,180.0842677066648,483
2026-09-04,GS-4,BN-037,0.0,0
2026-09-04,GS-4,BN-040,138.52635977435753,290
2026-09-04,GS-4,BN-041,180.0842677066648,451
2026-09-04,GS-4,BN-042,969.6845184205029,560
2026-09-04,GS-4,BN-043,235.49481161640782,535
2026-09-04,GS-4,BN-046,0.0,0
2026-09-04,GS-4,BN-049,600.2808923555493,540
2026-09-04,GS-4,B-226,0.0,0
2026-09-04,PLTG,B-120,4455.931239408501,580
2026-09-04,PLTG,B-047,8321.740186178238,470
2026-09-04,PLTG,B-133,1856.253220976391,585
2026-09-04,MGS,B-32,0.0,0
2026-09-05,GS-1,B-050,2725.8554444037077,460
2026-09-05,GS-1,B-061,701.5827790289634,495
2026-09-05,GS-1,B-031,0.0,0
2026-09-05,GS-1,B-074,1229.8333420625358,445
2026-09-05,GS-1,B-020,0.0,0
2026-09-05,GS-1,B-023,1460.942963389724,500
2026-09-05,GS-1,B-049,108.33263499711936,524
2026-09-05,GS-1,B-057,0.0,0
2026-09-05,GS-1,B-078,206.34787618498925,435
2026-09-05,GS-1,B-079,261.0300633740114,436
2026-09-05,GS-1,B-106,1376.3403341538783,465
2026-09-05,GS-1,B-108,0.0,0
2026-09-05,GS-1,B-045,0.0,0
2026-09-05,GS-1,B-067,866.6610799769549,495
2026-09-05,GS-1,B-052,0.0,0
2026-09-05,GS-1,B-066,820.2328078353322,510
2026-09-05,GS-1,B-069,0.0,0
2026-09-05,GS-1,B-205,0.0,0
2026-09-05,GS-1,B-077,216.6652699942387,215
2026-09-05,GS-2,B-092,517.933169224323,570
2026-09-05,GS-2,B-115,0.0,0
2026-09-05,GS-2,B-116,2930.1398418268473,549
2026-09-05,GS-2,B-091,3475.929974336144,534
2026-09-05,GS-2,B-090,0.0,0
2026-09-05,GS-2,B-075,0.0,0
2026-09-05,GS-2,B-038,0.0,0
2026-09-05,GS-2,B-46,0.0,0
2026-09-05,GS-2,B-073,0.0,0
2026-09-05,GS-2,B-076,0.0,0
2026-09-05,GS-2,B-137,519.9966479861729,505
2026-09-05,GS-3,B-053,0.0,0
2026-09-05,GS-3,B-059,0.0,0
2026-09-05,GS-3,B-062,0.0,0
2026-09-05,GS-3,B-063,0.0,0
2026-09-05,GS-3,B-065,2798.077201068454,239
2026-09-05,GS-3,B-101,0.0,0
2026-09-05,GS-3,B-107,0.0,0
2026-09-05,GS-3,B-110,184.68134918556538,550
2026-09-05,GS-3,B-129,0.0,0
2026-09-05,GS-3,B-134,74.28523542659613,295
2026-09-05,GS-4,BN-033,201.1891792803645,483
2026-09-05,GS-4,BN-037,0.0,0
2026-09-05,GS-4,BN-040,154.76090713874194,290
2026-09-05,GS-4,BN-041,201.1891792803645,451
2026-09-05,GS-4,BN-042,1083.3263499711936,560
2026-09-05,GS-4,BN-043,263.0935421358613,535
2026-09-05,GS-4,BN-046,0.0,0
2026-09-05,GS-4,BN-049,670.6305976012151,540
2026-09-05,GS-4,B-226,0.0,0
2026-09-05,PLTG,B-120,4978.142512962865,580
2026-09-05,PLTG,B-047,9297.00356151469,470
2026-09-05,PLTG,B-133,2073.7961556591417,585
2026-09-05,MGS,B-32,0.0,0
2026-09-06,GS-1,B-050,2691.2241375534013,460
2026-09-06,GS-1,B-061,692.669346531534,495
2026-09-06,GS-1,B-031,0.0,0
2026-09-06,GS-1,B-074,1214.2086192141007,445
2026-09-06,GS-1,B-020,0.0,0
2026-09-06,GS-1,B-023,1442.3820510127237,500
2026-09-06,GS-1,B-049,106.95629615560452,524
2026-09-06,GS-1,B-057,0.0,0
2026-09-06,GS-1,B-078,203.72627839162766,435
2026-09-06,GS-1,B-079,257.713742165409,436
2026-09-06,GS-1,B-106,1358.8542768721563,465
2026-09-06,GS-1,B-108,0.0,0
2026-09-06,GS-1,B-045,0.0,0
2026-09-06,GS-1,B-067,855.6503692448362,495
2026-09-06,GS-1,B-052,0.0,0
2026-09-06,GS-1,B-066,809.81195660672,510
2026-09-06,GS-1,B-069,0.0,0
2026-09-06,GS-1,B-205,0.0,0
2026-09-06,GS-1,B-077,213.91259231120904,215
2026-09-06,GS-2,B-092,511.3529587629854,570
2026-09-06,GS-2,B-115,0.0,0
2026-09-06,GS-2,B-116,2892.9131531611124,549
2026-09-06,GS-2,B-091,3431.7691595069678,534
2026-09-06,GS-2,B-090,0.0, 
2026-09-06,GS-2,B-075,0.0,0
2026-09-06,GS-2,B-038,0.0,0
2026-09-06,GS-2,B-46,0.0,0
2026-09-06,GS-2,B-073,0.0,0
2026-09-06,GS-2,B-076,0.0,0
2026-09-06,GS-2,B-137,513.3902215469017,505
2026-09-06,GS-3,B-053,0.0,0
2026-09-06,GS-3,B-059,0.0,0
2026-09-06,GS-3,B-062,0.0,0
2026-09-06,GS-3,B-063,0.0,0
2026-09-06,GS-3,B-065,2762.5283349904707,239
2026-09-06,GS-3,B-101,0.0,0
2026-09-06,GS-3,B-107,0.0,0
2026-09-06,GS-3,B-110,182.33501916050673,550
2026-09-06,GS-3,B-129,0.0,0
2026-09-06,GS-3,B-134,73.34146022098595,295
2026-09-06,GS-4,BN-033,198.63312143183697,483
2026-09-06,GS-4,BN-037,0.0,0
2026-09-06,GS-4,BN-040,152.79470879372073,290
2026-09-06,GS-4,BN-041,198.63312143183697,451
2026-09-06,GS-4,BN-042,1069.5629615560451,560
2026-09-06,GS-4,BN-043,259.75100494932525,535
2026-09-06,GS-4,BN-046,0.0,0
2026-09-06,GS-4,BN-049,662.1104047727898,540
2026-09-06,GS-4,B-226,0.0,0
2026-09-06,PLTG,B-120,4914.896466198017,580
2026-09-06,PLTG,B-047,9178.887472934784,470
2026-09-06,PLTG,B-133,2047.4490978358579,585
2026-09-06,MGS,B-32,0.0,0
